Monthly Income,Utilities,Food,Transportation,Healthcare,Personal Care,Education,Entertainment,Savings,Others
9270,3073.36,2700.9,1276.04,487.63,642.27,1061.91,594.51,677.7,401.69
9603,3099.68,2722.73,962.45,598.19,610.85,1057.16,489.05,465.94,432.4
2860,926.93,842.9,329.89,156.17,187.1,392.86,199.8,208.65,117.29
7390,2497.0,1868.63,925.21,440.34,493.03,873.08,470.31,445.96,331.03
7226,2269.66,2022.18,858.82,368.69,456.53,928.31,501.34,371.97,305.12
7191,2271.65,2002.35,829.65,457.44,407.05,791.05,455.65,303.74,348.07
5772,1998.45,1453.3,816.98,351.09,306.65,754.31,316.57,351.27,272.08
5092,1541.91,1403.74,747.21,320.53,278.76,562.16,348.94,282.14,237.46
7734,2507.99,2169.2,1111.26,429.3,516.7,837.93,483.63,439.69,369.78
8265,2856.71,2145.3,1042.39,459.3,528.31,986.23,508.45,363.58,354.88
2466,815.06,650.2,355.62,162.82,145.78,344.01,144.46,158.71,109.83
7334,2400.57,2068.32,1071.08,472.1,371.01,798.14,408.44,182.47,299.71
6426,2008.04,1756.97,774.09,395.81,355.51,680.2,389.42,408.5,261.4
7578,2403.47,2219.6,865.2,474.1,489.37,769.79,434.38,483.82,328.06
8231,2819.96,2198.66,863.54,427.03,495.9,994.29,552.14,419.42,396.96
5444,1785.42,1433.58,674.81,365.42,319.62,621.17,275.34,194.88,250.3
5171,1684.39,1547.39,761.77,338.17,290.99,592.62,313.37,264.53,228.79
4919,1500.19,1453.84,629.86,304.04,305.66,733.41,328.25,134.71,244.33
9831,2957.18,2472.0,1311.24,672.16,681.56,1078.52,496.98,364.81,436.71
2130,741.63,614.58,225.02,113.68,144.89,261.82,118.53,96.44,95.19
3685,1174.96,941.58,394.94,234.86,186.5,550.24,188.05,222.55,183.97
9476,3128.6,2382.02,1167.67,656.3,564.95,962.11,586.57,295.96,391.49
2769,841.74,730.14,408.6,155.62,156.7,373.35,155.99,81.66,117.84
4391,1467.28,1156.88,518.31,220.89,264.39,520.57,303.83,247.95,195.54
7611,2638.19,2214.54,1095.03,492.41,472.83,1105.92,474.36,462.54,347.92
9581,3150.07,2735.7,1015.72,480.39,517.38,1394.97,586.7,239.71,397.43
8949,2741.13,2676.47,1170.98,603.62,587.34,1068.16,611.62,196.79,387.39
4433,1458.84,1265.96,576.43,226.64,263.77,492.39,241.47,127.8,187.08
7311,2473.44,1980.64,1045.43,461.0,510.6,887.56,447.76,541.46,354.58
7051,2258.58,2009.16,706.27,405.74,356.09,1045.42,429.09,425.59,340.89
8420,2896.41,2525.77,921.96,455.24,452.95,960.47,434.83,633.7,356.99
3184,1058.47,909.05,353.37,216.4,203.12,474.63,218.55,190.67,141.21
6555,2261.23,1888.39,966.85,425.58,418.89,924.06,419.55,510.73,304.92
5385,1783.38,1598.9,579.88,305.92,331.95,610.51,364.9,249.51,217.99
6117,1875.25,1564.01,623.0,340.61,424.76,853.65,426.05,342.22,298.73
8396,2648.81,2394.87,1063.97,543.39,489.54,860.51,500.34,470.77,378.75
6843,2121.94,2001.85,865.15,456.64,399.23,871.82,452.14,138.15,289.22
4904,1694.04,1460.01,697.36,315.41,334.5,578.02,301.85,106.16,215.62
9728,3288.26,2534.62,1434.33,610.92,591.16,1180.46,676.51,279.35,476.83
2474,825.87,680.84,314.02,134.98,141.2,305.89,135.93,125.35,99.57
3082,970.98,875.37,451.51,206.67,198.42,385.67,154.95,141.25,127.68
4558,1409.34,1195.9,621.06,296.24,284.39,605.4,244.85,238.77,191.11
9849,3327.21,2757.95,1115.18,594.34,552.81,1328.03,517.67,670.02,399.88
4047,1310.05,1063.87,592.57,243.76,226.46,602.13,237.72,280.6,171.0
9643,3001.76,2571.53,1286.11,591.92,558.45,1332.07,497.08,758.14,464.52
4747,1570.46,1291.54,572.99,315.99,244.15,637.95,258.26,253.74,214.9
2975,898.5,822.47,398.69,192.91,204.84,355.88,154.48,121.48,137.01
3806,1203.87,1037.01,456.97,255.48,204.23,403.02,227.35,146.46,158.17
2189,707.98,601.23,231.4,131.66,117.94,225.33,121.13,88.53,93.65
9101,2797.63,2411.12,1237.27,568.75,572.82,1127.47,540.78,358.85,447.54
4734,1653.27,1221.13,668.46,317.61,305.27,631.58,245.12,206.28,199.32
5005,1553.83,1263.1,682.88,273.51,324.01,663.2,301.99,122.59,245.58
6658,2040.79,1729.74,742.07,392.03,382.84,983.01,350.22,386.2,310.48
3899,1209.38,1088.2,576.4,243.35,263.05,464.45,202.7,210.87,175.56
9734,3294.5,2816.1,985.69,664.86,592.61,1278.94,547.05,464.48,406.29
3267,1049.61,844.4,381.04,164.38,192.01,471.73,220.48,81.24,152.69
8975,2946.23,2292.46,1014.22,486.91,594.21,1078.83,590.29,229.69,438.55
3528,1062.11,1014.17,361.29,192.94,193.59,437.07,244.08,185.95,146.76
5202,1569.56,1379.87,625.73,294.08,349.59,760.27,307.98,115.46,208.4
5556,1790.65,1653.33,728.7,309.11,337.67,708.46,312.52,352.74,263.36
5890,2007.5,1682.87,848.91,364.02,400.53,824.49,408.87,469.0,270.97
2646,910.92,704.73,395.54,179.17,142.97,388.38,152.5,147.76,119.15
8164,2484.59,2159.19,1146.26,512.21,561.04,1049.51,409.69,517.65,363.79
4888,1597.98,1349.99,603.35,268.01,311.65,515.49,324.57,226.49,219.84
8310,2872.45,2110.38,1131.7,559.06,518.27,1172.42,443.62,498.97,363.53
7393,2361.31,1891.75,1051.15,463.1,432.06,1041.59,475.8,436.98,301.81
4435,1514.46,1147.75,546.68,241.17,306.58,469.0,223.09,307.99,211.8
2600,797.38,750.71,362.06,148.81,153.08,331.26,135.77,162.97,116.16
4363,1512.96,1202.85,541.59,287.08,261.65,542.56,260.35,283.35,210.51
4061,1370.88,1017.4,484.58,263.07,266.52,578.12,208.56,216.85,202.33
2241,777.78,635.72,283.05,137.89,124.82,254.87,151.88,109.97,93.49
4041,1349.01,1095.86,540.66,213.75,225.61,490.23,262.65,192.04,193.7
4824,1534.85,1329.22,657.72,318.7,316.0,628.28,272.86,209.94,240.12
9513,3300.15,2480.09,1120.98,534.16,500.11,1197.33,589.33,342.1,449.44
4612,1447.15,1280.24,592.95,301.77,306.51,681.43,296.6,101.46,195.82
9041,2862.46,2702.88,1315.41,569.14,565.09,1338.37,588.64,544.86,442.69
3363,1126.74,853.1,500.47,185.92,204.41,350.02,194.76,249.06,161.2
8235,2785.62,2175.65,917.07,446.73,449.48,946.14,559.78,624.45,366.4
7486,2593.68,1962.45,820.78,393.9,492.04,751.42,515.3,410.49,342.3
9099,2822.87,2387.83,1217.76,498.98,601.44,1100.01,490.57,233.37,429.65
3478,1182.17,935.36,419.91,184.88,207.49,462.95,237.29,252.92,143.45
9595,3232.82,2791.24,971.12,598.16,554.43,1185.6,616.51,622.38,472.74
4556,1381.33,1346.95,534.62,282.36,250.23,470.9,308.73,159.85,227.23
2775,886.23,721.81,389.44,171.28,180.61,304.69,162.32,189.29,120.17
6014,1889.23,1666.77,841.19,377.91,377.61,653.51,380.23,290.6,283.57
2034,641.17,573.27,253.71,134.85,110.11,255.38,111.28,149.0,89.93
8349,2915.03,2305.09,1032.18,570.0,550.11,1117.8,542.87,291.02,336.28
5152,1711.18,1399.82,664.48,281.34,348.5,596.69,317.54,350.62,255.47
3955,1328.42,1026.71,438.89,244.24,202.44,421.3,235.79,248.04,163.83
3585,1250.56,983.76,452.79,184.87,234.63,501.65,228.92,74.81,146.09
5943,1894.99,1604.97,597.58,311.43,398.51,849.36,362.8,319.73,287.47
9555,3249.58,2768.83,1182.7,602.79,667.23,1087.59,624.01,601.32,385.44
5073,1632.12,1461.94,592.54,303.02,277.76,614.02,340.75,149.07,237.82
3021,1037.64,775.49,404.04,196.87,173.47,314.48,199.42,156.83,148.94
5461,1687.63,1389.42,720.4,319.54,378.58,608.27,306.64,208.85,240.62
4613,1602.48,1362.72,549.14,242.42,239.32,638.21,320.71,284.97,187.67
7225,2246.53,1999.7,725.13,487.26,436.93,854.43,455.14,378.65,304.77
5843,1848.21,1711.36,658.0,301.84,351.37,760.96,329.95,334.73,289.13
9989,3374.38,2526.29,1315.23,537.2,620.63,1471.47,507.96,243.26,446.05
3500,1118.91,967.14,362.67,194.39,198.16,476.64,244.17,98.94,158.95
6798,2246.13,1882.85,716.39,475.22,465.79,833.93,421.34,361.15,282.53
8545,2753.44,2503.98,1130.95,498.49,473.4,1011.25,466.14,263.79,420.24
8873,2991.25,2261.55,1222.6,532.68,558.94,971.83,530.8,442.95,400.8
7675,2390.12,2011.02,890.89,501.9,459.87,1057.67,444.77,471.26,347.59
2161,654.62,584.18,269.01,135.56,119.58,228.25,149.17,148.21,98.89
6297,1983.53,1846.86,927.46,420.82,338.63,649.03,376.9,179.97,300.2
3981,1288.71,1182.13,586.31,237.78,275.21,418.97,237.64,256.83,167.32
2995,923.66,897.41,345.55,207.98,183.37,335.88,197.35,125.16,148.02
8413,2673.15,2506.73,1182.02,554.72,522.31,1105.1,486.42,510.97,351.28
6911,2211.51,1729.8,896.34,401.03,453.76,988.73,372.71,198.46,290.08
5342,1617.93,1348.24,794.75,307.84,275.78,799.33,349.2,271.96,214.34
6551,2156.36,1686.1,811.54,449.33,421.07,894.7,446.79,460.23,263.33
9629,3314.47,2575.21,1335.88,613.25,513.25,1033.18,490.26,254.07,426.45
5798,1783.39,1690.09,802.48,361.96,375.77,660.31,389.61,403.89,242.53
3275,1080.39,964.92,408.95,213.39,173.01,349.11,192.43,154.47,137.94
3016,1005.04,782.17,421.58,184.63,201.02,319.03,168.24,209.3,150.44
9869,3167.62,2773.02,1115.71,524.87,627.87,1267.05,501.18,764.88,486.47
8439,2827.53,2496.83,895.48,475.83,487.08,1226.49,456.64,249.62,364.77
9892,3170.75,2702.36,1199.49,604.98,565.59,1327.67,560.45,598.21,429.63
8863,2882.53,2261.64,1304.47,446.37,469.55,1241.11,455.68,302.28,380.41
9916,2978.45,2705.98,1239.87,582.54,675.09,1243.51,533.24,278.97,484.12
2337,781.93,628.16,307.93,152.18,122.39,289.24,151.29,134.81,95.78
2878,958.57,802.62,377.62,153.35,171.07,422.7,183.44,76.21,131.93
3076,928.71,836.47,327.99,157.77,168.35,418.64,201.16,147.37,128.77
6887,2192.91,1727.72,823.1,459.5,481.58,846.87,367.11,400.53,327.69
5993,2091.27,1796.1,811.13,373.64,369.87,698.96,304.81,299.52,277.56
8360,2683.87,2317.2,1242.29,447.52,443.01,874.93,496.35,516.85,366.82
6859,2229.84,1877.18,743.52,453.56,434.53,967.46,389.97,466.99,281.09
8331,2878.33,2480.4,1004.07,526.21,581.77,903.63,545.97,602.62,397.17
2379,799.02,613.29,249.21,134.85,147.74,299.16,144.59,127.5,96.99
2492,820.13,646.58,279.4,143.35,147.4,328.6,171.01,91.2,106.5
9208,3129.71,2674.01,1094.26,489.11,514.41,1263.37,471.67,465.74,391.68
7276,2497.26,1913.89,924.29,485.35,377.21,757.92,416.72,314.77,333.13
4062,1311.39,1177.82,453.03,244.45,221.64,408.37,236.02,136.3,183.35
5884,1904.98,1550.89,655.35,359.75,359.35,796.11,309.01,304.46,251.82
2064,659.04,519.42,286.67,139.67,134.32,253.29,127.27,44.09,91.44
4568,1591.2,1260.09,676.67,229.85,308.61,498.17,232.07,257.33,202.65
7463,2499.05,1939.14,867.06,383.14,491.62,1112.74,479.53,517.16,341.32
7248,2204.56,2086.64,974.13,385.82,380.59,1011.59,367.83,579.59,355.02
4027,1381.86,1135.86,454.66,203.77,263.64,519.18,271.7,303.24,166.8
4695,1521.31,1390.57,687.34,296.55,289.36,634.32,240.86,119.2,213.98
3495,1060.51,1010.58,467.09,219.06,207.54,376.59,206.65,103.96,140.44
9230,3022.69,2390.93,1293.44,500.41,567.23,1367.07,490.18,261.38,433.65
7258,2328.79,2104.88,743.71,384.59,364.07,1087.38,382.22,388.31,336.8
7618,2619.73,2148.94,989.77,403.1,391.22,1008.79,490.78,173.36,357.59
8736,2709.9,2476.2,1104.06,603.35,528.68,1165.52,572.08,665.85,390.93
2391,816.1,697.25,274.13,152.71,127.85,323.32,154.9,56.69,100.11
7794,2555.53,2172.12,881.67,480.96,474.74,1038.86,452.67,338.84,346.68
6514,1971.99,1780.28,840.31,367.71,371.85,794.23,454.78,479.68,262.1
8432,2939.33,2376.41,1141.05,494.63,574.63,1071.15,478.93,648.44,369.44
6474,2108.13,1714.95,658.14,335.28,446.67,738.92,355.46,310.22,313.25
7892,2482.38,2045.05,1013.1,552.15,549.25,965.53,551.89,389.12,342.4
5561,1798.82,1561.69,603.5,362.03,378.03,677.36,386.74,323.49,255.35
4278,1466.9,1119.52,457.82,267.07,298.25,489.43,264.54,190.19,182.29
9161,2887.96,2326.86,1201.52,565.74,587.43,1276.45,496.35,361.67,378.74
8184,2534.04,2046.23,945.61,491.75,566.42,986.04,448.24,526.77,369.99
5099,1562.61,1429.84,622.3,281.2,320.4,650.56,308.07,284.12,205.78
8278,2606.68,2219.39,976.8,451.38,547.87,892.41,542.39,404.8,405.99
2200,745.81,632.75,291.32,134.18,115.8,272.25,113.41,57.3,105.1
7959,2575.38,2139.05,982.98,409.12,506.61,1098.92,507.41,192.06,397.78
6875,2140.7,1885.81,1018.69,353.99,471.78,840.31,357.93,348.21,343.28
9073,2797.29,2452.92,1067.16,555.42,551.65,1160.32,606.82,518.67,429.06
5104,1616.11,1442.03,699.32,349.09,274.27,689.48,309.52,303.44,243.8
9215,3197.57,2467.84,1040.05,629.25,557.86,1100.72,643.15,679.08,417.26
6598,2092.56,1967.45,827.64,331.33,423.19,776.35,429.26,455.09,278.34
4454,1556.26,1321.98,568.46,232.27,291.27,464.49,266.99,126.7,214.17
5645,1830.46,1650.61,657.39,348.08,341.38,728.85,298.19,381.97,241.02
7847,2424.39,2322.83,969.8,525.51,426.46,1062.08,477.47,475.36,364.88
2804,966.14,763.97,319.55,193.73,192.17,361.89,146.62,195.39,132.65
8242,2662.31,2281.56,826.67,553.96,539.62,941.04,561.31,581.9,376.19
4731,1587.17,1358.29,524.11,300.67,262.16,535.16,258.32,192.7,220.59
7991,2790.34,2275.9,1078.81,431.6,529.29,862.82,537.85,286.05,343.05
4773,1443.87,1405.81,661.29,245.58,271.86,488.51,267.66,253.72,227.22
3570,1088.26,1020.37,407.02,181.89,200.81,433.2,194.34,135.36,176.48
7056,2370.98,2116.05,849.56,439.18,474.6,762.23,395.73,289.16,316.39
9906,3111.39,2649.11,1009.11,502.47,668.31,1332.75,635.48,239.23,408.22
8756,2707.49,2553.69,979.39,567.26,507.58,1296.65,529.78,695.94,404.5
7581,2289.22,2159.69,1053.46,487.07,380.4,785.95,395.34,292.31,329.12
4690,1412.12,1334.63,611.1,241.97,252.0,678.4,247.36,313.31,207.26
5840,1978.15,1555.14,644.08,397.89,398.21,776.05,336.21,464.8,242.45
3028,928.75,875.94,341.78,183.01,205.83,433.05,171.9,236.63,140.07
9385,3034.98,2768.75,1321.78,639.01,554.34,1011.21,629.12,544.64,449.28
2502,826.4,652.84,276.36,170.22,140.32,363.6,153.74,130.9,119.26
8910,2863.83,2506.16,1039.87,480.61,499.45,1317.73,478.77,343.54,444.95
6493,1956.7,1750.56,864.98,374.07,441.16,943.66,328.33,465.49,273.5
2870,973.43,859.5,367.52,151.23,162.14,399.72,149.38,115.6,141.04
8938,2686.1,2448.49,1099.76,585.44,538.35,934.16,572.11,235.99,423.0
6488,2193.56,1696.07,940.68,389.82,419.26,720.41,434.32,244.25,305.42
2206,760.33,593.62,244.83,151.28,119.54,321.32,144.83,85.83,103.32
7134,2294.59,2016.72,977.86,386.41,392.92,795.24,469.4,450.22,323.77
7977,2606.7,2024.6,861.14,508.67,455.98,936.39,440.48,240.69,349.28
9721,3148.14,2723.63,1271.38,678.38,613.24,996.63,678.35,379.23,480.54
9035,2886.32,2679.43,1296.8,571.98,599.47,1187.24,467.36,222.22,375.05
3484,1199.79,1019.13,428.17,178.99,212.29,446.53,231.41,247.03,145.49
9858,3398.02,2497.86,1342.8,608.91,519.11,1459.86,511.99,625.85,395.97
9742,3086.18,2919.38,1373.81,522.14,574.05,1408.86,539.23,450.56,461.71
2863,946.95,815.77,305.77,144.9,150.46,358.73,171.52,131.13,140.11
4790,1658.99,1236.37,648.05,271.59,247.96,624.94,244.61,143.62,200.51
9408,3274.95,2357.84,1373.49,520.47,581.34,1135.17,544.57,405.19,379.56
2563,834.12,662.7,330.16,168.58,177.17,273.27,146.1,190.71,108.78
7116,2295.92,2077.22,777.82,408.98,475.01,1020.36,447.91,201.52,347.52
6191,1943.57,1554.45,658.4,400.3,405.45,789.21,398.45,408.0,248.64
8019,2790.16,2098.23,906.04,403.55,517.56,972.46,415.46,183.08,328.87
3757,1153.93,1081.51,395.14,188.96,255.26,388.56,190.71,145.4,151.22
8628,2838.54,2409.85,1084.28,436.46,561.31,1149.85,565.29,611.0,426.49
9574,3007.46,2768.2,990.77,520.7,598.73,1148.72,579.8,447.1,395.93
8374,2629.02,2405.91,930.94,481.34,479.78,943.62,508.24,520.54,410.36
8892,2847.65,2245.5,1084.78,552.7,462.55,1279.0,619.01,233.08,397.78
3678,1287.08,1083.63,454.95,256.42,217.81,401.57,216.1,224.38,161.64
5242,1587.01,1370.01,672.39,299.26,359.05,659.19,282.67,362.44,232.04
6636,2182.76,1842.62,897.72,339.19,409.19,927.63,422.13,453.34,293.22
3059,930.33,863.29,313.12,164.87,164.24,435.77,202.85,141.73,132.81
8668,2667.37,2240.08,901.74,589.05,545.91,1221.63,520.49,643.59,417.0
7279,2343.68,2175.05,750.05,465.77,431.71,1054.23,464.66,396.69,328.14
3722,1211.6,1021.35,450.95,244.92,255.43,398.69,224.36,257.09,185.76
5314,1662.96,1343.82,542.52,278.9,282.8,781.28,308.99,174.34,240.07
5157,1628.7,1530.92,708.08,271.77,331.29,518.49,261.39,168.19,248.49
7915,2408.92,2210.77,879.75,413.52,503.65,892.77,423.25,516.55,375.57
4625,1457.62,1317.94,679.69,310.54,322.23,481.93,275.63,271.94,203.55
4729,1647.24,1306.43,587.91,256.31,289.88,696.47,273.95,286.48,226.45
8700,3020.95,2538.11,1064.15,546.91,586.65,1054.41,581.66,297.49,361.48
3597,1139.33,905.21,500.08,216.98,181.63,416.4,187.65,158.19,151.19
5060,1662.43,1332.9,686.43,308.09,265.44,548.27,258.07,179.64,233.72
4693,1621.34,1283.45,611.81,252.99,267.12,505.86,242.83,113.04,221.11
6891,2069.43,1749.14,1011.3,432.1,429.91,900.63,438.0,222.14,320.01
7147,2433.8,2039.01,865.59,363.51,421.54,731.53,442.32,569.69,322.29
7739,2688.67,2087.08,1086.76,540.72,418.32,1003.88,484.81,263.46,320.21
5627,1713.79,1483.47,669.64,284.36,347.66,780.65,299.01,166.32,246.06
3363,1036.05,841.32,477.27,171.52,206.27,437.36,202.88,207.88,154.86
9965,3468.19,2849.91,1125.78,562.95,602.77,1408.34,651.25,559.32,421.13
3981,1301.3,1161.22,455.68,265.26,206.26,450.9,253.5,257.81,184.63
7450,2240.29,2009.65,997.51,410.82,510.63,773.75,437.86,441.19,315.45
3663,1146.09,1019.09,405.26,217.72,226.54,498.35,190.73,122.27,150.1
3529,1138.09,922.43,393.33,177.72,195.08,499.02,237.9,176.64,152.61
4038,1351.3,1135.12,465.43,208.27,257.42,505.09,244.4,123.56,172.53
9515,3203.3,2384.52,1274.5,591.45,536.25,1341.91,645.05,335.04,457.71
7592,2655.46,2083.49,1096.81,409.11,456.41,933.03,446.21,601.4,340.4
5302,1666.82,1496.28,709.03,338.72,301.27,582.83,290.23,337.85,215.48
4237,1385.12,1253.77,599.07,278.4,286.45,524.2,237.9,283.76,204.04
9392,3068.05,2527.08,1194.46,629.33,656.31,1040.61,548.15,204.78,400.92
7504,2403.4,2163.1,776.26,395.28,399.39,927.51,467.38,322.13,342.77
7496,2312.2,2098.01,787.25,443.09,378.33,804.9,490.08,399.65,340.43
3306,1153.37,979.74,422.24,227.92,179.8,361.27,181.34,95.81,164.36
6029,2065.93,1627.34,701.72,394.55,372.59,869.05,324.09,427.53,256.53
8776,2851.47,2334.02,974.39,459.33,469.33,928.44,474.37,249.03,363.78
4675,1543.51,1376.12,576.49,280.73,309.62,519.92,321.13,272.04,199.08
7068,2200.71,1784.4,942.34,483.79,411.17,1058.62,376.58,375.96,323.46
7864,2573.02,2019.63,937.78,462.41,489.22,1012.89,447.58,558.02,331.67
3282,1098.64,834.02,459.9,219.07,194.01,424.33,195.99,127.04,142.45
9526,3103.17,2783.07,1304.36,570.77,648.4,1355.06,582.27,352.89,443.73
2709,946.83,678.69,370.44,141.24,137.35,341.92,181.94,191.76,111.52
7575,2504.05,2220.1,1130.64,401.15,489.24,841.5,395.85,252.13,374.61
7530,2398.67,2052.4,864.15,383.53,474.72,912.06,392.77,487.66,341.29
6744,2283.57,1687.36,891.8,363.54,424.81,928.99,379.88,212.23,302.37
6413,1978.56,1732.04,915.61,435.26,373.75,921.05,373.65,465.21,279.8
5748,1834.91,1490.69,741.36,362.15,289.2,653.32,330.37,404.34,244.04
9392,2980.53,2641.22,1309.95,608.39,599.07,1062.22,543.21,631.59,421.08
9986,3211.4,2835.7,1205.54,623.46,664.96,1162.17,669.35,494.19,448.0
7353,2493.32,2017.49,952.39,424.49,380.18,954.5,490.69,161.99,298.25
6779,2197.81,1708.48,696.77,368.35,398.82,772.3,448.16,189.46,328.6
2663,904.62,753.11,397.55,182.45,141.81,385.22,173.38,126.22,128.38
3998,1314.64,1167.82,559.72,241.07,248.75,595.3,203.13,90.43,177.82
9994,3169.13,2858.45,1433.54,595.86,656.73,1338.76,529.56,237.94,433.42
5445,1854.02,1587.21,733.52,380.73,344.85,808.66,351.99,149.9,244.97
5743,1791.32,1493.33,627.72,331.25,323.68,656.96,355.47,204.74,242.44
7727,2404.79,2275.17,784.69,518.35,407.94,1087.64,490.5,501.94,309.15
3495,1136.66,930.05,500.6,235.03,230.27,468.06,224.86,79.96,152.18
5304,1660.38,1329.55,635.51,289.88,299.56,600.2,361.88,419.11,213.11
5763,1731.52,1683.77,652.33,299.08,290.7,668.05,361.36,209.94,232.87
7232,2404.02,2148.56,926.3,502.71,444.25,899.89,401.46,283.58,291.41
3853,1254.36,1089.54,466.39,225.47,211.66,537.81,199.05,134.37,188.03
7616,2454.45,1992.13,1009.75,381.14,508.93,1093.74,446.62,427.59,315.58
8585,2990.57,2254.31,1066.17,514.93,453.85,1130.62,551.13,181.71,365.23
6659,2187.88,1820.1,898.04,415.43,390.86,906.15,370.49,170.56,299.01
3291,1129.38,970.49,469.53,215.63,181.21,372.52,172.45,85.32,149.06
5581,1713.21,1437.0,612.67,384.3,356.02,764.9,390.53,334.15,230.05
9974,3276.06,2905.41,1161.69,681.26,608.12,1299.1,582.26,396.68,489.67
5457,1873.93,1443.73,664.89,375.46,359.18,606.52,296.46,252.38,230.89
9554,3144.75,2774.76,1414.98,483.84,565.33,1409.3,509.14,735.64,472.21
9280,3117.16,2747.01,1097.51,596.11,464.89,1165.97,624.13,296.98,395.04
3636,1158.44,986.72,432.88,198.22,197.45,508.03,241.4,88.03,145.53
5696,1735.13,1527.97,755.71,306.17,398.62,719.29,354.67,264.78,283.2
4999,1614.15,1450.27,604.68,329.97,290.48,733.09,304.66,149.19,224.14
5152,1647.22,1424.39,760.24,300.58,321.51,551.59,355.64,147.76,251.35
2698,926.37,766.83,390.46,184.36,183.73,343.48,147.22,120.35,127.73
4160,1298.75,1169.55,522.79,211.53,209.71,421.23,242.56,250.34,173.85
6097,2123.81,1570.86,806.26,402.67,385.28,669.88,307.86,210.78,295.42
6737,2343.85,1968.82,693.25,355.29,375.71,768.36,393.25,488.82,272.92
8363,2612.45,2172.61,1127.22,447.68,464.86,1033.92,482.41,349.13,376.97
7685,2439.24,2279.48,1040.24,457.62,418.81,1083.65,530.19,584.39,326.93
2854,984.0,749.26,336.66,165.28,189.66,351.99,163.15,141.4,124.48
7855,2736.14,2251.98,871.78,469.13,451.34,1005.91,523.9,499.61,373.66
9392,3025.84,2481.67,1368.92,646.17,482.21,1373.14,613.6,666.28,439.86
8528,2695.27,2267.5,1034.75,538.52,442.92,1175.39,451.52,441.61,378.65
5474,1786.19,1453.35,726.32,305.48,289.97,561.14,379.1,388.76,221.47
7757,2593.85,2229.32,788.63,414.68,527.31,844.14,485.74,331.06,313.38
7249,2273.82,2014.07,874.98,423.35,424.42,738.75,448.94,303.04,340.86
7172,2415.7,2109.63,1010.27,423.38,490.0,741.96,360.28,485.14,354.93
3707,1121.67,983.72,442.54,229.93,245.96,433.51,237.19,127.8,179.69
4777,1444.87,1359.53,621.77,264.26,318.9,651.55,244.16,301.06,196.92
7791,2487.78,2241.06,860.85,509.14,434.24,874.29,418.44,191.86,321.08
3733,1185.88,961.52,451.04,194.0,206.91,446.52,194.01,217.03,172.11
7535,2379.41,2034.67,1102.99,461.21,461.15,901.89,433.75,576.54,350.95
8390,2722.98,2300.04,1076.63,524.13,489.63,1086.63,553.02,397.58,387.32
6931,2190.45,1856.01,1005.66,375.22,417.12,1002.54,444.61,311.6,338.61
5510,1705.97,1466.24,799.51,366.53,281.36,821.88,287.26,288.9,233.13
2202,694.67,626.07,324.15,137.2,152.89,286.77,145.26,139.11,91.87
5255,1832.66,1370.47,760.76,330.62,268.86,658.21,311.19,218.24,258.24
6218,1993.22,1775.05,622.82,372.8,333.14,833.8,314.96,124.41,293.62
6496,2093.24,1927.7,952.97,442.97,412.91,866.58,353.88,325.61,306.07
2766,909.54,769.67,295.61,176.69,146.9,349.06,181.74,124.9,119.92
6389,2230.83,1792.57,651.65,368.24,333.11,874.32,413.15,331.99,295.67
4327,1350.37,1096.66,444.68,237.0,229.64,538.99,232.65,272.25,204.52
4931,1647.27,1445.89,579.13,253.56,252.66,738.78,250.3,182.46,226.84
9777,3283.11,2583.79,1281.18,521.18,537.99,1001.65,546.57,491.94,463.06
2197,725.81,616.81,263.89,153.47,121.76,268.39,144.78,77.34,100.84
9125,2777.91,2727.97,924.16,530.48,547.25,1093.64,627.51,433.99,454.61
3930,1312.01,1099.52,486.63,267.14,230.98,544.36,241.53,159.84,176.54
5582,1692.49,1597.77,681.6,298.14,331.99,611.46,289.27,235.24,223.98
8895,2933.63,2421.81,1226.11,520.42,554.34,1082.56,534.07,487.1,370.33
8287,2792.55,2096.76,944.56,573.55,452.63,1117.89,579.89,508.63,411.38
2608,809.91,756.01,289.17,135.15,137.43,339.46,179.36,54.14,116.57
5272,1803.45,1327.23,594.67,326.23,356.27,670.89,368.32,382.74,217.23
3147,948.88,897.0,362.49,215.2,197.25,383.14,201.37,131.73,130.78
6282,2149.64,1577.7,816.4,433.42,321.72,864.41,367.63,368.23,253.1
5397,1743.32,1581.94,666.94,361.17,373.59,714.14,366.25,147.57,228.1
4511,1402.38,1163.3,527.09,302.77,288.08,648.39,306.31,244.89,224.95
9516,2918.45,2623.69,1129.7,599.92,504.67,1300.36,503.28,577.69,411.93
3794,1319.04,1061.78,449.76,206.43,263.24,406.04,248.54,111.72,161.25
2659,807.36,725.58,395.18,171.81,152.38,348.27,181.84,198.71,124.11
4811,1491.19,1284.72,537.15,334.69,335.28,491.81,327.01,314.87,224.88
9098,2887.62,2487.31,1281.94,550.6,473.69,1086.02,583.52,473.42,451.97
8051,2664.98,2138.11,1090.19,444.53,428.31,970.93,489.08,241.24,380.78
8546,2796.59,2323.71,856.98,525.32,539.67,1219.89,560.06,614.74,351.24
3369,1031.86,902.71,504.2,214.98,169.94,367.28,203.23,81.25,167.96
3986,1253.54,1109.34,549.36,215.9,200.79,526.86,224.91,107.26,189.34
7630,2380.08,1998.27,1023.35,491.25,502.36,836.4,421.01,472.22,324.98
2146,666.71,642.58,258.09,132.51,114.5,316.39,130.51,75.61,91.45
5219,1672.99,1435.45,666.78,324.87,356.85,660.07,308.54,248.21,258.86
4911,1646.17,1275.43,553.29,275.6,287.38,665.0,297.07,257.02,205.9
3734,1160.8,1022.57,380.02,198.3,251.94,494.11,206.17,177.34,157.86
3843,1223.36,1127.23,544.94,240.07,224.26,442.64,237.54,96.2,167.51
2488,795.03,624.71,360.32,153.57,150.78,360.91,157.34,159.85,116.43
4976,1735.74,1413.07,538.02,282.44,280.3,653.66,329.1,171.17,220.42
3959,1376.68,1098.22,551.7,221.38,250.06,496.92,244.67,254.61,170.68
7759,2638.11,2005.53,1063.43,441.84,437.33,980.88,505.28,558.01,331.12
8694,2713.25,2528.86,946.94,519.88,473.5,1256.58,464.15,453.67,358.64
4385,1330.42,1177.13,530.99,304.74,226.36,451.46,229.87,273.55,199.35
4919,1553.64,1302.01,595.88,321.07,251.62,587.59,263.62,109.28,210.21
6736,2110.66,1962.91,929.56,451.55,378.02,957.06,450.81,149.57,291.77
3802,1236.78,1071.88,539.44,228.55,246.1,387.33,232.39,121.02,152.38
8616,2919.85,2540.97,902.43,521.46,466.23,1136.96,509.26,357.59,390.41
8065,2765.62,2270.25,1033.52,436.21,451.52,969.12,526.19,249.75,378.77
8294,2838.57,2380.72,1145.3,534.31,564.85,914.24,435.28,481.86,408.69
7534,2395.69,2198.59,1049.56,440.22,473.01,983.72,377.64,275.84,316.21
6061,2026.57,1531.84,650.95,393.05,414.54,857.95,340.75,428.79,298.16
5369,1694.68,1550.58,677.97,312.37,366.3,662.36,295.18,287.97,234.15
7730,2342.54,2169.7,1104.45,403.28,396.3,829.71,434.01,329.95,371.22
2262,757.95,573.36,262.22,120.93,156.3,260.83,157.14,166.45,110.77
7883,2368.77,2171.21,955.86,522.1,402.22,1175.1,483.66,549.46,391.1
8287,2655.64,2105.92,1161.99,457.21,567.76,874.73,511.99,573.48,358.45
8489,2686.51,2434.62,886.81,469.33,517.27,917.12,535.77,540.76,361.67
2623,877.84,727.42,375.02,179.9,159.12,392.16,152.01,149.13,116.45
3016,1020.35,897.8,348.52,190.47,193.82,434.62,209.85,126.7,137.37
5643,1778.7,1462.42,564.71,295.05,381.38,763.82,391.99,255.94,264.69
6976,2375.9,1955.38,779.27,368.83,434.88,750.26,456.13,410.38,327.31
4049,1274.2,1055.08,423.02,224.51,236.9,453.6,219.59,122.98,166.68
9040,2913.74,2537.56,945.76,559.39,472.23,985.44,611.14,629.81,416.91
7423,2496.73,2123.96,999.45,482.91,488.32,976.48,386.13,566.52,309.38
8397,2810.02,2402.51,929.54,465.95,441.4,1007.17,525.63,217.31,395.61
5723,1999.44,1663.98,839.78,385.8,369.29,585.97,338.48,122.17,284.81
6548,2038.12,1916.45,823.88,341.7,396.54,750.17,332.54,187.02,312.4
5108,1701.56,1296.74,628.31,276.61,294.82,730.61,347.74,335.05,239.81
7279,2405.59,1944.68,885.96,505.23,453.19,1017.62,503.87,192.67,296.8
6090,2105.65,1731.73,819.89,320.91,398.57,804.8,415.02,257.82,254.84
9158,2819.0,2517.8,1122.89,620.57,630.28,954.97,493.15,217.85,398.85
4056,1369.26,1052.67,431.68,259.9,224.27,584.63,229.81,186.39,200.1
9400,3087.09,2609.77,1353.68,483.74,648.06,1191.22,649.68,528.58,407.1
5170,1622.0,1397.82,627.74,308.52,357.86,644.85,269.5,298.36,248.87
3682,1191.94,992.31,381.82,222.32,244.02,540.16,227.05,188.28,151.1
8959,2837.22,2602.48,1133.03,614.97,605.89,899.86,534.95,683.45,417.67
4255,1399.75,1150.47,563.22,248.59,271.68,543.77,225.68,220.7,203.35
3154,1086.4,792.67,358.86,185.88,160.17,440.18,213.63,225.68,143.28
6499,2134.7,1643.62,909.97,339.57,399.7,670.6,342.39,517.2,309.8
8295,2750.51,2428.88,1107.29,520.79,538.71,977.64,513.08,280.24,391.83
8197,2671.71,2442.95,1086.24,444.42,564.23,1220.32,462.01,294.54,366.98
5191,1570.58,1476.43,628.33,267.6,318.77,574.07,302.94,266.36,252.57
3696,1151.83,991.34,547.36,258.49,243.51,467.76,200.42,114.36,160.47
5991,1944.68,1778.91,681.23,331.86,384.03,822.58,374.4,322.6,265.13
6723,2121.19,1903.55,866.5,355.12,373.91,803.52,469.09,410.53,305.21
6682,2065.33,1952.59,771.46,427.58,354.78,804.47,445.49,157.85,276.01
3648,1186.35,1051.69,500.65,242.35,237.19,376.34,232.25,222.1,164.72
7539,2383.38,2027.67,771.91,386.61,412.2,825.56,491.0,222.91,326.0
3445,1077.96,943.71,352.41,179.51,189.11,496.18,230.08,130.77,146.64
6199,2003.51,1607.44,871.23,321.13,389.79,873.54,368.54,398.77,283.72
5923,1816.37,1567.23,720.91,301.71,389.62,682.52,363.32,176.6,256.44
2253,780.41,650.91,263.73,142.37,138.89,268.3,153.0,116.93,109.39
9394,3225.76,2768.4,1224.76,580.23,635.97,1146.26,600.45,519.96,414.27
5183,1738.28,1483.49,700.2,327.86,281.07,607.95,273.25,154.77,228.73
4557,1391.3,1245.24,501.54,273.94,250.86,604.69,298.9,166.27,227.03
7592,2572.12,1930.84,829.59,503.73,476.32,764.07,383.05,428.1,329.61
2098,714.15,530.47,310.31,127.84,139.7,302.13,140.46,100.02,86.68
4200,1421.23,1128.61,543.83,287.17,255.31,483.14,276.22,250.32,204.82
7980,2439.47,2180.06,953.66,476.51,400.66,1146.08,531.59,568.84,392.38
4961,1648.02,1391.34,694.9,326.5,315.22,608.81,250.39,139.41,209.67
8015,2738.86,2006.35,1011.96,466.05,531.17,1112.61,556.63,194.27,391.3
6973,2293.19,2088.32,781.56,409.35,387.22,985.21,434.3,418.41,313.41
6433,2137.82,1725.31,709.8,430.88,328.62,740.21,424.58,426.11,260.11
5777,1865.5,1689.22,692.33,301.29,348.69,762.66,354.31,271.28,262.79
4869,1589.41,1347.49,696.24,298.46,247.56,634.77,276.53,212.46,236.09
5234,1579.2,1342.64,539.48,337.73,305.25,647.97,292.7,292.09,230.12
5791,1922.31,1678.69,642.37,376.46,291.61,715.06,297.65,307.43,263.55
2956,898.84,843.91,427.61,182.77,161.1,340.71,179.87,146.06,122.4
7800,2509.66,2155.7,827.48,459.9,450.66,900.97,412.4,539.15,377.69
6067,1908.88,1672.84,797.7,334.99,316.9,772.98,372.21,184.5,249.17
2160,706.91,549.45,239.06,147.29,112.93,219.49,135.0,131.48,88.44
7699,2361.06,2177.22,1003.13,441.89,512.3,1129.31,453.02,496.43,379.83
8944,2992.5,2643.51,1065.72,590.12,454.61,1185.07,475.16,662.55,435.88
6493,2206.0,1653.52,682.31,328.76,414.12,793.26,380.84,498.05,297.05
3300,1016.95,868.48,426.11,180.32,218.76,340.2,222.99,166.56,135.5
6911,2109.35,2039.54,927.13,393.32,363.62,908.8,408.86,318.03,314.17
5987,1839.66,1581.87,802.34,379.76,322.74,604.01,340.39,300.75,294.59
3527,1212.78,997.07,465.04,198.88,221.6,472.59,220.77,225.57,162.68
8015,2616.17,2218.08,1001.97,407.38,451.35,830.56,499.95,168.56,336.49
7511,2428.78,2101.7,946.19,401.67,447.12,997.5,389.16,228.7,368.48
7254,2214.9,1964.31,955.95,400.3,483.99,872.62,397.01,540.13,352.94
3218,1069.91,852.77,432.86,172.23,169.78,428.42,192.72,102.09,146.31
6496,2230.73,1639.76,862.3,351.27,405.31,694.58,372.39,218.97,315.2
6735,2299.39,1934.39,871.15,440.33,463.69,713.03,379.85,514.34,273.2
5104,1690.97,1466.4,550.17,297.26,261.07,573.54,300.7,192.2,227.7
4735,1438.32,1342.54,523.36,275.12,242.43,570.93,264.24,177.21,197.83
6555,2003.34,1849.7,740.79,454.47,400.48,738.43,373.3,494.39,317.1
2954,893.48,774.5,431.23,174.09,204.42,307.51,193.41,125.56,146.85
6565,2054.02,1648.58,905.77,450.05,357.2,763.19,395.24,325.86,323.7
5446,1670.74,1581.71,695.15,304.87,308.33,736.78,367.37,292.04,245.25
3045,953.09,836.03,342.88,176.65,158.26,393.27,210.02,219.54,137.36
8893,2839.12,2359.69,938.61,515.13,509.08,1317.64,608.65,219.25,436.49
3693,1282.02,942.07,535.26,224.98,187.92,449.79,203.39,131.66,174.37
8181,2703.97,2070.91,1183.25,504.64,472.71,954.23,486.42,451.76,333.34
8373,2861.46,2239.3,883.64,460.2,511.67,1127.71,508.25,385.8,345.67
5436,1823.87,1577.73,760.28,358.08,377.8,655.57,364.45,199.48,269.18
2562,783.01,758.19,313.42,153.54,170.03,335.41,156.74,114.21,111.85
4485,1510.53,1322.35,521.15,224.88,297.99,660.7,246.92,349.72,187.8
7895,2477.1,2336.92,1081.26,488.12,430.77,986.55,481.21,167.86,373.87
5354,1777.29,1581.5,699.86,353.16,277.04,668.76,272.44,154.29,261.26
8170,2590.28,2257.87,1135.64,449.43,507.04,1133.66,544.8,172.54,343.68
2225,778.49,580.66,230.77,112.94,134.44,306.61,136.44,123.72,94.59
9444,2957.65,2737.84,1094.84,624.66,569.76,1188.16,595.3,196.21,462.75
6893,2164.1,1796.91,799.35,479.24,359.68,711.61,372.35,325.63,276.63
9776,3387.71,2574.61,1138.78,503.77,585.36,1457.01,597.93,699.49,479.8
8427,2538.48,2205.03,1054.42,579.45,446.69,1001.68,510.78,217.69,340.39
9022,3020.88,2487.81,1029.87,515.93,527.27,1045.07,562.91,378.12,369.49
2959,995.01,787.36,361.65,203.66,151.63,441.12,198.1,126.29,143.87
7600,2597.82,1958.58,899.76,478.62,510.25,1091.41,496.21,317.19,322.88
6548,2283.43,1785.37,895.54,443.99,329.13,762.91,399.02,416.77,276.63
5067,1767.27,1488.15,659.6,332.99,348.54,584.81,343.89,102.68,245.45
9996,3031.43,2784.16,1326.28,505.4,672.31,1359.93,571.45,667.71,454.04
2815,960.17,827.38,311.14,144.43,183.12,328.55,168.48,198.01,122.47
6754,2244.46,1754.65,785.32,408.72,470.42,760.31,425.43,309.93,318.4
9683,3218.31,2501.59,978.55,509.25,494.57,1442.61,569.51,709.08,465.73
6642,2035.23,1851.65,700.19,393.34,417.33,852.07,380.11,284.69,322.99
7311,2430.98,1997.12,827.99,505.14,489.73,1009.83,381.98,450.97,301.17
5120,1787.52,1449.0,528.76,286.18,268.97,694.54,321.12,221.85,234.63
9679,3344.97,2804.31,1259.54,578.59,597.15,1333.54,521.23,215.56,452.8
2016,649.06,579.73,302.21,116.29,116.68,292.66,106.37,50.41,82.99
9339,2820.35,2774.74,980.98,584.59,548.35,1167.73,500.97,434.48,430.54
3243,1031.65,875.33,457.46,174.72,221.34,446.46,206.8,257.51,130.76
4205,1435.25,1094.64,445.48,232.11,255.55,588.03,221.89,128.9,182.56
4524,1515.88,1255.62,603.93,303.9,234.64,666.47,314.53,333.58,188.74
3069,991.19,784.24,405.59,203.25,210.98,416.32,200.01,230.68,139.98
5444,1648.2,1439.63,790.12,358.13,292.37,787.37,314.96,242.69,228.16
4565,1466.94,1188.7,482.51,298.63,309.75,478.19,282.42,217.79,218.62
8242,2665.89,2223.92,954.19,487.83,572.15,876.16,413.36,413.49,339.66
7864,2724.31,2009.73,822.09,507.84,531.27,848.66,526.03,520.79,374.16
3060,1016.09,769.87,368.33,176.7,194.44,328.16,169.6,83.92,125.43
4327,1365.53,1223.85,629.92,225.07,280.7,451.63,222.57,171.86,192.22
5420,1768.36,1520.38,753.79,313.64,346.87,575.22,353.18,163.91,254.66
8640,2620.54,2466.01,1176.29,459.42,511.58,1294.23,488.95,628.17,359.55
2301,802.19,651.23,291.42,133.04,127.68,261.41,141.17,55.76,109.35
6276,1995.79,1604.87,904.84,351.13,349.57,777.61,419.74,407.08,310.88
2606,844.07,689.43,319.16,161.53,168.41,367.66,170.74,120.88,113.97
5170,1642.84,1325.98,555.69,295.88,323.23,547.58,293.33,325.07,206.81
2699,901.8,788.51,382.93,173.04,166.52,312.73,181.84,198.09,120.83
7088,2361.1,2036.7,807.9,427.0,446.91,765.25,409.52,286.21,347.49
3139,1053.97,816.38,322.32,214.68,205.59,323.72,188.34,105.53,146.43
2190,686.36,584.87,232.8,113.49,142.28,324.2,136.33,129.24,103.0
4300,1357.87,1282.82,560.95,274.14,224.06,614.55,221.1,343.36,206.08
2980,912.66,833.53,388.46,189.07,170.64,429.02,184.59,190.04,146.26
4975,1655.56,1443.04,562.22,343.34,275.01,713.58,306.2,336.99,205.21
8102,2446.72,2132.69,1104.78,465.31,492.32,872.82,546.64,468.23,371.9
3184,1050.35,829.44,441.56,178.65,163.11,443.37,181.72,134.02,155.69
5327,1829.74,1540.55,777.88,284.72,347.58,726.57,292.15,315.78,254.41
5394,1858.46,1533.48,697.16,298.32,281.19,788.98,321.11,149.48,229.19
2127,685.86,604.17,295.59,127.7,117.9,236.02,135.59,104.92,103.68
4065,1312.85,1128.57,559.57,271.36,266.89,490.65,248.93,221.07,174.56
3816,1159.49,1061.53,430.79,212.5,194.74,437.87,201.35,283.93,168.32
7854,2619.61,2252.41,907.23,417.48,496.4,886.68,447.35,590.49,328.74
8709,2970.32,2294.82,1079.26,482.85,596.48,1154.98,446.56,205.6,425.45
2569,802.13,687.56,259.35,133.64,160.18,277.96,166.44,148.78,105.15
7442,2389.37,2184.84,854.86,510.03,478.17,917.15,503.52,504.44,371.66
3895,1331.86,1033.9,481.79,262.73,256.47,515.43,198.31,203.27,168.6
4733,1627.47,1312.53,498.87,265.85,257.69,504.14,286.39,121.83,222.96
5863,1830.19,1671.73,623.32,322.11,361.27,661.63,359.52,199.13,242.07
6721,2201.32,2016.27,827.77,457.75,377.59,997.18,395.04,260.9,301.63
9455,2927.5,2569.53,1291.06,473.09,519.93,1321.54,567.82,565.11,381.99
6014,1834.83,1632.23,852.11,372.94,323.85,804.96,386.14,143.94,293.39
4901,1693.57,1431.73,623.97,334.84,302.43,699.86,292.46,259.64,217.92
3686,1257.02,1069.95,456.1,221.79,242.87,371.17,252.1,97.81,174.82
5009,1693.05,1435.35,597.14,250.75,338.2,502.42,304.63,218.93,245.17
9806,2965.71,2678.62,1075.2,533.23,574.35,1056.09,504.38,446.5,398.97
2154,737.07,573.39,231.18,147.44,123.76,268.74,148.77,101.48,97.18
4537,1460.47,1272.34,633.34,228.39,289.22,583.0,240.17,284.25,190.08
3409,1081.06,1001.6,420.16,197.37,223.65,360.28,223.93,84.79,138.71
6057,1982.6,1781.9,845.05,398.52,333.54,627.59,366.68,218.62,279.96
2784,847.92,711.1,376.41,185.86,155.75,393.7,180.45,162.77,114.54
5175,1748.28,1404.59,567.67,308.18,313.96,637.68,311.89,396.48,232.46
9560,3146.4,2612.14,1199.93,522.45,562.97,1430.41,489.28,547.29,401.23
9978,3086.49,2982.23,1219.32,618.58,639.75,1112.22,573.72,728.41,418.85
6341,1961.98,1800.21,768.49,350.5,381.03,839.3,395.77,495.26,286.8
9343,2888.97,2526.0,1187.76,514.85,488.0,1310.07,584.66,682.36,425.61
9206,2788.04,2313.49,1372.65,609.0,490.86,1322.28,639.46,721.13,368.56
7596,2502.05,2113.73,1068.34,403.24,516.82,875.94,471.91,506.06,341.88
7801,2668.08,1987.72,1132.59,390.91,425.53,855.49,434.74,571.26,364.29
4806,1446.0,1402.02,487.72,272.67,245.11,534.93,244.47,237.83,224.85
2537,767.32,729.71,271.5,151.76,163.96,338.28,166.85,103.32,123.04
7986,2624.51,2180.38,832.45,511.92,508.55,1007.17,541.34,638.74,390.94
3841,1309.68,1042.68,434.65,252.06,238.15,499.14,239.19,99.35,177.56
7016,2219.42,2068.79,856.62,443.91,421.28,708.8,418.49,543.68,314.45
4455,1414.38,1178.0,588.52,278.57,309.14,532.59,299.46,204.27,187.29
2524,832.46,662.43,315.6,159.81,132.25,291.54,138.33,53.87,104.16
8971,2814.3,2664.03,1302.22,497.27,540.08,1284.55,520.09,611.65,413.48
7625,2297.64,2214.77,1120.82,439.56,467.27,1058.45,458.67,355.73,377.18
4950,1666.97,1440.6,535.47,308.53,249.73,601.32,252.39,336.21,211.77
9992,3310.17,2595.52,1425.32,512.7,581.93,1314.21,637.21,226.71,409.62
6131,2017.33,1576.68,760.77,342.76,402.54,627.72,329.67,480.97,271.23
6780,2285.43,1703.82,831.68,394.11,402.88,894.03,384.18,408.58,271.23
6115,2040.95,1601.23,851.5,370.99,412.8,641.22,356.44,139.91,278.45
4368,1355.36,1261.08,457.14,260.9,274.73,592.74,274.18,88.58,176.88
5847,1857.15,1531.93,842.7,376.33,381.94,752.46,300.01,325.33,288.31
8655,2651.07,2479.27,1155.82,514.7,572.01,995.54,491.75,680.2,421.49
6495,1990.67,1705.56,933.74,442.2,414.32,769.93,360.39,334.1,267.26
4701,1569.24,1268.16,703.85,270.81,305.51,491.28,235.19,193.84,194.95
2971,1018.85,888.8,374.05,179.77,189.87,345.05,189.65,226.79,147.17
8002,2785.79,2098.45,837.51,400.61,488.2,1187.03,437.86,632.46,385.18
8614,2854.83,2315.6,933.12,484.19,528.3,1070.8,459.37,577.73,425.71
3166,978.94,839.16,367.83,213.17,170.32,391.67,208.83,199.7,137.23
7211,2201.39,1842.28,758.44,408.66,479.88,947.97,366.2,145.11,296.44
9521,3243.26,2613.46,1340.24,524.26,535.49,1182.72,647.47,369.61,439.43
6929,2279.21,1863.45,795.75,421.77,420.69,816.07,441.64,523.21,344.14
7919,2620.51,2254.89,1178.3,408.42,435.47,847.14,423.15,333.3,327.05
4774,1618.74,1388.66,645.11,289.46,305.14,627.86,272.13,191.32,230.05
3982,1334.62,1103.86,432.73,223.28,276.76,547.31,274.76,207.98,173.6
2853,974.94,717.84,353.21,164.51,188.41,416.98,177.96,133.71,117.42
6146,1861.07,1726.69,758.07,404.57,383.4,615.53,382.12,439.61,274.05
5736,1935.19,1449.89,714.85,362.74,351.9,592.72,361.72,142.84,257.47
5769,1976.13,1620.04,731.42,339.92,344.96,836.33,341.84,343.4,231.28
2574,809.03,731.66,261.41,158.43,139.25,338.63,137.31,159.15,115.17
5261,1746.77,1367.27,706.63,343.74,299.67,778.08,278.93,383.04,244.5
3148,993.85,915.97,391.48,204.35,182.99,382.61,200.67,141.49,149.99
8293,2885.12,2451.03,1157.27,445.39,571.32,1002.08,561.26,312.65,339.89
8457,2551.23,2458.06,1190.47,473.75,494.83,991.27,473.63,487.07,412.41
8713,2866.49,2311.17,971.73,496.33,537.8,933.52,523.37,553.24,363.14
9509,2931.86,2656.17,973.92,511.12,650.88,1130.92,664.15,287.73,442.96
8448,2835.24,2498.42,1141.85,424.45,509.99,850.99,465.85,249.13,384.61
3715,1147.17,988.31,553.12,198.68,204.43,466.1,214.74,133.06,181.29
6777,2112.86,1972.12,829.05,448.4,390.49,964.78,388.12,236.35,273.7
6933,2251.27,1736.53,783.29,422.35,398.72,804.64,351.17,450.92,290.6
5854,2023.97,1464.57,631.26,332.7,376.38,613.1,352.35,303.48,241.3
7173,2227.83,2065.72,820.39,445.92,401.13,1066.54,388.59,379.22,310.42
9146,2809.76,2634.71,1064.56,592.63,590.88,973.58,480.82,190.99,396.83
4491,1517.73,1299.91,544.28,256.38,304.42,567.82,288.36,357.73,183.62
4660,1514.64,1381.7,618.71,276.44,264.32,654.54,304.37,325.21,210.37
9136,3157.3,2337.86,1038.38,468.53,481.53,1028.87,619.22,425.92,376.06
8407,2583.73,2199.26,862.13,520.74,527.72,1194.42,577.42,201.88,342.53
5124,1702.69,1512.53,608.03,292.72,293.18,655.11,345.26,315.93,206.66
7691,2396.85,1990.91,1098.13,451.23,466.69,896.75,403.39,400.72,379.1
5051,1554.89,1435.05,630.96,295.24,316.61,723.73,275.14,306.35,222.08
9787,3270.54,2706.33,1450.82,613.14,569.16,1283.08,513.32,593.63,419.24
2004,660.69,509.34,250.86,123.14,137.26,262.06,114.37,58.69,89.82
7222,2439.17,1908.51,821.83,422.07,418.82,904.2,379.02,286.92,300.27
7315,2307.69,2019.08,802.2,368.23,410.72,831.99,461.32,154.09,322.31
6869,2214.56,2009.99,925.43,428.76,465.12,791.6,441.91,542.21,287.85
2876,921.11,820.74,364.73,194.39,151.64,300.27,152.98,196.68,123.79
2991,1044.47,840.75,389.43,195.58,156.98,335.55,186.73,226.5,147.28
9027,2840.01,2480.63,1243.53,628.57,620.28,1028.1,455.5,204.44,374.5
9517,2995.39,2521.38,1297.12,502.32,515.63,979.63,558.53,476.05,425.78
6142,1951.48,1572.12,627.52,334.43,325.33,648.08,342.15,398.28,286.27
9010,2957.35,2436.79,1262.56,547.68,546.94,1022.75,630.43,236.26,443.11
8966,2802.92,2254.28,1135.41,490.6,456.69,1200.21,613.77,597.36,441.4
9079,3139.2,2365.56,1085.72,460.22,566.53,991.53,480.74,534.3,385.61
9987,3128.77,2712.71,1267.11,579.7,589.82,1259.29,682.59,789.94,493.67
8799,3033.81,2383.92,1149.35,490.57,552.65,1103.35,513.65,250.35,381.12
6364,1942.13,1605.09,683.97,351.77,354.34,901.79,391.6,367.56,311.51
6465,2151.73,1806.66,781.43,446.5,440.33,843.41,392.27,496.69,264.63
2635,910.0,731.17,307.71,144.32,146.01,384.31,170.02,170.27,110.63
7225,2228.46,1834.47,849.09,379.95,453.38,949.4,409.65,290.22,294.71
3693,1286.7,1097.41,386.16,193.91,254.45,374.01,189.8,100.28,158.76
3682,1187.98,938.8,397.63,243.48,213.62,438.43,214.85,286.56,179.46
6752,2344.87,1976.59,729.83,434.13,359.4,911.2,411.13,164.17,280.83
2119,707.41,529.78,251.44,111.44,108.85,262.24,129.47,166.36,89.52
2830,891.67,832.34,409.57,153.94,196.01,342.34,186.36,108.14,119.32
7906,2446.24,1984.3,872.04,513.47,516.06,1056.06,402.29,566.22,337.96
5675,1788.68,1633.78,685.59,314.92,388.05,648.58,395.9,302.24,228.06
7177,2186.48,1924.04,829.52,499.74,459.16,1043.89,501.04,536.52,317.5
8070,2479.05,2315.37,1124.71,490.75,458.77,973.7,419.48,367.97,401.59
3369,1028.33,909.92,345.34,181.39,176.74,443.23,191.63,239.16,149.86
2740,879.94,694.71,300.93,184.06,187.93,408.58,169.35,93.99,131.89
9641,3275.81,2780.23,1065.64,543.65,576.46,1342.74,554.03,462.81,440.73
2116,649.76,536.54,316.66,118.02,122.58,267.85,126.44,149.77,84.95
7949,2436.5,2353.75,1021.75,449.51,489.31,1136.46,449.27,215.43,364.5
4838,1607.05,1221.83,517.41,316.23,252.21,619.37,310.81,308.27,239.31
3150,976.06,862.99,357.87,168.41,176.98,384.56,180.43,145.57,143.44
9560,2914.66,2735.61,1036.22,551.0,599.96,1373.51,560.19,485.58,432.87
3931,1212.09,1060.04,417.59,198.97,204.42,398.44,241.83,215.19,183.59
3012,1042.71,785.72,421.26,200.4,158.75,362.56,208.98,110.06,146.71
3664,1249.69,1055.07,457.22,208.17,220.62,429.24,230.23,94.47,167.25
3081,978.84,891.07,405.34,169.34,192.47,418.1,160.02,65.07,135.76
6729,2239.35,1992.69,784.35,414.49,361.62,677.13,379.37,308.56,271.66
2512,821.08,675.25,320.74,161.02,127.26,334.2,146.69,90.76,103.27
9918,3311.19,2730.55,1119.53,657.15,686.0,1163.56,642.72,575.0,461.06
4849,1620.21,1300.29,559.58,276.18,245.12,508.63,285.79,305.27,223.97
7215,2391.32,1896.49,956.79,477.97,361.05,1075.15,455.86,362.37,305.85
9805,3071.96,2819.44,1054.21,581.41,553.66,1084.55,654.87,560.23,462.69
7237,2185.21,1932.15,947.04,376.49,394.05,850.03,376.95,388.23,309.72
2559,825.99,694.53,364.94,171.26,157.31,282.39,167.14,51.88,110.16
5672,1954.28,1532.48,601.35,345.72,385.04,754.94,368.18,399.89,230.36
6583,2162.35,1880.32,953.7,408.47,392.49,915.87,437.07,155.19,299.55
9404,3212.59,2782.55,977.76,646.52,615.64,1345.07,650.02,419.61,403.21
6992,2444.27,1981.1,821.18,427.79,476.75,807.92,392.89,186.41,336.94
5343,1646.61,1461.73,697.4,267.75,287.39,674.43,313.0,319.18,256.54
7308,2445.18,2111.72,935.21,492.65,436.77,973.15,403.79,288.92,301.71
6070,2025.65,1712.03,636.25,338.07,381.45,798.06,343.21,147.31,252.51
6799,2372.84,1720.35,951.49,408.18,385.08,923.31,384.8,154.48,293.78
3470,1212.0,884.1,515.84,187.72,224.84,480.55,233.86,118.77,158.96
2580,862.58,649.89,281.38,144.32,165.39,270.57,132.25,154.89,112.04
8933,2788.71,2437.29,1293.11,569.33,521.88,968.48,482.86,563.61,388.61
9004,3060.71,2622.8,1151.08,527.56,466.04,1230.99,560.15,249.46,372.77
4294,1311.18,1140.72,630.34,268.56,215.69,531.74,280.41,121.72,186.17
5147,1745.01,1385.61,560.02,342.13,295.37,624.6,329.14,286.14,230.09
6249,2159.09,1846.42,872.37,355.05,322.71,767.2,318.27,483.9,311.5
3679,1174.12,1073.7,378.9,225.77,241.46,436.33,217.34,195.63,177.99
5506,1825.41,1559.59,793.74,360.93,312.12,713.32,295.61,345.25,263.9
7092,2280.13,1867.61,948.26,456.03,449.08,823.85,494.76,386.69,323.38
9253,2978.43,2367.4,1096.6,562.55,526.75,1219.92,647.5,243.26,403.44
4744,1496.82,1189.81,519.58,273.58,312.72,522.47,242.03,364.28,230.41
5356,1810.9,1367.66,754.27,311.45,362.97,738.51,339.33,130.25,232.85
6045,2096.46,1599.69,786.83,354.62,403.51,840.74,400.55,396.5,277.63
3243,1125.44,900.22,382.74,184.78,193.57,418.11,183.22,255.42,138.06
7188,2219.22,1820.0,878.31,459.9,371.47,851.53,459.12,281.34,343.33
5118,1759.25,1314.36,723.31,268.74,293.95,515.48,275.11,155.06,231.05
7104,2393.14,1840.32,830.79,492.66,415.51,753.57,373.38,383.41,347.75
4141,1294.65,1166.1,432.66,271.57,286.58,430.6,283.68,280.36,189.2
7869,2387.17,2209.53,1145.44,440.37,482.45,790.92,494.57,605.67,327.69
7053,2210.41,1957.48,841.9,358.65,443.05,959.99,467.89,434.61,352.15
5059,1748.44,1328.11,594.02,324.92,332.07,747.74,306.85,203.13,227.75
6548,2171.7,1758.5,721.72,423.57,401.81,658.46,347.66,325.18,278.34
7323,2460.91,1866.15,1060.89,507.28,453.8,773.56,421.31,480.92,317.03
4959,1551.46,1295.9,549.83,273.11,272.28,709.3,335.39,333.62,204.37
4265,1432.91,1257.69,562.27,220.31,218.27,573.32,214.58,104.35,173.75
8617,2597.22,2576.35,1241.18,588.56,555.17,1036.07,466.55,489.66,383.51
4479,1427.75,1264.79,455.72,247.12,299.98,670.24,246.64,349.55,221.79
8484,2811.07,2509.92,1199.97,546.63,494.11,1091.73,468.83,569.41,349.79
6646,2042.35,1875.08,801.04,340.36,405.26,887.11,345.4,135.84,325.84
3635,1240.08,914.78,483.09,237.04,204.09,482.21,243.42,121.76,174.36
7408,2309.46,2221.2,878.74,389.22,437.1,823.29,394.03,345.96,356.06
9421,3133.56,2401.86,1269.72,602.11,510.41,1172.03,627.38,587.65,443.72
3757,1203.22,1067.48,423.47,227.85,244.95,416.35,214.53,200.3,172.52
6452,2127.88,1694.56,652.27,445.9,386.08,809.55,381.61,158.98,265.91
4070,1242.87,1097.27,599.87,206.51,248.04,413.26,241.18,261.69,186.23
7881,2370.96,2224.78,794.55,440.08,399.9,938.61,506.46,554.21,342.98
8665,2993.57,2355.36,1223.54,445.3,541.11,1027.76,559.98,280.27,355.72
7877,2469.29,2067.93,854.31,532.36,425.78,902.56,494.78,189.41,378.4
9267,3159.9,2471.72,1108.44,573.42,534.41,963.41,606.76,625.13,421.33
4849,1696.99,1295.06,684.31,294.33,282.48,671.82,243.26,283.31,230.08
5251,1630.81,1564.62,579.17,276.36,309.68,635.49,315.57,358.17,235.22
9390,2941.5,2722.45,1345.45,561.34,512.21,1321.16,567.91,507.02,427.41
8905,2966.64,2430.42,1112.13,516.26,596.65,1262.61,487.88,407.07,419.63
5730,1995.6,1489.75,677.9,322.69,335.53,634.2,350.26,445.71,243.35
4489,1552.25,1304.28,597.58,293.78,279.41,543.47,266.39,299.85,217.58
3631,1180.6,936.29,425.08,186.0,226.13,493.99,215.83,162.36,160.52
4816,1636.26,1254.68,565.23,303.09,299.26,601.88,252.21,358.56,226.76
3015,924.96,808.93,412.08,200.38,184.48,430.4,177.0,240.02,130.43
3348,1168.02,984.37,386.67,228.15,222.48,430.48,218.72,128.88,157.44
6611,2302.07,1696.31,727.47,429.18,437.99,869.21,384.76,486.23,267.32
5087,1567.74,1302.84,714.12,283.09,296.79,708.88,303.95,115.6,250.75
4839,1524.15,1329.27,678.76,300.07,303.49,513.47,335.59,159.01,231.64
2335,712.19,616.02,291.59,123.35,121.55,301.71,157.46,69.24,108.92
7878,2470.43,2193.52,995.25,412.34,408.2,821.45,540.23,326.11,340.64
8401,2863.04,2289.96,1132.49,527.35,500.69,949.54,433.1,451.62,406.83
6592,2102.29,1791.36,827.06,441.81,448.28,729.26,411.15,416.61,314.29
2895,881.3,739.96,349.87,148.64,182.38,371.58,157.69,214.72,128.92
8303,2632.97,2134.31,1243.33,432.75,526.28,1180.65,482.28,245.05,348.51
5546,1935.94,1614.19,595.54,340.04,294.79,591.43,352.7,303.35,231.57
2851,945.06,839.03,369.59,154.99,168.4,394.63,175.56,151.91,127.96
3687,1182.82,965.01,532.01,229.47,213.9,395.07,221.64,175.16,176.36
3931,1212.03,1005.05,528.17,213.42,258.11,430.38,260.58,242.44,185.33
8833,3085.44,2231.84,1272.36,462.23,466.0,1288.27,562.24,448.73,396.92
5746,1959.63,1611.26,671.23,350.0,349.26,577.4,381.65,304.6,241.59
4427,1390.41,1265.09,502.91,297.69,302.04,486.34,303.86,328.48,187.67
3568,1082.9,958.51,508.67,227.29,242.09,395.26,229.21,255.53,144.78
6000,1816.99,1703.9,718.23,398.25,402.28,684.56,347.45,327.84,250.61
7052,2158.05,2014.39,955.43,390.16,405.49,833.34,382.61,207.14,282.98
4738,1558.98,1406.08,508.8,320.86,326.08,498.24,262.57,367.3,221.48
5498,1904.72,1392.33,757.58,316.36,363.45,678.58,318.51,315.38,252.26
7732,2511.64,2007.34,985.44,518.42,518.22,927.59,501.05,529.24,385.67
7387,2527.44,1872.06,837.91,438.96,507.1,969.52,375.28,172.13,351.83
9744,3140.44,2858.89,1215.32,539.4,669.8,1397.05,645.89,719.2,413.75
7536,2527.79,2182.65,1016.21,416.03,412.98,865.78,491.07,464.29,354.79
7287,2452.76,2031.12,733.03,447.08,382.96,927.81,437.13,445.42,292.37
5913,1825.33,1502.99,779.77,304.99,377.35,701.1,342.91,157.33,294.83
3066,975.17,808.4,389.63,210.33,187.84,312.77,160.21,192.46,141.48
9723,3226.72,2575.49,1079.39,538.94,549.82,1371.47,542.49,239.17,400.56
6380,1936.55,1773.88,878.2,361.83,406.34,840.32,332.99,148.97,287.01
4444,1413.53,1168.34,511.83,242.94,227.71,444.88,294.98,175.63,219.56
6107,1995.4,1549.03,695.24,305.72,311.12,686.91,367.56,130.63,296.17
7726,2702.64,2213.79,954.63,493.31,441.05,891.96,424.43,228.52,332.13
5373,1739.38,1423.6,718.95,332.11,289.48,755.32,270.59,341.55,236.2
5969,2034.25,1627.26,874.11,395.11,384.23,823.93,361.0,418.4,289.71
9420,3029.5,2415.13,1008.58,478.73,649.61,1128.58,612.69,289.87,461.58
4546,1544.82,1318.92,544.72,311.73,287.46,490.36,296.99,315.48,223.42
2753,907.86,766.1,284.52,155.87,173.7,328.44,149.46,134.43,136.22
4082,1405.55,1204.51,563.02,278.64,204.64,573.55,285.34,316.25,183.71
4774,1530.29,1311.77,584.27,248.93,287.61,585.39,293.01,135.38,232.09
4896,1616.73,1454.46,662.66,317.64,324.81,517.97,277.31,113.66,212.83
6185,2050.33,1822.06,718.14,380.92,390.16,630.42,357.84,437.31,299.24
2775,890.41,773.73,394.65,158.63,151.39,323.75,145.66,115.77,120.64
8748,2687.52,2595.48,1108.73,451.25,585.85,939.69,523.72,414.92,403.14
9113,2776.53,2425.47,1341.25,565.87,631.42,1250.78,592.95,462.1,407.21
3625,1090.52,972.52,376.79,183.17,201.48,413.02,210.93,251.97,177.37
5069,1742.1,1278.78,637.24,304.27,274.45,729.29,341.33,124.49,206.13
2417,753.68,675.45,334.33,150.06,137.21,316.31,143.9,128.26,119.61
2114,656.56,604.81,274.84,136.67,108.37,253.01,143.78,96.89,94.33
2616,881.07,755.18,264.63,182.67,176.5,341.4,167.59,105.73,117.23
5974,1887.79,1538.25,887.84,329.78,409.73,685.57,305.27,244.26,288.41
5267,1713.37,1433.72,605.25,297.31,330.06,563.92,270.41,399.35,245.77
2825,870.45,731.23,317.71,160.52,184.43,418.69,186.46,101.95,139.94
9668,3364.34,2737.07,1201.57,624.86,612.69,1239.03,552.4,457.08,439.57
7745,2653.27,1997.41,984.45,531.59,445.7,777.34,416.56,383.91,353.07
3516,1206.65,1037.95,486.31,244.31,220.25,406.15,236.65,222.18,174.81
5146,1648.46,1345.84,615.79,354.64,343.37,555.65,358.5,263.16,253.51
2412,815.54,638.14,294.26,163.02,159.67,272.34,159.61,138.14,101.51
9543,2931.55,2791.76,1209.56,666.29,492.62,980.88,615.55,419.22,411.01
9587,2880.23,2616.52,1147.75,551.43,568.05,1076.18,479.53,605.1,443.43
2728,821.12,685.27,397.54,188.14,158.08,365.96,142.18,130.81,134.75
5348,1761.26,1469.25,762.42,348.8,347.83,754.23,339.16,178.42,244.05
9164,2957.86,2329.74,1124.87,489.08,550.09,1075.58,533.26,632.46,433.72
4808,1566.93,1438.88,480.85,244.77,274.03,606.4,242.27,316.98,196.84
2675,803.5,747.41,388.0,145.22,171.54,273.09,173.39,154.21,120.98
5465,1755.0,1436.35,580.47,358.37,325.01,571.31,319.02,280.45,226.67
7988,2683.2,2222.15,896.46,500.32,440.4,1019.24,504.65,259.69,340.34
4504,1450.89,1143.31,484.71,245.41,305.41,639.7,267.39,324.74,187.65
4967,1671.95,1440.4,541.36,322.05,259.58,518.55,250.98,128.31,206.92
8335,2597.61,2469.38,1168.1,440.31,419.77,1007.93,522.76,358.33,416.06
4786,1630.38,1405.75,617.27,317.97,253.08,710.82,314.74,340.54,205.71
9856,3246.78,2632.42,1456.76,649.35,525.06,1349.68,523.55,549.31,449.97
3122,969.5,831.35,348.33,216.83,189.7,343.05,211.74,144.6,125.51
6079,1895.65,1530.41,755.51,322.22,379.92,694.58,326.02,410.22,292.18
3571,1183.43,1009.06,531.62,243.3,210.59,526.35,208.75,283.43,167.13
7073,2415.41,1957.42,999.57,401.9,382.53,785.45,428.23,221.59,299.1
7104,2278.83,1939.16,969.2,414.31,373.98,867.01,399.79,163.7,286.72
4143,1296.41,1223.77,453.45,245.97,247.93,487.96,248.62,197.95,177.1
3687,1265.93,952.7,510.54,230.58,226.05,459.04,237.32,137.32,170.66
8806,2936.48,2205.76,1033.63,615.5,493.83,984.77,566.13,528.4,353.58
9357,3016.74,2373.55,1183.91,580.13,509.1,1248.39,640.45,464.63,381.33
9903,3212.48,2586.35,1291.93,678.7,511.11,1106.46,665.9,494.56,436.66
6132,1902.23,1543.21,800.03,337.88,309.82,797.8,427.41,253.24,256.07
5851,1938.67,1609.86,797.64,339.17,304.92,689.77,362.22,190.98,271.01
5440,1729.58,1445.43,723.98,326.89,352.74,612.4,315.58,178.47,227.1
5766,2016.84,1493.53,596.31,325.54,327.97,776.97,315.99,249.2,287.93
7644,2476.73,2197.68,939.2,531.54,386.39,1133.31,419.5,465.6,339.07
4326,1402.9,1125.72,576.23,279.09,260.27,620.65,229.36,174.03,179.46
8360,2744.53,2377.42,959.73,498.07,507.63,872.3,539.5,330.73,340.57
4914,1699.45,1314.31,568.32,319.54,287.83,603.05,310.0,223.59,217.23
6968,2369.41,1920.32,740.2,413.54,363.82,938.86,389.13,553.62,335.1
7917,2553.68,2348.92,957.41,398.58,515.39,1014.41,537.11,201.68,351.42
7392,2483.23,1861.81,1103.93,449.91,471.47,1007.66,451.25,278.52,306.11
5952,1960.06,1636.88,680.11,372.02,344.59,885.4,305.82,223.32,267.17
8205,2663.49,2401.78,1038.52,571.27,472.74,960.92,420.33,643.85,355.88
2595,803.45,725.04,355.94,131.87,137.84,359.52,137.18,115.3,116.82
7999,2585.25,2110.48,805.3,481.88,520.5,837.52,433.75,432.09,351.25
2728,851.93,736.24,395.62,141.76,169.11,391.43,184.82,86.99,126.79
3365,1163.42,955.7,401.54,178.28,174.02,467.47,220.64,69.87,161.64
6492,2056.47,1912.16,931.32,403.86,373.69,818.31,350.79,261.99,317.23
2698,937.86,680.04,275.05,147.4,183.66,380.56,148.31,157.41,127.92
9186,3000.63,2329.36,985.5,596.94,542.41,1224.78,576.29,564.87,400.05
8320,2758.72,2215.22,966.17,501.56,470.07,1061.73,561.02,542.73,370.11
7731,2529.17,2022.73,906.64,420.29,486.09,1138.78,435.52,553.85,358.85
2395,733.99,630.48,341.02,143.4,129.47,255.1,144.92,64.52,101.06
8588,2737.78,2242.01,863.61,429.55,519.37,1285.18,582.33,214.42,403.79
9400,2866.6,2442.04,1241.32,632.2,595.87,1012.58,614.88,632.25,437.08
6171,2043.51,1583.05,657.62,310.11,414.06,765.26,418.58,284.76,287.35
6360,2050.11,1887.0,897.78,318.89,406.09,709.59,353.37,488.62,275.6
4502,1525.72,1157.96,625.46,280.16,259.71,511.41,287.31,344.89,207.16
3819,1187.8,993.78,477.36,265.31,249.59,502.55,199.66,108.84,160.31
2717,837.46,712.71,300.59,182.36,184.67,276.42,169.33,167.02,113.83
4782,1531.75,1418.58,629.91,263.2,284.79,703.13,268.18,114.89,228.03
9551,3307.79,2748.64,1029.72,515.12,478.41,1088.63,611.55,422.2,418.29
9731,3264.96,2816.98,1065.56,608.4,657.99,1105.7,514.16,686.06,442.23
6946,2229.29,1772.88,912.25,461.58,370.28,994.52,439.76,331.03,298.17
5577,1817.34,1627.46,834.1,319.24,292.94,770.97,357.88,122.79,236.23
7486,2277.32,2024.29,1082.12,439.03,420.37,1000.03,502.63,257.67,357.82
2143,748.4,563.91,277.85,112.1,123.44,229.98,136.6,53.97,102.74
6980,2326.58,1945.94,885.95,370.33,460.59,966.6,421.99,310.57,337.57
5140,1615.35,1496.3,770.58,315.43,297.01,606.72,337.61,317.66,249.52
9266,3051.21,2677.25,1180.21,482.32,472.35,1387.07,516.01,552.45,408.76
6491,1982.83,1911.6,785.45,350.78,407.11,866.95,412.5,409.82,312.15
9192,3201.5,2724.57,1337.23,502.74,583.0,1303.38,592.8,395.52,399.48
9091,2806.75,2380.99,1015.55,535.26,602.59,1242.64,525.92,326.52,368.41
4938,1641.4,1339.15,517.88,251.4,286.29,640.52,344.57,115.63,231.56
7588,2369.53,1902.55,999.37,455.25,392.46,1030.57,433.44,580.44,318.62
9651,3241.56,2837.07,1011.35,661.8,589.3,1253.42,498.86,261.51,429.61
5636,1909.71,1452.56,668.75,284.56,295.44,578.03,316.01,173.0,234.68
5222,1742.43,1530.43,632.8,327.0,262.88,612.42,271.49,112.27,229.33
3167,1047.41,843.91,403.4,211.29,207.67,366.8,179.84,123.61,154.7
4616,1590.78,1238.97,690.48,259.65,268.04,626.39,242.61,319.11,212.94
3062,930.64,771.49,340.03,161.15,185.25,394.41,180.02,122.28,127.02
4156,1315.56,1106.93,493.68,211.4,262.9,542.46,272.47,249.19,196.39
9860,3080.41,2902.96,1051.19,619.98,572.08,1403.56,506.3,768.42,478.0
7161,2502.06,1799.4,933.66,437.14,365.37,904.19,438.7,526.7,298.36
7305,2333.72,1974.66,996.28,398.75,402.18,810.23,371.65,224.98,346.56
4982,1677.09,1253.32,618.29,331.96,268.46,501.3,337.24,207.01,226.64
8541,2854.71,2293.65,959.08,552.69,594.01,922.21,584.44,555.75,393.25
5294,1644.34,1369.2,693.75,293.97,343.0,537.49,316.83,416.42,261.47
6729,2099.11,1767.11,854.3,437.84,397.22,752.66,439.97,423.63,271.62
3156,991.19,927.49,342.61,173.26,161.8,415.8,195.22,110.88,146.4
9330,2990.79,2535.92,1122.25,592.5,488.12,1003.64,530.07,260.95,380.8
7334,2286.13,1933.9,892.99,384.09,485.94,763.44,402.66,364.57,351.27
2732,822.28,763.5,407.43,174.42,188.26,405.82,178.05,86.27,133.76
6330,2177.33,1627.48,901.8,346.73,320.47,948.52,370.94,213.05,258.68
8801,3065.22,2314.4,1203.26,540.82,600.3,1160.42,602.03,511.04,354.31
6846,2170.72,1898.48,988.83,365.91,394.41,721.76,475.89,348.39,339.27
8731,2767.08,2286.44,1194.18,563.32,473.85,1231.73,473.29,237.85,430.14
9176,2756.05,2605.58,1332.08,469.97,477.56,1164.99,561.77,268.13,451.8
9241,3086.61,2537.34,949.31,492.62,604.68,1008.23,561.29,195.6,456.48
2953,1007.78,852.23,362.64,158.53,175.34,380.3,198.92,97.98,132.89
4539,1394.97,1349.95,623.41,230.7,302.52,462.84,289.68,332.43,225.9
9056,2789.1,2316.44,1169.72,587.74,493.76,1345.93,562.81,612.02,443.05
5324,1807.52,1420.09,579.03,370.65,338.45,752.27,338.5,238.98,218.16
5301,1753.65,1409.95,620.35,347.58,277.57,599.22,306.34,342.0,255.12
3542,1070.54,912.27,410.48,238.07,183.46,428.39,245.13,157.33,166.91
7293,2414.91,2118.73,824.6,365.53,384.11,873.44,373.06,492.47,301.5
7772,2451.65,2238.29,910.54,406.92,514.34,1111.98,393.13,240.29,368.23
3191,1016.13,875.04,401.24,195.23,201.39,375.68,186.07,93.02,143.11
8313,2813.84,2301.77,1186.63,578.23,443.24,851.24,441.35,205.14,403.5
7512,2558.19,1900.36,1029.91,474.87,433.41,831.84,457.45,259.23,361.99
4993,1597.85,1386.93,707.82,287.01,325.91,553.12,250.55,143.69,246.77
8938,3104.68,2588.15,1288.68,473.03,497.97,1318.02,529.07,607.06,364.25
4681,1499.43,1304.55,565.5,248.36,320.3,684.38,261.66,161.02,220.49
3217,1089.25,846.92,377.36,184.19,219.7,370.05,173.87,163.98,140.81
3540,1147.65,1003.16,364.2,227.54,216.15,354.49,208.48,231.42,169.07
8172,2818.33,2190.7,1197.4,413.8,511.89,1028.45,548.27,495.42,376.12
5236,1808.45,1451.65,540.83,351.04,330.21,732.32,330.43,168.99,235.39
7541,2295.26,2069.09,1033.55,519.05,416.03,855.38,401.17,185.69,301.96
4386,1521.17,1180.09,521.52,297.27,251.35,534.88,263.06,327.66,202.07
5719,1951.76,1635.31,843.2,390.38,301.5,621.31,392.51,327.81,252.8
7615,2585.79,2240.29,921.26,383.09,521.61,886.16,447.64,475.13,329.92
3388,1050.43,847.88,477.13,235.66,218.45,467.35,201.28,146.23,169.02
3856,1312.03,1144.0,440.1,221.05,196.37,468.17,265.4,133.02,181.25
3365,1152.53,927.31,386.82,226.75,205.22,411.75,177.39,174.43,152.77
2499,785.83,712.31,324.31,134.29,142.1,348.55,161.69,61.66,121.67
3680,1279.22,1077.43,551.63,216.86,244.01,508.39,206.02,250.23,155.56
2510,759.26,686.12,315.96,127.72,142.76,274.49,168.97,148.77,115.96
9494,2919.36,2769.86,1393.87,482.31,597.01,1146.53,485.02,623.74,461.5
6312,2063.26,1634.06,879.34,434.68,336.52,899.1,440.63,341.83,260.28
3324,1092.9,857.45,464.67,220.09,203.35,408.31,217.3,181.74,140.81
3155,1048.27,892.47,384.27,191.18,176.29,419.89,175.69,176.75,128.81
3827,1151.35,1123.25,456.66,231.57,203.97,441.25,249.59,256.6,191.06
5141,1789.16,1514.65,563.43,334.04,320.72,529.41,351.95,172.34,235.5
9419,2846.7,2657.92,1395.87,535.31,591.26,1019.56,492.22,573.54,422.86
5486,1685.04,1515.64,811.76,357.89,382.19,658.79,374.54,291.65,238.01
3810,1145.67,1015.63,523.32,227.46,241.49,448.34,217.95,189.38,169.52
8588,2819.81,2567.81,986.01,538.97,517.98,1243.39,430.51,450.48,410.15
4923,1706.38,1309.44,552.65,341.15,336.01,626.61,257.22,178.86,242.05
7301,2433.4,2096.92,1090.99,433.87,486.0,959.04,494.25,162.26,299.7
4214,1437.53,1165.59,435.42,245.96,256.95,566.51,293.52,276.23,181.19
6186,1859.91,1734.71,879.51,421.36,372.56,783.03,420.08,463.77,259.14
2713,887.42,731.63,319.52,184.62,186.76,375.7,159.61,132.52,120.33
7977,2576.4,2379.07,964.77,557.18,497.31,1110.04,552.23,560.58,361.4
5602,1820.36,1560.63,793.24,341.82,360.07,658.62,325.68,298.67,264.49
6134,1862.35,1821.12,641.19,348.93,317.33,639.4,320.65,465.07,299.07
9293,3105.92,2326.78,1093.86,509.33,598.15,1387.61,528.02,469.34,422.1
5522,1795.54,1538.61,815.05,279.87,305.33,729.63,386.37,178.31,247.87
6268,2120.2,1791.77,845.89,404.5,327.88,848.97,391.87,452.59,286.81
6748,2188.14,1938.39,929.52,368.91,452.07,930.11,383.29,458.97,329.87
6849,2105.86,2022.16,944.31,425.55,437.13,894.81,427.95,300.54,318.38
3243,1078.01,811.46,334.12,221.6,188.58,400.66,189.98,228.68,155.25
5709,1761.91,1427.34,628.91,393.95,334.71,851.97,291.11,117.28,269.44
3081,1058.69,843.0,383.78,154.32,166.2,420.2,166.44,209.46,151.69
7779,2572.17,1956.14,921.09,438.28,390.44,1106.89,391.94,476.72,374.71
8619,2653.45,2574.72,1038.98,575.3,491.17,1051.38,474.87,368.73,374.17
2455,854.63,641.01,341.42,149.09,130.04,356.56,159.06,165.7,119.17
6924,2256.66,1894.64,697.48,458.02,404.6,945.87,372.97,191.1,309.33
2894,878.75,732.35,384.97,194.09,192.96,397.36,175.26,93.18,140.28
3384,1121.26,934.33,338.42,199.16,176.97,353.11,216.68,176.02,166.01
3958,1237.51,1064.69,408.28,226.32,205.16,517.99,241.33,288.39,185.44
5072,1725.42,1279.33,610.74,299.8,345.11,592.21,255.16,141.03,239.34
8530,2907.8,2275.43,1211.66,537.87,553.62,1138.33,488.49,459.39,353.24
3996,1394.39,1077.21,428.57,229.14,204.04,513.13,235.1,260.49,172.78
8491,2760.37,2543.02,1084.56,556.16,438.06,896.31,482.76,548.53,387.0
6285,2028.47,1636.58,841.72,427.88,400.34,795.05,382.92,362.5,251.62
2504,845.54,694.21,279.14,139.34,143.75,306.9,150.9,191.44,121.38
3214,985.49,962.16,403.73,222.73,207.25,446.17,172.75,157.26,140.44
3531,1155.86,1022.58,514.01,220.53,205.11,441.84,229.65,257.11,166.78
5440,1780.58,1630.2,683.33,367.54,377.3,674.88,289.53,311.03,259.45
9576,2915.64,2857.62,1032.93,498.7,611.79,1302.09,566.7,615.24,435.52
2823,905.9,774.85,370.92,155.35,143.78,376.67,183.85,135.19,135.23
2928,1003.32,833.95,379.5,165.2,165.75,438.01,187.23,88.01,137.1
7029,2409.6,1796.07,712.37,394.02,430.68,826.59,412.21,186.59,306.45
7236,2206.7,1968.61,756.38,386.67,382.33,972.65,475.97,440.96,348.5
2133,649.58,619.53,230.02,143.69,106.76,231.14,137.1,90.84,98.89
4105,1285.42,1129.97,438.47,239.62,211.76,575.64,236.82,221.87,170.78
5627,1934.22,1604.45,635.7,389.74,340.35,783.88,382.13,364.42,268.57
6780,2077.7,1947.81,831.94,418.12,424.73,924.05,358.25,455.54,317.05
8815,2961.84,2315.47,1045.33,465.15,457.13,933.97,503.95,445.86,377.69
8316,2536.86,2443.12,1201.93,506.59,526.43,1242.22,531.86,323.24,402.66
3852,1275.62,1051.56,503.09,269.14,240.14,566.75,259.85,256.36,168.49
6910,2196.02,1800.12,993.71,423.61,475.39,818.87,390.08,310.4,314.59
7268,2467.09,2131.49,918.33,363.67,485.6,936.6,444.98,553.85,315.66
6175,1924.65,1672.75,645.25,423.99,425.24,891.94,310.21,429.0,291.73
4933,1637.56,1418.31,607.57,269.82,341.97,615.3,283.24,319.73,225.99
5284,1647.47,1465.79,745.58,336.96,310.78,686.7,299.17,182.16,236.21
6298,2114.13,1694.75,690.92,379.78,376.36,819.76,421.02,263.04,253.2
4811,1653.46,1397.57,503.04,271.86,267.65,637.28,247.67,341.29,221.65
7348,2250.99,2051.73,855.83,408.94,442.12,946.24,376.53,157.16,339.65
7795,2676.26,2100.97,931.07,534.54,413.25,937.72,458.77,521.39,325.93
3250,1071.46,830.31,374.77,221.78,206.14,412.67,188.98,143.81,140.8
7778,2382.83,2292.74,830.4,468.72,392.78,1116.7,414.03,528.6,379.47
7651,2458.86,1926.32,861.06,422.1,418.61,1095.66,422.85,406.6,348.06
5512,1697.93,1615.89,739.24,286.88,298.54,764.11,383.0,284.47,244.46
9569,3205.78,2564.47,1141.55,508.42,657.94,1155.03,576.66,594.19,472.32
8190,2767.76,2309.31,1078.03,495.04,433.23,1140.86,423.89,560.03,394.1
3256,994.02,964.13,412.91,182.85,220.81,388.74,166.04,200.59,133.41
5376,1748.85,1384.78,685.19,273.32,282.17,716.1,273.31,252.9,261.22
7645,2604.89,2127.97,859.51,451.85,481.74,981.4,441.73,300.07,317.25
7262,2518.52,2093.07,915.57,471.48,409.56,835.14,488.82,513.7,303.17
5486,1786.66,1579.31,555.07,372.14,308.97,672.82,365.69,281.14,223.57
5584,1940.52,1542.76,678.94,344.56,390.69,790.24,320.29,374.17,250.24
3396,1109.76,955.08,436.83,218.93,185.15,494.59,222.4,270.81,157.73
5637,1802.2,1622.76,615.0,322.9,304.69,621.56,366.66,330.52,267.97
5330,1825.05,1556.63,601.37,319.4,329.32,654.58,317.99,195.62,214.62
4703,1526.82,1354.89,521.92,303.78,304.83,572.24,273.19,338.3,196.48
2470,799.28,661.22,255.71,159.45,172.04,307.39,132.42,89.96,114.14
9114,2957.64,2732.71,1069.92,533.08,583.55,1356.45,506.51,324.68,412.46
7131,2441.22,1937.67,1062.15,434.09,436.68,898.06,404.85,174.25,288.9
3353,1145.37,842.35,394.63,229.6,195.09,474.46,222.15,82.87,165.48
4783,1531.4,1282.47,588.44,299.61,296.08,637.08,292.05,343.13,227.6
4831,1529.81,1238.62,640.85,303.64,299.6,508.99,260.96,163.5,210.57
7063,2292.62,1808.64,935.32,463.99,383.9,951.97,366.69,187.32,320.41
2357,774.6,622.43,347.65,123.28,149.49,311.96,141.26,97.0,103.1
5019,1565.51,1268.14,717.11,303.44,271.47,692.24,317.83,315.26,223.61
9575,3252.61,2723.38,1337.6,662.48,572.58,993.14,635.57,386.62,440.08
2667,864.97,676.62,393.6,152.64,147.21,298.88,175.88,102.83,117.31
6468,2048.43,1682.74,721.43,361.55,363.86,895.59,430.01,318.77,298.87
7127,2176.17,1814.85,932.59,442.05,443.85,844.77,420.19,151.61,318.23
3145,981.06,796.18,454.01,171.16,161.31,457.73,211.7,155.57,146.47
7467,2594.51,1966.72,979.72,456.37,375.15,939.97,439.75,592.89,318.26
8819,2780.23,2456.93,1312.89,468.4,463.99,882.35,470.6,599.35,367.86
6185,1907.72,1844.58,649.53,380.97,330.12,834.62,358.41,149.86,248.24
5719,1847.43,1680.12,697.53,354.85,308.58,718.73,324.84,339.08,263.19
4745,1496.36,1394.07,706.38,276.96,310.7,549.73,274.47,226.18,236.34
9483,2861.57,2454.23,1128.27,546.74,558.9,957.99,599.06,659.78,419.19
9345,2954.49,2460.03,1280.06,513.13,555.08,1027.36,590.03,242.14,393.67
2539,830.77,644.45,257.76,143.75,159.67,274.41,138.37,86.23,101.89
4779,1565.53,1380.77,643.93,286.58,308.64,617.17,269.15,322.43,215.67
6964,2213.35,1765.31,1021.84,382.69,348.69,964.36,431.12,494.11,347.69
6136,1978.03,1704.79,731.01,402.87,411.94,685.58,317.12,317.59,305.8
6835,2380.47,1793.46,690.78,438.68,476.87,921.95,435.89,144.78,280.33
5775,1841.46,1514.04,585.56,319.85,302.82,837.32,309.41,425.17,278.15
8042,2516.43,2408.87,1162.88,417.77,506.82,1054.14,538.93,345.53,335.62
8645,2698.74,2488.37,1176.81,432.28,432.67,1199.77,501.68,193.48,415.77
9102,2938.93,2656.39,958.75,563.73,464.03,1003.15,495.3,629.21,441.77
9312,3147.23,2594.32,956.62,504.96,518.68,966.09,589.97,419.82,373.2
7320,2271.39,2148.79,1026.57,367.84,489.91,865.73,447.11,229.84,310.17
7024,2356.3,1982.7,986.82,401.64,442.86,951.4,375.35,478.3,284.93
8132,2448.2,2417.71,862.2,563.06,479.11,1092.17,541.13,385.97,365.85
9891,3174.48,2611.89,1138.22,631.03,581.31,1461.43,584.22,558.53,398.28
4508,1527.28,1261.19,626.62,302.74,267.42,592.8,239.13,312.8,208.54
4779,1514.64,1359.66,603.45,252.78,268.68,576.18,315.05,245.38,217.84
8895,2919.22,2398.51,1314.94,457.79,600.9,1244.02,468.49,236.86,389.55
2924,907.17,859.61,362.73,146.87,179.41,314.78,202.81,227.56,130.46
4956,1670.67,1481.8,663.35,342.53,295.77,697.07,291.59,184.33,247.31
3581,1083.66,983.66,449.38,200.55,212.36,423.62,231.21,285.24,149.24
9714,3328.28,2618.23,1429.4,574.97,667.51,1046.2,573.51,197.79,459.57
5324,1649.96,1456.63,638.52,308.21,343.26,575.56,286.17,261.02,247.32
6485,2229.02,1897.75,723.01,418.99,343.03,967.43,422.58,403.99,302.44
7713,2449.85,2177.17,897.27,433.47,453.06,1011.65,430.29,573.68,335.18
9026,3033.95,2276.71,1287.46,547.96,503.36,981.25,574.49,603.12,380.58
2255,712.49,624.88,281.64,157.65,157.26,255.78,124.36,79.69,104.88
6804,2349.39,1706.89,800.92,400.63,396.73,806.98,373.01,235.41,334.26
3838,1175.7,1108.9,488.24,234.22,197.11,394.53,227.01,158.87,190.98
3944,1218.4,1050.74,420.67,236.84,229.64,415.78,261.58,105.04,176.73
8593,2789.73,2351.05,861.6,567.69,484.88,1186.59,535.11,517.08,380.29
2009,610.93,582.48,229.08,111.17,124.54,279.94,103.05,153.64,87.37
4871,1509.03,1229.06,634.45,260.15,265.57,727.78,315.04,285.08,234.29
2797,971.09,721.42,379.23,182.03,141.86,289.15,172.28,145.45,119.02
9409,3282.09,2539.47,1329.78,548.66,488.49,1359.22,587.79,472.34,424.63
9418,3002.58,2462.77,1378.17,643.01,524.23,1091.18,537.5,523.23,409.22
6972,2413.46,1860.79,840.86,438.42,397.17,811.49,426.15,436.7,339.93
7124,2331.27,2136.55,976.17,436.61,475.09,757.74,409.19,482.29,305.1
9286,2911.04,2704.74,963.27,477.39,514.46,1386.54,479.44,574.8,435.19
3015,1010.39,887.0,310.17,194.79,152.65,449.38,201.67,187.84,138.35
3824,1273.18,1135.16,406.26,243.67,250.91,547.76,243.06,294.85,165.52
6469,2260.63,1727.53,791.99,406.26,435.87,676.26,410.19,478.45,275.24
5136,1608.86,1360.29,567.86,284.32,307.37,729.74,276.69,356.62,246.72
4193,1398.8,1097.32,479.45,289.04,233.54,552.35,265.3,94.77,189.13
2223,672.68,648.02,294.31,125.45,145.48,236.61,121.47,133.67,102.51
7358,2249.21,2089.51,867.7,390.3,369.21,832.1,469.08,348.02,365.11
8320,2497.63,2178.25,1063.87,580.27,569.76,1118.72,471.5,474.71,365.91
7898,2764.09,2123.37,952.66,512.78,531.62,1107.08,419.78,483.18,380.23
6948,2363.11,1913.03,753.5,405.04,423.11,989.43,473.33,436.88,322.3
9449,3206.39,2611.77,979.87,649.32,524.91,1201.83,492.23,681.89,434.04
6158,2004.34,1813.14,688.54,319.12,311.95,780.41,401.72,459.38,249.68
7336,2310.86,1973.59,754.76,379.66,513.49,984.57,381.73,413.82,360.37
5925,1822.31,1750.4,775.76,377.12,386.56,822.9,377.39,436.38,250.54
8970,2818.68,2440.45,1253.88,480.43,509.26,973.51,468.3,590.92,401.24
8938,2849.42,2568.05,1045.63,610.85,450.35,1224.43,537.86,287.48,424.73
6784,2291.74,2011.54,809.71,453.22,425.94,794.3,364.71,150.05,306.79
7580,2478.53,2238.97,1067.34,425.45,528.61,903.44,510.37,156.1,303.53
6000,1823.25,1517.09,666.78,406.66,384.85,623.31,348.18,331.18,296.94
3633,1093.17,945.62,384.95,184.77,187.73,470.19,182.77,186.36,146.06
4152,1266.84,1137.01,519.23,253.16,241.01,434.59,259.76,256.52,169.81
9266,2969.98,2516.44,1225.98,636.68,483.53,1349.66,545.79,653.9,391.41
2510,870.12,707.93,326.26,168.44,171.29,328.93,168.66,74.97,115.43
2384,791.18,708.61,323.49,136.18,134.95,356.44,139.85,170.18,118.51
2404,817.58,614.51,247.22,128.99,155.46,269.93,139.97,62.23,118.34
8966,2898.88,2444.07,1088.56,486.05,463.49,1201.26,529.73,654.47,417.04
6613,2103.48,1716.87,740.18,398.7,347.63,980.19,444.37,469.72,313.57
6571,2006.91,1936.51,906.51,406.98,417.85,755.2,405.67,406.2,309.62
4000,1375.19,1192.92,574.55,202.63,267.48,419.26,253.55,152.01,187.48
4756,1613.04,1302.84,542.5,277.14,256.96,626.36,306.33,121.78,228.88
3668,1131.23,936.08,384.26,244.32,214.09,433.94,252.18,244.6,159.19
7989,2601.32,2310.94,900.13,470.44,498.42,907.97,533.27,264.22,337.23
8914,2891.42,2539.22,937.76,475.86,587.66,1334.24,611.02,414.11,387.55
3460,1146.14,926.36,401.78,239.08,216.47,476.46,196.76,179.41,140.08
9190,3191.77,2705.26,1166.3,508.44,477.04,1142.04,498.99,561.75,456.47
9140,3006.96,2730.96,1358.97,602.95,556.23,936.85,494.18,450.11,433.19
5636,1843.03,1566.2,676.14,303.64,381.51,617.6,378.49,347.58,237.47
4724,1429.09,1314.62,524.37,276.18,318.21,542.97,314.67,325.21,201.04
6809,2064.12,1803.54,737.69,407.24,420.12,846.77,429.02,427.49,339.95
9625,2977.66,2687.54,1045.78,577.62,672.92,1201.8,493.37,365.46,458.93
6178,1863.43,1680.31,677.29,372.72,321.89,625.44,348.2,455.05,273.42
7264,2449.19,1925.76,1003.26,395.88,432.73,1069.03,469.86,385.24,305.57
9252,3110.21,2344.08,953.43,558.07,606.03,1176.3,508.6,443.38,373.82
9245,2836.39,2428.06,1385.55,551.32,488.33,933.62,577.64,503.88,431.68
8600,2939.51,2235.08,1084.76,465.9,597.31,1161.57,523.35,421.34,411.08
7997,2460.99,2215.99,1017.33,557.9,456.48,828.23,441.86,522.26,328.5
4048,1275.36,1133.78,477.17,272.48,230.75,550.76,278.04,183.13,162.02
6146,1920.31,1723.51,826.72,416.4,333.51,830.17,338.86,409.34,267.81
6780,2160.21,1826.59,837.82,431.96,378.06,1011.89,460.33,444.83,316.45
2716,849.38,736.2,316.29,144.49,167.17,318.05,165.18,99.44,133.73
9939,3224.68,2899.32,1125.66,609.88,582.3,1065.62,515.2,255.99,484.98
7565,2423.6,2071.39,1106.63,502.53,407.51,791.25,504.38,537.55,354.69
6544,2286.01,1959.2,749.61,332.27,433.1,677.87,430.78,197.2,315.03
6976,2112.31,1897.34,849.81,417.98,357.48,980.24,464.74,152.57,303.87
6583,2021.7,1859.56,773.61,381.3,439.04,894.81,413.17,290.57,279.46
3823,1157.0,965.38,398.77,207.37,212.17,568.85,245.56,134.76,157.67
4081,1352.0,1153.56,446.04,234.92,244.53,471.19,278.08,135.58,170.65
5419,1640.47,1585.44,593.25,377.54,312.25,759.5,284.79,164.41,268.94
8238,2815.93,2447.7,1109.51,531.06,505.91,862.11,425.58,535.07,406.13
9239,3008.19,2770.46,1111.72,517.3,609.03,1341.45,485.06,619.06,373.89
3574,1166.38,943.93,497.14,221.97,249.42,366.66,240.89,81.43,159.76
8297,2722.08,2312.94,1123.81,455.78,465.64,1156.55,508.26,438.15,362.86
2249,693.91,612.93,246.5,139.93,137.36,259.46,120.37,63.22,104.62
2673,828.32,743.6,342.53,181.56,158.56,291.52,141.23,133.58,115.7
6533,2064.04,1684.68,895.97,399.41,457.17,883.43,384.85,267.04,279.65
4165,1373.1,1219.54,548.33,269.34,275.63,603.07,276.2,133.73,200.3
2770,860.1,818.48,360.1,163.61,160.5,382.83,183.11,212.97,137.04
5962,1823.28,1624.54,816.68,360.6,354.96,689.54,399.6,461.49,250.57
9473,3301.4,2501.08,974.19,605.34,520.25,1114.77,619.33,510.01,401.21
6363,1915.89,1635.56,869.0,421.54,414.26,696.53,325.99,199.05,281.19
3984,1355.1,1132.21,452.71,251.75,266.55,562.55,256.58,219.1,187.5
3077,1044.34,817.29,395.68,214.0,213.24,324.18,185.79,232.96,128.22
2235,703.71,660.39,250.58,148.4,137.04,324.43,144.22,95.36,99.86
2388,732.59,677.12,338.95,156.52,151.43,310.58,142.53,67.49,115.6
5037,1547.78,1421.87,624.73,336.99,296.79,652.0,300.56,310.39,213.27
9901,3315.56,2752.18,1308.39,550.74,615.67,1404.86,520.03,587.88,400.76
6858,2277.82,1730.2,958.09,402.16,390.73,914.7,467.06,137.73,336.51
3848,1305.0,1141.3,557.06,235.84,249.17,443.34,221.23,274.04,184.22
8544,2963.69,2404.25,1167.14,506.21,431.08,1003.71,526.72,509.61,401.47
6719,2248.15,2013.71,721.88,449.83,339.77,730.04,363.79,213.27,274.63
4814,1481.71,1332.84,687.09,243.31,309.65,593.1,276.22,97.22,235.85
5374,1677.61,1534.31,703.61,291.18,368.73,567.0,362.27,420.99,231.36
9062,3100.2,2290.97,1182.34,612.9,567.69,1202.09,491.09,591.57,381.65
5278,1638.64,1486.22,770.94,270.14,340.59,572.46,285.66,221.16,236.85
3252,987.39,937.33,365.66,177.36,216.19,465.68,179.54,149.49,160.09
8996,3015.14,2599.18,1007.37,513.0,514.87,1214.67,553.19,470.78,449.31
5981,1914.68,1725.55,751.57,388.85,311.98,864.71,361.33,377.51,275.97
6673,2308.87,1743.75,917.83,408.41,458.18,696.34,357.05,202.7,330.68
4122,1370.62,1231.53,504.38,284.8,283.48,576.77,263.15,130.85,183.57
6530,1988.52,1957.43,859.97,356.26,384.2,940.58,445.02,149.51,263.14
4150,1441.68,1053.19,508.9,279.89,225.53,424.25,224.0,328.46,177.44
9589,3000.67,2846.23,1251.55,533.71,650.59,1437.91,608.51,695.53,412.5
9871,3127.73,2610.61,1392.93,542.02,633.41,1135.48,609.31,524.91,472.1
6859,2195.66,1951.14,747.79,411.32,344.08,758.51,388.07,314.25,282.88
8881,2687.05,2370.39,1196.88,456.7,463.18,1072.34,553.79,304.14,370.77
8949,2906.87,2670.27,1247.23,516.23,623.42,898.76,485.02,498.45,412.93
3329,1019.23,849.15,407.32,190.13,168.99,480.36,221.97,204.5,137.51
8241,2637.52,2265.35,957.29,438.44,458.62,934.73,415.71,505.59,370.48
8941,2839.08,2426.61,900.15,600.98,545.13,1127.28,548.45,182.27,360.78
3358,1137.16,894.24,469.63,193.82,180.28,440.5,189.31,208.61,156.78
9002,3062.11,2541.05,1047.81,626.88,491.88,1256.27,608.78,647.99,441.85
4482,1378.98,1149.87,528.27,304.75,255.74,504.27,268.86,120.54,218.49
6542,2082.5,1869.92,764.11,352.59,362.37,888.78,432.1,427.34,266.5
4017,1280.09,1201.2,501.87,241.43,265.39,425.33,275.07,278.76,184.42
3331,1024.52,966.75,450.1,206.64,199.88,450.39,188.82,121.82,136.7
6344,2156.47,1858.8,879.23,421.11,352.55,926.0,428.9,397.94,257.16
6261,2099.7,1677.83,748.99,423.95,352.26,652.72,403.99,161.57,288.66
9648,2986.24,2568.73,1284.68,602.81,490.09,1021.1,503.27,568.78,441.15
9127,2905.45,2517.71,1241.58,462.76,465.37,1166.99,475.32,462.01,373.64
3358,1025.16,847.18,385.65,200.22,216.11,343.59,222.79,238.39,146.4
7115,2357.98,2115.06,745.87,481.66,371.82,778.16,422.39,335.24,307.13
6637,2031.38,1706.97,960.59,426.64,395.01,726.82,397.58,303.22,288.21
6854,2394.08,2022.96,917.45,461.98,458.17,850.32,464.87,521.09,297.0
5177,1755.18,1315.89,685.46,328.64,297.0,582.02,352.43,393.74,249.77
9730,3108.85,2832.71,1001.66,495.07,553.78,1204.34,508.43,215.45,423.61
4128,1357.82,1063.37,581.61,286.32,278.48,520.37,237.25,202.82,178.76
4180,1444.47,1052.97,536.31,285.75,281.3,570.7,283.84,123.97,168.44
6892,2258.54,1970.94,981.38,362.05,465.92,1015.19,457.61,251.02,330.15
9043,2791.8,2387.47,1344.95,472.53,555.59,1132.07,582.55,542.29,421.39
2137,681.56,610.59,315.97,129.89,147.55,251.63,111.21,59.32,92.78
8327,2849.14,2312.86,1189.13,542.43,552.74,940.41,519.8,172.17,370.7
5472,1817.86,1397.77,550.2,315.43,319.09,720.84,337.28,348.17,262.33
7449,2477.06,2209.42,1074.79,392.77,466.24,1096.09,397.35,435.62,323.6
4832,1659.02,1317.28,501.34,290.94,253.37,667.94,316.39,358.34,216.15
5579,1923.07,1599.62,795.34,316.62,340.47,615.39,313.76,293.11,224.26
7971,2757.88,2192.43,908.76,454.63,440.5,1153.13,497.49,611.53,392.04
5031,1533.16,1409.78,656.56,316.45,280.08,688.12,287.96,284.55,219.92
6164,2016.9,1634.31,628.13,417.38,323.7,655.83,318.6,266.46,264.83
4593,1547.96,1194.26,636.4,280.96,262.55,623.0,277.86,259.54,211.7
9941,3358.53,2754.93,1049.62,633.76,592.76,1137.92,558.02,645.68,450.0
8196,2707.43,2229.4,987.9,517.98,508.21,1020.97,421.49,334.83,360.7
7569,2333.82,2039.89,1066.26,461.88,424.6,870.52,408.5,320.56,372.57
6300,2141.19,1786.86,849.03,354.16,414.82,656.48,392.98,364.12,274.87
8269,2778.43,2352.74,829.4,475.93,499.61,1144.67,430.22,391.42,413.32
5818,1770.46,1467.86,699.04,327.64,365.14,822.86,301.08,300.32,278.63
6138,1983.74,1638.46,626.67,419.53,341.04,684.99,422.79,484.44,300.97
5823,1797.55,1575.64,778.39,387.42,385.96,652.07,303.67,131.75,249.38
6042,1914.55,1539.77,896.92,372.11,377.54,734.09,347.54,355.72,245.92
3906,1175.33,1022.57,518.57,266.56,262.67,549.08,205.72,294.41,172.61
8254,2641.42,2084.81,918.0,559.03,439.1,857.29,567.75,282.06,356.03
2760,903.88,827.48,325.02,189.21,159.01,387.6,164.56,90.31,112.07
9830,3253.52,2819.52,1463.02,535.1,513.72,1436.52,513.35,410.7,400.23
9350,3115.18,2378.38,1039.74,601.67,507.8,1197.5,611.27,228.56,390.29
8991,3073.25,2256.85,1151.54,559.1,520.5,926.25,589.95,482.07,393.61
8238,2560.15,2355.77,988.75,532.81,559.29,934.83,560.38,483.8,406.57
8090,2475.73,2200.15,1119.78,447.11,494.63,854.06,518.68,559.77,376.81
5445,1865.33,1575.46,780.65,347.91,308.23,615.09,278.21,130.52,239.49
8031,2472.19,2378.57,939.96,467.38,521.52,1129.07,489.94,370.8,385.44
9687,3378.23,2712.02,1288.56,645.95,488.16,995.66,558.75,649.54,442.55
2899,991.83,751.87,369.48,191.07,166.41,331.04,188.35,191.62,128.06
6455,2098.16,1866.2,735.37,350.04,400.32,812.35,399.04,157.62,267.52
4947,1726.85,1473.17,561.96,265.54,305.06,710.89,319.1,102.32,243.74
3719,1133.81,1037.64,472.06,239.33,231.14,418.38,199.37,249.17,171.96
2280,718.55,647.75,245.56,139.1,123.64,316.73,133.93,64.48,101.22
5266,1747.84,1405.36,740.09,321.98,298.8,680.25,308.81,287.88,233.72
3887,1234.12,1045.9,402.11,252.85,266.77,520.15,270.61,99.72,185.22
5266,1824.24,1509.93,551.5,353.35,365.88,753.5,265.31,198.69,220.09
2666,808.55,790.17,312.22,146.04,149.94,270.12,176.81,78.6,117.77
6188,2026.39,1741.61,655.34,378.15,389.16,782.7,321.42,397.17,251.42
2671,880.21,773.23,330.63,177.83,146.44,366.89,137.84,161.23,108.97
3969,1320.23,1026.31,476.22,267.73,227.7,572.45,224.5,111.6,179.65
6156,1925.49,1604.24,837.77,343.19,405.35,656.44,394.08,145.03,269.68
8777,2793.09,2427.73,1295.93,457.13,526.83,1027.55,557.94,421.12,414.23
5122,1752.67,1325.72,705.19,279.95,343.13,532.32,320.42,162.54,255.42
9570,2964.28,2696.35,1042.87,659.47,598.84,1356.52,626.75,196.08,465.05
9956,3398.41,2634.18,1461.3,589.89,623.03,1422.4,544.07,356.99,442.24
7124,2337.62,2062.94,852.08,415.84,361.03,884.65,446.51,234.48,311.88
7585,2564.56,2202.73,938.34,381.23,492.97,766.39,476.04,463.42,347.78
6699,2248.72,1830.1,811.11,341.78,465.96,704.13,422.62,480.0,274.1
6777,2103.42,1755.52,772.76,429.49,402.96,889.26,419.42,232.17,338.01
5900,1937.8,1665.8,854.04,364.6,313.71,879.87,321.14,196.96,293.88
8677,2979.56,2599.97,1011.84,533.73,603.39,1231.64,592.52,375.42,427.16
7524,2419.76,2115.22,970.07,392.8,419.86,1052.58,523.07,228.38,350.78
8981,3128.35,2261.31,1005.89,512.29,522.55,1085.79,572.84,689.82,404.43
9680,3122.87,2428.37,1353.93,641.27,498.98,1444.84,569.97,335.04,455.61
8788,2699.14,2337.77,1218.98,470.14,458.88,1241.29,533.82,224.97,379.15
8376,2675.9,2175.99,961.7,566.67,455.08,978.17,436.95,447.39,406.42
2523,876.96,733.32,338.28,132.28,153.83,346.72,144.49,131.84,104.32
4393,1388.13,1283.81,593.91,234.51,268.66,534.3,305.41,254.42,211.02
5117,1757.2,1345.42,655.62,304.74,317.89,680.68,311.9,399.14,249.07
4593,1580.28,1223.03,597.23,316.49,283.28,682.07,281.15,181.01,191.54
3968,1259.88,1038.87,510.77,224.55,237.7,445.7,274.11,164.97,177.71
7197,2189.06,2126.13,749.16,454.59,475.3,1005.78,487.43,289.48,352.05
3753,1261.86,1032.57,501.08,231.84,257.75,486.08,230.34,216.61,186.12
7932,2503.15,2243.22,979.51,420.34,439.39,1169.96,439.27,446.13,381.64
9240,3133.71,2501.95,1126.57,507.86,486.06,986.12,483.61,477.97,456.54
8937,2878.9,2516.22,1277.99,613.11,522.83,1215.3,601.22,374.1,441.22
4296,1393.04,1156.88,434.59,230.68,217.07,437.58,293.85,196.15,213.93
8190,2775.55,2186.6,921.91,523.34,554.19,919.96,490.46,553.24,361.46
7240,2310.42,2039.68,767.95,501.69,396.71,840.15,375.69,409.46,310.37
4261,1372.71,1191.18,433.63,223.23,259.86,518.19,264.71,268.35,197.41
4286,1366.42,1134.4,487.68,248.52,224.17,635.46,245.8,156.88,179.53
7175,2284.28,1847.33,1072.12,390.88,438.14,741.75,381.4,535.9,326.97
8493,2771.24,2279.77,964.05,462.28,431.27,921.06,580.78,187.78,388.92
6202,2111.41,1679.25,826.02,324.86,405.46,683.16,339.8,345.71,298.1
4878,1551.64,1372.84,516.65,307.27,337.11,591.21,313.28,335.32,212.77
6143,2003.92,1816.65,799.16,398.85,344.87,632.94,359.9,442.16,282.69
5644,1882.48,1421.21,842.22,358.6,311.35,836.84,375.66,221.09,276.74
6432,2016.25,1686.36,737.05,440.55,379.23,823.25,411.76,306.07,284.41
7145,2242.65,1855.46,1017.48,378.07,445.84,1005.05,374.85,157.86,326.65
8947,3101.66,2461.45,1340.96,504.58,481.16,1240.28,527.8,602.9,428.33
7376,2479.64,2002.47,954.66,419.63,487.3,981.31,407.12,202.65,313.45
4055,1333.52,1161.56,468.23,221.57,218.85,588.87,260.62,185.25,166.39
6720,2233.63,1761.45,898.31,355.11,336.74,975.2,409.21,533.89,314.62
7986,2407.5,2233.88,1135.95,477.04,483.03,849.62,453.63,599.46,349.03
3276,1084.05,963.78,355.67,218.47,171.34,475.34,185.39,130.39,143.54
7811,2542.29,2308.42,957.83,539.67,499.63,985.71,408.44,261.14,385.09
4766,1559.85,1419.98,552.66,250.63,254.26,540.48,258.68,167.29,210.08
2302,731.97,664.5,262.81,153.0,152.73,300.24,147.95,140.62,114.03
2638,802.15,779.0,377.34,175.4,156.72,300.85,164.08,167.64,108.33
2055,636.37,537.85,248.82,118.74,126.02,254.72,117.36,67.79,89.25
6821,2370.55,1772.63,797.74,356.06,366.5,960.55,455.11,234.64,320.11
2525,809.1,632.07,328.69,176.25,133.66,256.56,150.71,99.49,104.18
6569,2123.98,1874.41,728.96,414.58,411.39,717.04,432.82,302.11,288.18
6123,1853.04,1817.76,682.68,426.43,337.43,905.16,401.81,459.52,297.07
4125,1245.25,1069.81,519.81,246.15,238.09,504.3,276.21,89.06,196.42
5287,1775.69,1490.13,636.89,306.14,315.05,608.88,354.2,308.19,226.39
9553,3122.92,2744.8,1096.2,524.88,521.52,1396.3,607.39,684.97,416.17
2364,769.33,700.64,242.78,164.7,155.81,344.11,153.63,149.88,106.5
8809,2749.78,2487.16,1110.28,485.07,605.96,900.39,577.33,290.74,416.78
6621,2232.85,1976.47,932.44,334.2,388.24,782.1,353.45,321.81,274.9
8842,2726.98,2362.88,1260.59,532.72,604.36,1287.76,495.2,659.76,400.34
7431,2299.87,1987.77,830.58,427.59,502.73,809.89,387.04,200.21,302.69
6978,2254.14,1933.96,907.01,385.38,372.07,899.54,375.33,553.01,306.88
7126,2239.8,1918.14,1017.55,446.74,381.01,826.89,467.22,203.93,298.65
7122,2224.72,1781.01,857.75,407.99,424.1,974.49,491.01,203.3,306.89
3646,1211.43,1044.9,534.53,211.63,220.65,393.45,231.42,250.74,157.93
2918,970.38,839.18,423.54,147.24,165.81,378.76,197.61,203.39,139.19
4797,1636.86,1378.41,529.62,296.37,269.87,479.7,270.36,106.85,204.6
8506,2729.45,2273.24,960.74,446.07,498.68,958.02,569.19,256.02,396.7
7870,2389.76,2173.02,858.0,427.15,502.18,850.81,446.82,605.29,356.77
3531,1107.62,946.3,387.71,227.19,182.51,390.15,239.7,129.8,169.64
5345,1865.41,1340.54,777.13,300.74,343.21,764.45,352.56,110.83,230.99
9673,3190.28,2690.28,1417.64,515.22,662.84,1409.74,673.94,340.9,483.13
8949,3002.27,2292.63,918.12,550.8,584.1,1232.74,595.52,573.86,384.43
8882,2667.87,2256.05,1151.82,482.28,478.15,1150.27,514.84,666.04,406.76
3906,1273.01,1124.05,500.79,216.47,202.13,435.69,203.9,114.48,180.93
5086,1535.34,1273.92,607.92,317.5,304.18,578.46,343.23,170.2,230.81
7311,2401.38,2178.32,962.02,473.73,505.4,844.38,449.07,339.9,355.23
7750,2681.8,2137.16,1142.11,502.15,514.45,1076.09,520.51,502.96,318.76
6580,2292.61,1968.41,714.01,392.46,403.06,741.2,379.95,391.65,302.5
4075,1332.64,1030.57,432.03,240.78,215.4,605.83,206.11,161.58,183.63
2713,876.06,757.41,275.83,178.39,174.38,379.34,138.49,65.06,119.84
3062,1063.28,818.98,361.9,164.92,202.89,459.26,194.16,107.71,133.08
3976,1326.71,1161.68,464.72,210.9,273.16,488.88,207.9,131.9,165.12
3296,999.5,883.53,400.6,208.62,205.15,426.72,213.94,70.08,153.26
7350,2376.15,1933.23,919.97,427.7,443.13,838.05,429.16,576.99,302.65
8229,2567.55,2410.09,1134.71,528.3,513.35,1071.31,504.13,290.67,397.4
9641,3118.77,2590.85,1153.12,531.53,663.93,1433.57,636.54,676.72,428.81
2125,685.89,533.04,247.63,120.06,132.95,215.73,117.01,104.32,97.87
8955,2947.16,2413.5,1265.73,608.34,493.88,1025.03,521.7,701.51,365.17
6632,2107.91,1875.04,944.99,387.53,415.98,756.48,428.37,192.15,271.47
8288,2554.47,2177.41,925.26,512.36,560.23,1235.89,566.64,220.8,351.07
5596,1819.74,1519.87,647.65,291.74,343.26,596.72,312.29,112.75,267.47
5283,1804.2,1335.73,746.25,283.05,317.27,742.88,329.95,333.39,236.99
8168,2721.58,2282.18,849.23,414.26,528.2,928.93,563.79,313.51,352.11
3603,1141.86,1037.0,419.0,210.73,227.78,515.34,226.91,260.21,174.73
9561,3315.53,2587.83,1170.43,667.15,488.89,1189.27,648.77,554.81,400.79
2066,714.03,559.91,225.92,139.41,133.27,231.63,142.13,112.9,88.0
2232,692.96,567.85,243.28,139.85,129.79,302.41,153.09,109.84,106.62
4156,1254.99,1080.96,503.89,279.37,286.01,590.48,270.84,147.5,167.36
3169,1068.16,816.76,436.45,196.11,219.98,391.39,193.44,75.68,133.74
4158,1419.46,1139.64,590.48,238.57,245.22,564.24,215.95,193.82,188.0
8371,2916.4,2314.27,1246.96,447.61,580.75,913.1,455.84,217.2,411.44
6206,2137.92,1845.96,643.56,391.36,348.88,911.54,342.05,461.38,264.74
3493,1152.78,886.04,387.14,188.14,222.34,366.14,176.97,243.67,147.16
8177,2669.81,2289.51,1127.05,477.12,421.12,908.44,425.52,467.61,406.8
6718,2024.75,1856.35,853.39,446.85,355.38,768.66,375.5,316.73,303.96
9943,3105.53,2742.4,1157.21,522.85,669.07,1070.24,515.19,469.82,403.94
6007,1940.15,1764.0,662.45,315.85,407.73,722.85,320.72,287.56,256.89
9536,3160.47,2482.0,1087.33,519.6,578.38,1171.85,487.18,617.24,432.33
8891,2915.03,2240.88,1079.94,542.69,504.97,1119.64,518.62,245.15,362.04
8738,2945.86,2478.22,951.2,480.89,515.72,891.63,580.44,453.31,410.04
9721,3052.28,2598.01,1440.76,583.88,655.12,1078.6,643.97,668.42,439.63
4472,1467.92,1121.93,471.26,250.61,242.47,627.82,304.53,226.32,210.62
4660,1418.54,1223.57,695.64,280.18,260.48,654.87,302.49,97.04,202.33
7637,2449.06,2027.37,1085.18,424.26,501.82,889.71,419.19,264.86,337.55
4739,1599.45,1330.91,574.17,329.84,325.59,583.18,303.52,284.89,233.54
7401,2476.89,1914.12,1013.87,442.98,383.81,807.99,481.63,562.86,311.63
9487,3316.01,2567.68,1267.23,615.45,626.86,1338.68,577.4,698.48,383.23
3761,1180.56,1030.98,416.21,240.75,236.57,556.0,248.75,260.87,187.38
5514,1791.55,1505.11,644.88,329.8,301.15,631.73,283.56,424.63,220.97
3975,1257.99,1187.32,499.48,217.74,258.84,552.91,246.04,146.26,194.31
4362,1404.7,1100.42,575.31,262.66,281.6,513.06,259.97,90.48,210.51
2876,986.03,855.75,365.67,182.97,151.97,287.98,190.12,118.67,129.06
8085,2702.09,2256.5,999.71,478.62,485.46,1050.94,424.94,441.61,380.43
5812,2000.04,1684.24,709.98,300.12,378.74,700.46,315.32,226.6,238.59
5448,1689.84,1479.24,680.53,274.36,293.27,751.4,333.28,123.41,259.52
3312,1138.23,903.16,403.13,187.32,196.25,455.2,228.34,167.03,158.44
3460,1048.34,1017.12,439.65,183.4,181.36,509.66,178.76,110.66,140.18
4709,1621.92,1388.2,679.98,320.79,264.35,573.98,305.46,299.75,211.78
4324,1368.35,1132.6,569.22,231.41,235.05,536.72,233.96,109.62,213.96
3733,1178.62,970.44,508.18,216.09,224.36,448.04,194.52,289.26,184.83
3605,1173.8,990.7,468.2,231.59,190.43,414.02,208.71,261.73,179.69
7622,2645.1,2248.6,1007.25,505.4,439.51,1005.28,469.98,552.07,354.93
8767,2651.04,2333.05,1130.22,522.11,486.6,1239.67,583.36,590.84,363.05
4563,1449.26,1289.51,462.43,244.68,296.23,492.3,286.07,264.72,201.36
5421,1858.47,1547.19,813.04,300.42,346.91,808.23,324.36,125.8,256.25
8986,2873.75,2596.36,913.7,524.6,466.36,1205.83,500.64,536.87,384.95
5517,1710.04,1534.81,660.7,316.08,381.06,766.89,308.13,357.59,265.38
9997,3211.43,2700.42,1052.24,569.56,648.74,1498.98,653.92,278.41,485.99
4397,1403.86,1311.85,461.01,231.45,274.02,550.51,229.88,250.39,209.45
7726,2671.43,2167.66,1079.14,527.42,460.11,800.14,408.93,376.5,335.47
5735,1938.98,1642.67,695.63,290.16,307.16,800.12,369.3,277.27,271.92
4870,1584.0,1301.5,682.08,286.36,337.2,699.03,337.11,155.68,198.32
3160,1104.16,895.85,359.1,219.96,158.5,341.66,165.6,203.4,136.99
6854,2215.65,1801.85,773.29,433.13,437.63,693.67,426.24,517.53,326.63
9042,2738.93,2371.31,1017.78,516.37,543.87,965.61,495.35,608.24,433.55
2242,702.0,640.62,293.27,118.65,152.57,260.52,113.25,94.48,96.83
4590,1477.08,1267.16,646.04,317.98,264.45,671.12,305.9,362.84,227.68
3063,942.93,870.39,375.56,154.01,184.92,306.68,184.31,128.19,130.89
6324,2196.82,1666.2,752.32,402.38,410.09,886.56,319.22,215.43,294.7
4595,1554.68,1286.31,683.18,310.63,234.12,655.9,312.04,358.8,224.19
2919,914.86,794.54,308.94,147.42,149.13,410.27,177.22,196.71,132.86
7342,2419.48,2054.64,912.84,473.58,398.18,764.38,475.33,482.18,323.97
2005,673.83,530.41,241.45,140.3,106.12,268.59,117.23,49.42,84.44
9489,3293.29,2711.7,995.46,595.84,475.67,1401.48,509.54,299.11,398.2
2467,848.85,716.16,279.78,143.81,154.09,261.55,146.32,52.08,102.6
7851,2557.54,2064.78,796.26,529.85,517.53,797.54,437.72,522.87,348.82
6170,2089.98,1635.24,887.54,376.89,426.61,886.52,345.12,226.41,280.61
2003,657.2,566.96,261.18,130.17,117.81,264.89,125.94,55.95,96.93
7966,2609.94,2268.55,1121.22,491.94,442.87,1054.08,413.29,246.26,335.95
2645,808.67,754.37,333.48,134.28,177.95,392.05,153.25,154.65,125.78
2117,648.45,601.51,275.16,114.87,141.6,293.18,128.99,97.35,99.37
4928,1608.88,1328.79,665.49,254.16,307.98,590.73,316.36,376.91,228.39
7725,2421.35,2083.76,1123.22,402.73,428.45,940.84,484.03,324.09,335.21
4551,1370.09,1195.73,475.98,228.95,310.24,488.02,308.22,318.72,196.51
8117,2728.46,2092.9,946.02,474.22,434.81,935.1,566.95,428.48,386.28
7042,2124.04,2004.36,953.85,377.26,358.25,861.03,484.13,438.86,301.01
8717,2874.55,2219.87,1289.4,585.03,574.73,985.49,569.07,262.55,377.42
7560,2471.82,2244.49,1126.75,491.41,463.23,1102.2,481.73,490.94,375.37
6289,2191.34,1832.2,829.55,386.54,345.45,632.61,318.91,158.1,314.35
2846,922.7,833.52,312.15,170.14,180.49,368.13,172.67,174.94,113.89
4762,1443.74,1406.38,504.58,262.47,311.12,659.92,301.31,228.25,223.18
7511,2460.49,2031.2,1106.39,446.9,502.42,1026.04,437.58,253.21,340.66
9193,3144.51,2687.44,1118.75,577.55,511.52,1215.19,530.4,448.83,410.02
7554,2642.71,1948.2,828.98,495.88,381.57,910.38,459.66,538.91,322.98
8316,2673.74,2088.0,1219.91,429.39,500.63,1213.5,566.59,243.52,374.81
9467,2991.71,2738.28,996.18,607.49,635.44,1102.41,522.75,285.69,421.9
7764,2681.16,1970.04,1059.62,503.53,420.47,1067.6,450.17,404.04,341.72
8469,2621.68,2535.84,1111.67,518.13,494.78,1239.29,534.07,487.1,410.73
7529,2490.38,2136.28,785.93,408.72,415.06,801.23,404.46,340.4,321.54
3141,1006.02,903.58,367.3,190.92,157.89,462.84,209.5,113.02,144.41
8979,2712.14,2355.1,965.21,539.23,610.31,1246.3,568.56,215.78,436.76
3810,1209.16,1080.87,496.16,226.75,200.79,498.46,217.34,87.58,189.7
2723,853.01,686.63,337.26,161.24,177.91,323.14,175.48,61.13,125.33
2224,743.49,649.17,222.88,116.13,126.62,322.95,123.63,164.75,100.53
6627,2302.48,1712.95,986.0,355.59,368.15,677.29,434.0,184.77,320.78
6208,1945.6,1768.46,729.31,322.48,427.24,754.84,319.18,234.09,260.02
8283,2820.97,2163.72,935.24,454.32,523.02,1141.66,484.85,655.63,383.5
6654,2014.62,1686.27,739.41,367.76,424.12,935.27,367.52,503.37,270.43
4048,1323.32,1109.45,436.94,222.24,263.9,445.74,268.52,91.37,188.64
8233,2498.94,2127.94,1234.59,446.38,467.79,842.9,535.6,436.97,394.84
6749,2339.89,1933.4,774.48,436.72,413.53,945.82,451.08,391.51,274.21
6415,2170.31,1679.95,771.57,425.77,355.42,776.82,404.35,149.13,311.03
3573,1189.44,954.43,512.97,202.03,238.29,382.94,235.48,227.56,147.33
3828,1306.09,1065.61,505.66,214.76,237.28,399.18,224.99,303.45,159.85
3917,1301.92,1035.06,463.91,261.97,214.92,517.17,248.97,179.25,189.44
6234,2172.22,1676.32,903.41,389.49,423.88,805.06,315.58,292.78,257.13
9678,3248.88,2814.18,1330.59,540.7,596.33,1381.05,654.37,576.43,452.34
8988,3111.94,2327.54,1001.22,577.68,538.39,912.99,572.49,576.96,386.02
4026,1311.9,1023.05,532.18,229.05,204.08,577.41,271.04,271.3,171.04
8402,2569.78,2238.44,1227.7,518.66,572.98,1212.93,549.64,207.15,390.71
5744,1874.89,1557.88,716.98,401.23,396.6,702.58,320.1,390.83,235.89
2901,888.7,803.96,396.51,162.55,177.69,301.22,160.88,208.42,132.71
6785,2236.5,1822.59,1007.95,465.52,399.3,999.68,447.76,154.11,334.13
4039,1309.14,1169.27,543.33,227.85,231.0,418.45,216.87,90.26,195.95
2009,665.24,506.2,211.19,122.16,111.22,260.23,104.9,106.58,97.46
2260,679.14,613.79,253.64,133.79,138.97,281.73,113.68,112.57,97.25
8038,2489.71,2163.13,1042.97,527.8,422.49,1139.42,449.88,633.44,377.89
3673,1192.13,1037.18,417.91,188.14,251.17,459.6,190.94,138.34,175.57
4219,1466.21,1258.59,623.89,263.87,225.8,520.86,278.6,233.78,206.79
9041,2885.71,2490.97,1087.34,589.59,586.85,1302.2,539.67,455.67,385.52
4060,1304.15,1215.34,498.82,241.34,227.92,601.69,223.5,211.7,193.29
7287,2446.5,1931.87,984.33,379.7,397.3,928.83,452.1,434.16,308.41
5713,1886.37,1437.07,721.05,313.62,349.39,701.19,293.69,298.54,230.11
3619,1139.79,934.73,431.05,230.14,236.33,512.29,233.51,73.89,162.2
2320,743.65,625.83,240.89,157.55,149.72,328.41,139.26,163.84,110.57
3342,1038.98,888.36,433.87,195.28,182.72,387.57,167.53,107.18,140.84
7732,2693.06,1970.52,1108.61,473.26,437.71,995.97,435.96,261.88,313.04
4376,1341.38,1188.67,587.64,238.79,294.84,471.32,284.46,257.65,191.4
4832,1539.44,1289.69,575.37,281.44,311.49,636.75,259.78,235.15,203.08
4824,1453.43,1235.58,513.21,273.69,309.96,683.56,334.0,262.76,211.39
3994,1242.49,1057.63,562.42,252.06,221.18,436.85,271.32,199.1,196.54
4958,1680.88,1459.25,729.26,345.54,326.44,575.88,325.07,223.47,235.2
8039,2492.56,2131.16,959.97,532.71,459.58,984.35,414.58,393.9,351.54
9717,2954.0,2776.13,1325.71,523.2,563.86,1382.28,554.61,276.6,420.27
4038,1307.19,1133.07,486.73,248.55,225.12,551.46,225.98,315.6,198.72
5490,1649.74,1489.76,686.87,281.79,287.83,635.98,289.61,299.12,268.4
5677,1727.16,1487.1,805.13,311.88,331.58,636.69,397.35,211.24,261.37
3118,1061.31,837.03,324.81,166.64,156.96,420.26,165.08,195.72,135.87
9984,3380.32,2791.58,1263.14,566.2,590.24,1237.96,562.16,726.9,478.47
3604,1246.11,964.21,399.07,229.13,232.46,467.36,243.64,136.19,168.08
8461,2899.8,2206.16,989.85,507.56,585.63,1120.53,447.48,333.96,386.22
6027,2013.97,1541.85,796.9,413.8,310.83,771.06,357.95,279.13,285.59
2235,676.35,657.06,226.54,121.26,124.32,292.01,155.36,73.84,92.41
3969,1346.06,1079.63,514.74,227.36,237.67,573.03,218.08,272.22,195.68
6429,2200.49,1808.22,734.01,363.86,343.36,921.98,411.85,353.92,319.71
3908,1328.54,1072.83,521.62,213.84,204.53,419.92,201.66,91.54,170.17
2375,772.88,697.37,254.31,165.93,140.24,307.15,147.29,189.53,117.49
5530,1723.4,1533.73,756.45,319.33,340.73,674.47,314.0,301.38,265.21
7256,2483.49,1988.43,959.84,499.29,481.83,829.19,464.32,532.56,358.52
4635,1559.02,1373.03,688.59,267.95,324.25,609.77,271.88,232.2,227.92
3570,1246.07,1020.96,519.66,193.07,233.78,448.19,199.85,196.16,149.97
4560,1403.5,1165.43,520.59,238.87,248.19,632.68,277.8,215.54,194.26
7415,2308.17,1919.63,751.63,497.63,481.68,776.14,391.47,336.39,315.92
5391,1674.39,1559.92,715.75,273.01,327.47,620.69,357.36,178.43,220.72
4965,1686.25,1448.75,646.17,344.01,293.02,502.9,322.8,385.92,218.35
5643,1745.64,1564.58,572.04,329.35,387.76,774.77,343.66,174.4,246.18
7951,2411.8,2208.17,843.87,436.89,509.2,1157.85,455.92,410.15,345.39
7468,2613.26,2102.96,965.13,465.62,475.22,966.13,510.1,188.39,324.78
5850,1762.26,1590.94,851.71,308.05,293.88,765.47,366.73,465.68,237.63
2872,981.54,815.68,417.37,147.74,193.29,293.87,159.96,153.19,120.22
3252,1035.01,830.64,349.83,216.44,214.2,407.11,215.07,223.98,139.7
8413,2877.93,2507.61,1003.07,492.11,470.95,1062.93,527.5,452.42,411.31
7947,2604.48,2284.82,811.87,479.72,443.78,810.19,417.54,542.77,391.51
8941,3085.37,2517.42,1103.89,478.65,456.61,1243.87,467.48,465.51,383.14
3314,1147.67,880.91,456.19,169.77,169.07,377.52,227.88,154.76,155.56
6820,2049.1,1759.89,951.38,391.16,432.2,928.7,380.27,322.96,330.81
9332,2834.79,2524.0,1166.03,561.07,501.36,1121.2,590.43,187.95,420.52
8148,2546.4,2306.53,853.86,532.13,557.9,1220.43,413.34,344.17,387.48
4898,1633.32,1379.7,583.2,293.98,327.42,541.77,299.41,377.72,243.72
9546,3287.77,2569.13,1399.49,626.7,543.91,982.4,521.43,577.86,397.32
2077,670.86,582.94,231.55,108.65,119.64,309.46,109.65,156.11,84.54
9577,3163.75,2783.91,1110.81,491.1,541.54,1074.46,627.01,306.61,444.38
4621,1429.85,1161.32,634.65,245.73,239.59,608.89,305.87,228.6,208.34
6227,2118.73,1697.05,851.1,407.5,315.26,739.32,400.42,137.42,267.55
2600,905.75,748.61,378.59,169.49,153.51,343.15,130.58,157.62,127.83
7868,2466.07,2181.85,939.49,415.65,541.8,1021.29,438.23,527.48,381.27
3065,995.33,866.09,385.36,155.15,209.48,414.89,175.38,198.82,130.7
4136,1258.61,1140.85,510.26,263.49,273.79,417.41,263.95,104.25,197.46
4449,1459.08,1332.89,651.28,298.55,278.38,630.91,289.68,155.06,214.82
4343,1412.08,1097.61,601.36,282.65,291.52,538.24,271.69,257.76,187.85
3863,1186.8,1060.6,546.89,208.82,232.94,486.52,254.11,253.18,158.35
3318,1068.74,844.67,353.88,204.64,177.86,399.99,194.26,120.95,160.94
6711,2125.41,1731.37,936.8,437.2,427.38,1003.09,408.28,297.8,274.94
5597,1825.13,1506.44,680.87,308.49,382.91,784.02,287.04,229.9,250.67
8943,2944.78,2305.3,904.74,541.54,450.66,1033.54,523.55,181.31,375.1
5762,1731.05,1718.14,593.51,324.34,317.08,801.8,337.96,314.55,283.92
9804,3314.25,2915.12,1312.71,534.43,542.25,1194.61,610.11,589.68,402.66
8565,2874.85,2285.19,1015.81,594.34,445.22,1229.08,492.98,313.36,352.61
7984,2541.42,2251.39,1144.95,544.92,435.21,810.71,437.28,489.16,375.39
7142,2161.5,1976.1,976.41,420.76,411.95,841.12,391.04,246.86,300.36
6670,2252.77,1939.5,674.23,351.75,458.87,810.34,351.36,419.76,275.63
4190,1457.11,1178.95,562.9,270.5,281.59,574.92,268.25,198.74,174.65
2992,933.53,748.04,327.98,164.9,206.21,326.47,186.85,216.37,137.51
4712,1489.82,1357.8,570.76,251.48,246.96,538.65,290.19,248.25,198.97
4192,1296.13,1204.54,550.14,241.59,211.95,570.93,254.12,130.28,183.49
3248,1068.09,894.78,466.53,196.82,169.54,337.28,186.28,225.15,157.52
5054,1555.33,1491.67,620.66,262.55,345.12,556.22,330.4,336.9,211.04
6598,2096.91,1949.2,926.52,405.35,350.68,908.34,451.57,165.3,318.44
6033,2020.15,1666.29,839.48,303.5,370.74,867.4,354.74,138.05,288.1
3997,1311.04,1120.76,482.55,271.15,218.04,545.36,232.55,112.63,193.1
6916,2208.44,2073.6,864.84,473.16,348.65,873.88,368.31,489.09,300.64
5687,1825.6,1506.72,767.88,367.73,293.97,596.87,360.64,223.06,254.34
4151,1361.97,1105.12,421.56,246.28,266.48,586.79,253.88,208.73,195.39
6018,1807.16,1559.5,869.85,331.58,322.85,639.12,419.82,338.08,242.97
5110,1553.06,1506.39,707.69,331.55,278.92,609.39,315.22,330.15,238.32
3970,1365.93,1140.28,446.51,272.48,228.45,407.02,221.42,277.1,163.57
2197,667.66,560.85,327.48,116.82,138.73,297.66,134.59,111.94,94.21
7765,2603.92,2322.42,846.15,460.59,461.14,971.98,541.17,349.0,373.48
4626,1600.6,1325.57,674.03,260.47,318.7,672.53,298.22,146.91,214.43
8534,2675.7,2496.42,991.85,487.59,500.81,912.6,448.65,481.75,394.43
3202,1019.92,808.21,442.38,186.08,172.85,451.35,182.08,169.68,135.35
8697,2856.5,2393.83,1068.16,600.41,528.11,1091.76,486.8,325.87,405.97
7567,2603.69,2156.06,1035.34,417.49,446.59,895.21,508.02,353.93,312.65
9667,3355.37,2679.18,1042.0,578.6,635.54,1277.77,601.51,622.35,479.95
9182,3094.13,2601.56,1041.93,633.83,630.83,1281.08,607.87,529.11,390.48
7742,2356.13,2252.1,812.85,460.81,516.59,944.63,414.39,378.62,373.69
7788,2596.97,2092.77,1115.69,523.91,450.0,869.45,530.84,283.01,383.18
7408,2374.38,2166.35,850.55,379.11,402.42,1080.01,379.04,445.07,309.05
4035,1305.46,1041.62,543.61,278.66,275.55,466.65,232.0,232.66,161.79
2477,749.19,652.8,349.28,133.14,142.97,371.33,124.55,117.64,120.74
3254,1007.29,820.55,472.06,226.47,212.83,450.24,174.69,111.65,155.02
2922,992.09,783.74,307.73,156.36,203.93,392.69,202.33,89.1,121.39
2419,780.61,650.7,349.91,142.45,148.89,243.4,124.75,97.64,116.85
4204,1324.61,1220.27,461.86,236.15,250.55,514.68,222.43,313.29,202.23
4597,1467.37,1299.37,629.08,269.68,294.2,575.19,314.88,299.88,205.08
9608,3292.85,2611.8,1310.94,528.54,517.67,1141.61,616.87,705.84,475.29
3120,1052.84,881.73,313.33,216.24,186.47,335.4,181.39,220.13,142.96
5068,1589.4,1280.38,562.71,284.39,285.06,599.91,260.37,240.9,225.17
9140,2795.7,2367.38,1138.8,576.42,487.02,948.26,600.51,473.69,366.81
9578,2994.08,2694.75,1158.95,505.23,595.78,1097.12,573.29,289.02,474.38
2950,1020.81,832.1,430.49,196.14,181.47,307.34,166.56,186.59,121.79
4336,1426.89,1251.83,511.59,263.85,282.81,596.73,248.08,196.49,186.28
7373,2408.57,1991.82,1082.72,513.08,497.38,984.72,443.16,218.8,348.7
4243,1399.42,1214.04,521.77,248.08,230.85,623.71,258.93,109.14,169.95
4645,1478.51,1320.1,688.47,250.41,304.68,552.74,308.25,286.91,211.0
3857,1312.75,1150.04,527.9,219.54,221.19,537.32,252.38,188.73,160.41
9689,3160.21,2526.47,1370.67,627.26,606.3,1253.57,633.09,199.01,389.74
6612,2022.2,1835.39,695.87,417.76,443.04,874.8,427.04,459.34,306.91
7754,2376.24,2171.8,1002.65,508.41,427.43,987.65,505.22,443.28,356.91
3865,1263.25,1159.24,414.08,198.93,239.7,537.07,245.63,86.2,182.98
4912,1703.62,1277.41,564.3,302.62,292.79,501.51,330.87,188.04,226.85
7237,2282.68,1998.58,949.34,496.77,476.28,752.82,442.54,458.42,321.47
4853,1666.89,1297.25,661.52,253.12,310.32,508.58,293.2,114.25,217.35
8028,2715.11,2218.09,818.53,416.55,524.97,918.68,514.0,515.2,338.79
9326,2913.35,2439.74,1180.18,599.96,520.01,1208.24,497.26,469.04,380.85
6910,2085.56,1743.95,886.32,389.06,442.84,914.06,452.87,462.77,335.88
8371,2553.93,2332.4,870.09,528.81,519.97,1135.36,575.28,596.97,392.71
7996,2690.05,2133.27,999.78,487.02,472.83,911.85,447.18,528.26,329.67
8359,2591.15,2165.79,1134.25,582.8,481.2,1107.66,520.1,206.34,356.45
9091,2896.06,2419.99,933.29,616.2,514.84,962.6,460.48,432.94,442.12
9863,3206.31,2490.05,1361.23,626.91,495.06,991.22,644.22,385.88,489.19
8158,2743.32,2427.19,1050.92,450.59,435.57,1099.16,499.22,412.06,390.86
5228,1598.0,1458.91,740.61,288.79,267.57,709.86,331.84,407.51,238.92
5719,1831.9,1662.73,634.25,386.86,382.99,749.8,302.31,157.07,278.47
9428,3057.06,2556.46,1335.61,581.77,633.58,1064.83,624.03,678.21,436.22
5228,1709.77,1543.13,547.52,343.93,349.88,765.24,288.16,415.37,245.69
8190,2792.12,2245.42,984.37,483.19,543.48,1177.59,521.67,650.3,395.33
4371,1348.82,1218.19,480.7,227.56,237.9,549.77,270.4,296.36,190.31
4891,1664.86,1343.02,703.33,277.09,292.66,730.99,308.5,234.45,234.01
5756,1926.21,1650.04,778.48,306.35,392.31,661.54,293.58,176.59,242.15
6225,2040.51,1732.62,630.39,408.59,405.84,775.37,403.61,351.67,261.09
9578,3208.4,2524.57,962.36,613.09,479.25,1402.18,631.24,542.33,460.83
2094,671.34,538.74,239.89,108.4,123.94,257.78,124.59,81.64,95.57
4674,1434.54,1310.15,500.89,291.79,234.7,577.47,271.92,266.46,206.31
8898,2965.6,2442.14,1170.22,600.46,494.85,925.12,505.86,240.18,402.5
3955,1290.25,1007.73,526.77,252.91,232.22,437.29,271.15,229.55,196.88
9459,3140.09,2551.86,1391.4,569.64,641.87,1020.56,615.79,698.11,462.94
2793,885.1,770.14,412.25,157.07,176.2,358.24,178.67,134.97,125.9
3834,1324.05,1117.02,509.71,259.72,219.5,444.45,262.68,252.56,174.34
9450,3112.53,2398.46,947.68,552.41,565.23,981.4,538.42,549.41,436.04
4116,1252.38,1100.72,485.48,276.22,273.09,516.55,257.67,83.08,197.19
7779,2508.65,2264.72,977.49,510.77,435.57,1038.19,495.69,212.52,379.13
6106,2062.72,1724.46,763.0,404.98,380.41,835.46,426.96,405.99,253.19
5325,1808.94,1408.45,693.14,371.66,294.18,755.49,311.75,119.42,246.45
7961,2585.17,2326.74,1178.45,517.27,474.47,987.94,461.77,615.98,336.53
4919,1695.76,1351.08,709.61,249.3,248.38,587.97,254.26,362.26,227.35
4597,1440.62,1263.8,484.73,248.74,308.21,616.95,238.9,191.89,191.76
5205,1668.36,1555.41,589.72,263.91,265.28,523.98,313.53,201.03,250.25
6807,2347.94,2024.1,964.25,366.2,370.89,896.32,363.65,386.47,317.27
8166,2815.74,2187.89,1153.16,418.33,462.77,982.24,420.21,463.07,397.36
2814,940.68,723.28,320.14,168.93,175.88,345.12,195.0,71.31,139.14
2345,804.22,624.43,320.16,118.57,151.02,269.24,161.87,77.2,115.7
4349,1324.0,1093.88,581.03,258.55,224.45,462.58,245.74,253.06,180.27
2362,810.76,592.95,292.12,160.56,120.15,283.61,155.41,160.73,103.38
4443,1404.13,1198.62,489.05,288.67,293.15,512.77,299.68,140.04,199.18
4265,1317.53,1266.92,616.0,293.77,274.0,631.25,252.89,264.92,204.25
4188,1306.52,1229.46,560.74,228.38,279.05,616.38,228.14,302.49,168.14
9783,3139.35,2695.92,1060.96,593.06,621.52,1293.27,514.55,264.81,481.86
5005,1564.36,1392.7,676.88,282.14,325.43,726.65,264.35,231.96,220.58
5281,1668.95,1321.82,723.88,316.21,304.08,726.47,348.22,375.13,244.57
2984,915.34,778.15,430.72,182.45,184.42,350.01,172.14,126.04,148.62
9136,2876.09,2295.32,1015.39,463.41,603.96,1189.46,583.52,330.43,446.08
9790,3217.13,2816.85,1463.0,535.17,523.2,1086.85,594.98,633.77,427.06
3639,1172.1,936.25,391.81,233.24,212.72,488.94,210.67,160.29,163.19
2827,897.11,829.59,367.61,185.05,183.22,289.03,148.35,176.34,134.85
4730,1595.54,1334.65,628.42,290.37,286.89,669.61,268.04,130.47,224.37
5531,1906.4,1446.2,668.96,306.51,351.95,714.39,369.49,294.31,260.22
9147,3090.22,2358.88,1131.96,531.46,510.93,941.43,605.79,391.2,366.86
6451,2042.39,1815.19,932.46,334.94,326.72,926.29,326.21,515.04,270.88
9151,3085.92,2699.93,1210.35,632.0,462.88,1316.69,483.22,507.73,386.33
7443,2289.46,2128.09,929.26,501.46,512.49,1061.68,484.67,453.5,316.37
9300,2850.6,2487.07,989.68,477.2,640.68,1290.05,527.45,259.12,380.95
4935,1565.78,1378.69,495.31,263.18,267.6,660.78,310.27,392.42,237.21
5876,2000.1,1560.3,624.32,362.09,311.13,704.21,359.93,135.64,255.09
7959,2485.73,2387.36,1176.41,434.95,400.84,850.16,501.75,193.01,380.09
2126,644.52,611.1,293.82,146.03,116.13,243.3,108.58,52.18,104.84
5177,1587.19,1453.28,768.04,337.08,293.47,607.54,355.26,373.97,223.29
5056,1733.89,1371.0,514.63,280.44,277.19,596.12,254.92,322.14,225.18
2603,863.39,731.2,348.83,130.47,171.66,333.9,130.57,204.03,106.4
9966,3115.97,2661.73,1018.67,657.65,647.68,1100.44,543.38,239.12,428.02
5449,1785.99,1370.11,757.97,318.67,281.28,596.57,380.72,335.12,247.72
8024,2618.86,2164.51,955.24,504.29,513.11,1090.05,412.84,417.22,335.42
7109,2365.67,2107.99,744.94,396.25,429.47,713.57,479.79,414.8,322.54
6146,1915.46,1728.96,789.16,324.86,323.55,660.55,326.86,312.06,265.07
9196,3156.25,2337.6,1048.4,584.0,595.82,1119.59,479.87,556.55,458.88
5533,1745.49,1628.08,735.77,326.48,286.17,594.54,362.85,411.79,242.11
5367,1796.37,1413.9,713.32,293.59,287.37,794.27,359.23,296.52,216.78
5368,1614.73,1407.43,726.02,283.18,284.42,716.66,353.45,396.08,240.11
5797,1847.11,1535.36,867.37,357.15,398.72,705.14,317.79,387.99,251.24
8922,2833.5,2487.99,1064.71,575.57,570.68,942.28,603.1,641.45,389.89
7526,2462.31,2086.47,927.7,419.03,438.21,897.55,387.12,448.21,328.93
3792,1151.39,1041.17,531.75,245.35,251.96,502.55,215.54,193.83,185.09
4861,1650.34,1389.65,626.67,260.85,264.05,721.57,288.08,117.51,218.66
7732,2403.79,2055.37,787.6,438.93,530.58,955.94,397.07,541.97,328.83
5476,1828.17,1583.13,778.43,355.38,350.14,737.18,337.3,189.04,262.44
5417,1842.65,1401.74,555.65,342.37,331.47,594.61,331.45,120.26,240.7
3645,1195.9,1053.88,395.63,201.97,240.18,478.16,254.58,186.42,151.1
8563,2886.11,2424.96,900.01,449.07,538.58,958.65,534.62,496.23,428.02
3205,1067.56,910.73,332.99,162.97,217.11,352.25,185.73,191.37,129.08
5030,1598.42,1378.61,509.46,335.79,334.91,631.07,330.99,302.72,236.87
4872,1658.64,1380.48,500.6,250.92,262.88,538.76,276.24,288.54,236.17
5072,1596.34,1288.24,619.4,265.25,277.91,690.13,307.65,347.39,220.83
3854,1266.27,1127.59,434.12,211.02,197.72,566.02,196.98,254.99,160.22
6021,2030.7,1521.97,640.19,354.72,327.57,720.59,339.91,414.06,267.13
6662,2124.83,1715.05,885.61,438.33,378.87,773.61,403.47,317.22,298.62
8514,2683.09,2374.04,947.66,467.84,430.61,926.27,545.29,202.37,425.67
7031,2270.78,2017.69,709.76,427.98,395.84,840.34,365.48,410.43,282.61
8030,2737.41,2038.12,971.0,416.01,525.41,1027.69,529.53,261.88,373.87
4708,1631.3,1393.75,543.88,279.14,314.53,558.6,320.16,336.96,226.19
5502,1800.55,1643.34,637.85,294.65,276.08,721.61,306.03,348.28,254.08
9112,3034.96,2554.07,1114.07,494.09,456.9,1213.0,595.08,600.96,421.88
3332,1150.09,913.18,444.64,191.05,176.35,349.5,178.62,123.9,162.45
9304,2837.04,2670.9,1217.19,606.87,627.57,1255.01,562.6,539.48,424.74
2201,685.84,586.39,323.25,142.8,130.71,319.18,145.16,113.76,107.44
5507,1847.3,1512.57,693.25,321.06,383.61,557.93,317.92,198.84,231.85
8456,2885.08,2501.35,1045.4,442.87,572.87,1078.71,427.25,581.21,381.88
6212,2129.79,1849.83,687.49,345.47,421.19,808.76,377.69,329.22,250.57
9833,3153.99,2914.04,1354.68,591.03,516.92,1332.28,657.77,309.22,472.33
7032,2141.01,1850.28,752.7,473.87,418.44,838.84,366.84,269.43,335.94
9970,3209.23,2608.39,1241.83,691.57,696.62,1405.13,504.41,335.26,452.54
2574,801.9,681.81,311.62,161.52,136.37,326.88,170.35,99.73,113.15
8387,2638.21,2281.81,1114.76,478.17,515.67,1010.19,464.16,262.43,366.52
2536,858.72,673.84,369.95,161.97,144.26,344.8,145.28,107.19,106.54
3625,1101.19,974.08,534.07,205.63,209.37,530.59,187.56,223.44,160.51
4122,1407.16,1158.41,446.78,257.66,279.54,579.55,214.07,319.69,177.41
9973,3205.16,2873.48,1127.86,547.27,615.91,1461.38,621.23,325.44,456.53
2385,786.58,683.97,335.29,131.99,155.44,270.21,145.59,90.61,114.16
5281,1607.97,1535.3,664.95,272.0,335.16,559.39,294.93,106.3,247.9
2474,783.93,622.48,303.44,144.49,149.88,313.5,146.1,82.92,111.68
2417,735.94,610.02,327.58,150.73,159.12,247.07,139.62,109.02,119.61
8490,2955.18,2457.59,1104.52,558.44,589.33,1135.36,542.52,405.01,356.35
5600,1906.03,1549.26,831.8,370.76,388.28,627.2,376.55,201.49,259.84
8783,2836.75,2449.64,1134.75,613.48,577.83,1077.83,573.55,254.88,359.05
7034,2188.84,1776.99,867.28,364.05,420.26,933.96,352.32,378.32,328.7
2954,1024.07,776.21,375.57,176.83,157.34,366.75,153.58,131.6,139.59
6971,2211.41,1965.25,978.92,421.24,354.75,779.38,408.41,317.71,333.4
6858,2112.6,2009.11,895.89,453.25,374.64,987.68,459.73,505.43,319.84
7298,2394.9,2159.11,965.91,403.78,414.56,1008.78,399.49,391.8,300.87
3205,1112.74,881.44,476.17,164.7,168.57,416.82,216.59,138.78,129.62
6759,2028.99,1874.09,884.89,380.36,368.33,911.97,352.82,238.1,318.64
6120,1908.87,1784.91,728.37,426.43,316.23,739.09,314.89,279.78,293.65
3990,1384.22,1104.76,536.92,271.28,241.29,473.99,272.39,286.13,160.9
7299,2252.14,2013.38,970.57,422.65,383.39,788.33,388.6,568.64,302.9
6805,2080.03,2009.2,685.21,459.51,441.34,953.92,403.37,290.12,325.98
5572,1830.45,1613.08,687.4,282.25,315.67,663.36,314.92,181.31,276.81
7975,2736.16,2356.24,1093.73,448.87,505.94,1073.56,422.3,597.1,360.51
7280,2357.67,1899.44,909.65,469.82,492.49,837.18,456.04,208.69,302.36
8320,2909.74,2298.14,1156.32,452.85,430.31,1163.13,576.36,314.85,359.53
6380,2130.66,1863.75,781.83,344.31,445.2,671.57,402.97,205.75,305.05
6158,1870.21,1573.72,918.56,414.04,387.37,808.24,351.46,332.22,279.77
7098,2481.76,2056.53,813.75,442.34,362.48,996.42,455.95,315.99,288.02
6757,2164.91,1751.07,706.82,471.51,380.28,898.77,357.21,251.56,291.12
4713,1481.63,1368.68,572.63,248.34,319.19,635.34,290.32,311.41,224.0
4203,1378.14,1179.36,534.14,240.09,260.27,530.84,249.61,251.54,181.81
7588,2391.85,1970.31,891.25,426.63,422.99,970.9,434.03,605.0,336.33
5120,1558.13,1401.18,574.02,346.13,352.31,528.87,331.73,198.24,251.14
2966,890.01,842.63,396.27,163.44,195.0,333.79,155.33,209.75,147.84
6944,2239.3,1956.07,825.34,396.29,449.35,945.05,421.19,264.92,330.34
7203,2462.3,1954.62,947.69,380.73,488.14,1060.79,483.23,147.97,305.42
5432,1785.04,1602.27,754.8,355.84,355.23,690.35,293.51,157.82,230.49
2688,940.69,741.79,371.08,147.18,149.82,366.32,148.62,135.77,115.7
6243,1962.44,1718.66,741.45,320.68,385.05,837.68,394.64,428.27,259.74
5701,1790.24,1442.99,731.98,334.66,381.09,854.97,373.14,133.66,238.24
2341,721.0,693.18,286.73,135.38,125.52,327.16,130.32,163.68,99.63
8619,2656.4,2231.08,1237.17,461.57,459.05,1132.38,492.99,542.69,401.64
7182,2257.01,1985.23,1033.76,378.29,381.94,759.55,465.38,158.51,331.27
3724,1264.83,1080.62,436.4,252.98,200.67,439.93,207.45,98.23,161.66
7479,2582.41,1950.32,782.21,384.1,389.39,841.65,473.61,183.52,313.87
8704,3035.56,2405.51,943.33,452.49,581.01,1241.92,462.85,528.68,402.47
6422,2001.19,1682.78,760.04,352.57,426.2,785.47,373.93,344.62,265.28
3792,1304.69,1092.04,486.18,261.86,201.08,480.69,241.83,157.49,157.23
3759,1189.4,1045.82,499.34,194.37,240.99,557.24,222.53,95.1,164.77
5212,1593.01,1526.07,607.56,345.66,325.96,739.24,262.61,227.13,238.05
2989,1026.73,880.94,398.66,202.78,165.96,416.94,173.74,182.12,141.33
4262,1414.15,1203.75,626.03,245.31,232.48,456.51,237.68,109.13,199.76
4482,1381.52,1283.06,594.32,250.44,246.56,453.3,233.18,319.99,196.24
2951,948.72,818.79,318.5,187.53,190.67,313.62,148.09,70.16,137.36
2722,855.7,732.82,351.09,174.35,153.48,372.95,138.58,153.77,114.63
5389,1815.23,1521.89,684.91,353.52,299.41,649.57,371.76,168.94,242.17
4079,1316.17,1205.0,585.48,271.71,205.78,431.86,265.12,104.01,188.26
4717,1648.42,1277.52,554.32,261.17,321.53,646.0,324.51,194.8,223.79
4332,1311.46,1151.1,524.81,276.12,281.81,475.35,226.54,259.99,176.73
5376,1708.23,1448.41,698.52,283.31,319.63,695.93,330.14,146.57,220.48
6524,2114.4,1773.03,823.47,392.84,449.23,894.29,337.07,316.69,265.78
3500,1138.05,887.87,475.83,217.9,195.55,456.41,176.88,155.28,159.13
2285,721.6,628.2,233.11,121.64,145.08,342.02,135.56,104.3,104.43
9311,3132.8,2557.88,1193.44,479.8,522.38,1133.22,585.91,713.27,373.47
5495,1888.84,1535.42,582.93,296.15,309.32,635.17,281.74,224.98,255.89
9186,3186.95,2463.14,1063.38,536.57,614.49,1011.01,526.37,730.27,437.56
4065,1383.14,1140.86,540.98,275.43,267.23,508.89,210.58,212.61,167.34
2768,948.12,813.55,298.59,167.85,154.68,394.78,158.45,195.28,120.06
8733,2860.3,2600.46,1008.16,567.38,450.87,1286.77,519.05,357.46,423.55
7490,2556.3,2091.06,1012.28,400.59,428.07,1113.03,425.06,187.9,351.07
9342,2944.37,2355.39,1238.19,486.9,609.11,1182.41,574.77,234.15,402.14
5057,1617.86,1509.32,528.72,277.08,263.02,658.74,311.98,275.35,239.82
6289,1986.35,1794.21,810.42,353.93,398.99,811.77,356.33,476.67,307.36
8645,2795.53,2306.47,928.15,527.02,586.09,1065.92,499.61,209.84,372.54
7083,2226.04,1822.87,797.64,478.99,379.54,762.22,416.63,434.52,331.79
7232,2517.32,1859.86,889.25,423.23,486.31,746.87,415.93,389.05,296.04
4161,1313.39,1075.15,438.85,251.22,212.32,506.94,271.35,246.06,168.88
5293,1613.85,1335.31,792.27,265.14,335.25,578.57,279.46,174.31,242.75
7797,2544.48,2300.95,844.17,395.04,513.2,1125.36,523.5,188.93,350.27
2946,892.21,816.16,409.69,152.24,173.51,406.8,166.82,72.13,141.71
6926,2116.08,1973.9,979.97,443.12,374.52,906.75,446.58,241.05,331.08
9811,3050.92,2858.98,1468.93,585.95,672.0,1004.36,663.96,321.98,420.57
8016,2590.91,2321.25,973.4,431.74,404.0,1051.0,543.08,221.09,361.7
5335,1716.07,1569.19,766.66,329.98,325.98,699.17,315.02,191.43,253.72
9068,3082.98,2705.55,1340.95,552.17,521.02,1105.94,499.94,471.88,387.29
6150,2072.39,1672.51,668.16,318.42,364.21,817.26,382.01,473.37,268.26
9810,3152.11,2918.64,1216.16,616.15,595.77,1401.81,526.59,739.05,398.27
6895,2183.54,1973.1,710.19,450.54,418.49,950.82,453.77,250.31,284.8
6873,2170.65,1742.54,900.61,383.04,371.64,850.0,441.43,164.76,316.86
3481,1179.01,988.91,449.29,221.91,221.37,393.75,229.44,277.57,156.53
3901,1180.46,1109.19,429.91,210.63,196.54,483.3,228.85,189.53,162.62
8305,2496.82,2452.41,1161.83,540.94,418.77,1223.31,507.84,653.59,332.8
5451,1852.13,1464.39,555.26,371.95,324.71,768.59,283.75,284.86,227.25
6064,1963.87,1693.35,850.85,356.79,368.92,614.6,386.6,443.77,288.02
8230,2522.86,2062.52,833.96,451.76,456.75,1145.19,491.63,385.44,336.91
2054,640.39,547.6,272.86,119.1,125.36,222.92,123.62,117.74,90.43
9643,3342.51,2440.76,1002.28,530.38,581.69,1239.66,645.5,502.83,408.75
3823,1311.19,1055.51,430.32,191.24,217.85,536.47,250.2,126.9,173.92
7297,2448.07,2122.5,993.09,459.78,459.97,934.49,442.96,480.35,329.21
5462,1770.3,1421.88,622.78,277.75,377.75,656.49,311.89,127.2,272.17
9516,3102.37,2629.96,1194.82,515.84,569.21,1104.46,560.77,397.24,454.19
5079,1771.36,1321.56,740.33,327.34,333.8,585.38,289.58,366.67,250.82
2832,986.35,725.09,290.23,179.31,155.62,401.78,150.19,142.06,129.65
6408,1991.37,1765.72,900.67,329.8,418.05,905.15,403.16,158.01,303.6
4806,1636.71,1220.52,496.28,303.74,302.67,678.46,306.77,155.96,235.26
7954,2464.64,2222.09,845.83,545.74,499.46,907.84,552.2,211.4,321.43
8103,2517.41,2038.45,858.64,417.22,549.88,1133.98,479.0,297.04,398.3
8102,2704.49,2068.73,1212.91,472.46,442.91,825.04,566.7,242.4,341.24
4490,1437.92,1245.97,489.45,290.0,257.59,495.35,241.3,281.6,211.26
7886,2733.11,2204.69,1142.19,499.61,407.4,991.47,497.86,469.73,376.43
2327,708.46,585.12,347.99,126.89,150.14,280.02,162.65,65.4,95.62
9221,3002.14,2569.61,1099.04,491.12,616.68,973.69,579.14,430.62,456.73
8904,3080.13,2599.3,1171.34,584.86,517.47,908.97,525.76,336.13,438.66
5310,1833.04,1519.27,737.85,367.05,303.4,693.27,320.22,213.64,247.16
5300,1631.48,1359.76,634.05,346.36,334.82,613.07,354.62,289.16,220.23
8722,2776.49,2438.88,942.77,604.12,449.29,879.16,599.92,644.74,398.25
9218,3050.75,2614.34,1121.72,572.44,515.07,1120.4,544.59,680.65,400.44
9776,3010.71,2462.2,1354.9,670.46,560.4,1127.55,639.81,437.78,482.03
5675,1977.18,1661.45,789.04,362.11,342.61,731.11,389.72,247.38,250.08
5054,1747.36,1492.51,563.66,344.57,300.87,740.36,281.22,258.15,237.22
7383,2276.53,2159.69,802.89,393.01,399.96,851.95,441.97,357.68,342.35
9585,2933.56,2791.45,1399.68,635.59,582.92,1436.38,670.07,227.23,409.38
9970,3033.58,2863.87,1018.93,537.73,683.12,1039.89,568.98,545.61,452.19
4143,1431.29,1166.97,566.5,209.42,209.39,432.59,258.5,228.21,182.71
7207,2231.87,2046.29,737.43,434.95,458.41,977.62,455.05,338.87,315.28
9245,2965.93,2684.01,1311.82,521.09,577.76,1270.56,490.75,414.53,449.68
3311,1067.61,937.43,480.99,168.43,226.77,401.11,218.96,252.75,137.07
5191,1712.77,1382.81,596.3,361.33,326.55,593.34,302.42,290.95,228.94
8957,2719.23,2407.62,928.81,567.24,559.78,1251.29,537.48,617.82,358.88
4538,1412.85,1338.04,562.87,308.75,296.77,670.77,285.24,350.47,193.4
5983,2073.56,1500.87,687.59,418.7,331.2,894.43,348.27,410.47,276.52
6547,2261.47,1865.51,791.25,378.67,405.36,862.39,369.92,501.36,267.61
7619,2583.33,2268.47,1015.23,419.77,460.1,1043.85,464.22,499.48,325.42
2164,651.3,617.41,239.1,116.16,127.18,305.37,123.21,65.37,105.61
6277,1985.73,1881.19,739.73,378.53,323.83,878.43,368.35,211.01,294.51
8612,2854.0,2449.06,1198.17,534.99,481.0,1288.95,449.27,272.43,350.53
7005,2197.89,1763.29,925.98,416.44,389.48,984.35,468.6,275.49,349.72
8878,3067.17,2586.61,1032.63,512.66,572.5,1181.92,517.0,366.66,439.03
2822,936.04,745.66,375.93,150.6,193.06,335.28,145.77,193.79,116.88
2943,893.48,801.39,406.92,173.16,160.73,382.29,193.65,122.58,144.85
8097,2797.11,2150.6,1049.57,418.65,416.93,1166.11,408.03,515.24,368.41
8150,2835.29,2146.94,912.59,548.5,570.49,939.48,505.19,604.97,401.74
6425,1952.47,1744.84,642.58,327.28,410.07,652.35,411.54,172.66,319.2
2774,906.04,746.03,388.76,159.82,187.88,322.78,149.31,55.52,130.2
9840,3101.26,2771.6,1388.74,511.71,520.32,1456.43,517.83,721.46,422.26
4198,1341.86,1220.18,566.23,274.97,277.13,586.47,219.46,143.97,206.74
5156,1593.11,1365.59,535.34,290.05,341.67,563.84,360.23,150.59,235.81
6242,2053.02,1627.2,806.85,326.22,331.01,627.95,406.37,235.4,271.0
5695,1981.28,1613.65,803.29,345.29,303.13,760.03,320.37,177.47,254.0
5452,1772.74,1545.73,651.42,372.51,304.82,703.04,309.19,368.66,240.23
2914,886.28,859.79,320.25,198.66,158.33,303.49,183.5,169.22,143.81
7667,2537.78,1922.86,991.97,421.63,532.92,1137.01,453.53,230.3,369.54
3308,1048.67,968.09,467.47,213.01,189.41,432.98,183.35,181.99,133.36
8843,3031.35,2441.11,905.91,447.51,576.79,1172.37,452.25,287.27,354.59
6177,1987.35,1736.14,802.07,325.14,408.31,881.33,405.69,196.76,251.37
2513,778.13,639.73,332.11,150.75,145.05,293.65,170.29,140.04,115.86
3920,1213.46,1064.79,510.06,213.93,249.51,501.42,212.15,234.73,188.73
8958,3031.73,2341.31,1186.95,590.92,467.21,1153.87,459.26,365.24,404.45
8852,2773.15,2325.52,1164.65,607.44,512.88,1313.35,463.6,582.5,401.41
8035,2718.74,2211.27,855.89,402.45,557.2,856.32,468.32,564.32,340.72
5594,1735.79,1625.74,625.11,305.76,298.56,771.67,313.19,419.44,249.45
6841,2162.33,1964.66,895.83,402.19,394.82,880.83,352.1,393.79,291.21
9166,2963.13,2562.36,924.71,561.52,603.22,1304.04,541.69,304.32,391.76
3409,1183.47,944.19,449.09,232.9,215.82,482.71,184.35,221.27,149.69
6802,2357.48,1845.83,906.5,461.43,426.01,684.29,349.21,180.05,275.31
6566,2037.72,1960.84,735.12,411.97,440.35,740.79,414.7,202.71,325.34
5190,1649.96,1442.87,674.22,286.22,262.52,565.92,318.93,363.13,255.05
6491,1995.79,1705.17,822.44,426.24,424.66,798.95,431.83,484.55,311.33
3555,1157.15,929.65,401.84,192.16,240.5,516.41,199.24,85.33,162.41
8404,2714.74,2357.89,1034.94,582.43,422.92,842.5,443.03,325.46,404.49
2804,967.49,774.3,407.93,140.53,171.55,348.84,160.4,161.93,139.47
7029,2435.55,1759.96,852.83,431.55,400.45,1013.86,460.92,536.45,301.09
3279,1046.59,955.84,431.16,169.75,167.28,479.75,179.8,177.86,143.1
7853,2548.98,2239.72,799.18,456.67,458.26,1043.39,432.7,543.9,371.37
7000,2413.68,1981.64,727.23,438.89,440.16,990.41,370.66,527.56,325.0
9393,3196.77,2380.55,977.49,599.2,642.3,1091.5,654.98,480.38,453.2
7172,2152.91,1922.83,996.28,471.28,447.61,819.75,497.35,462.07,311.77
9083,2870.26,2695.55,1067.37,561.93,609.79,930.61,573.69,542.66,391.53
7986,2564.21,2340.93,889.49,439.44,418.72,999.53,433.61,481.41,366.19
7619,2373.21,2013.53,1046.59,516.45,413.03,935.55,497.76,388.75,315.87
5577,1728.75,1438.05,605.09,369.32,387.08,661.41,343.98,320.07,225.29
4901,1479.56,1335.3,550.5,260.74,332.03,517.87,318.52,261.04,208.01
3387,1125.05,907.01,411.68,225.34,185.28,377.78,227.63,197.34,140.84
7399,2316.82,2102.14,862.52,513.88,461.84,815.25,417.08,372.26,296.45
6688,2023.9,1995.18,864.56,419.63,382.91,984.46,456.62,223.04,319.55
4761,1483.28,1276.66,556.52,264.88,282.67,706.17,323.61,293.36,216.3
9325,3171.39,2360.26,1115.71,579.38,626.8,934.1,568.29,401.37,435.38
4679,1602.91,1379.75,669.77,266.0,302.8,507.8,298.01,129.44,194.79
4106,1330.97,1034.29,592.19,260.81,224.88,593.07,239.05,291.85,174.78
9894,3174.03,2944.83,1398.87,602.51,557.23,1008.37,624.33,305.53,401.71
6223,2171.16,1762.53,891.39,426.83,347.21,915.85,379.47,326.35,310.99
6831,2117.8,2029.38,877.69,425.97,448.2,812.91,385.65,432.18,280.28
4768,1481.74,1239.6,630.86,258.81,285.13,605.22,269.19,280.65,195.03
5953,1872.77,1500.36,761.14,383.98,410.84,822.65,375.24,176.52,274.68
5186,1600.6,1423.09,722.3,290.51,344.01,581.84,358.52,164.13,224.65
5280,1684.15,1438.96,673.46,292.76,286.3,554.58,285.28,152.76,258.06
4573,1580.16,1219.05,482.7,264.48,300.53,642.49,264.55,111.37,220.95
6616,2188.36,1970.79,929.41,332.39,397.76,987.31,437.41,244.77,322.08
4599,1474.43,1338.9,634.8,319.09,253.29,611.39,241.26,236.61,217.77
6033,2091.77,1707.82,850.74,365.88,345.49,852.23,421.61,183.26,249.27
2236,676.22,577.21,244.89,146.39,155.27,328.84,142.13,174.97,90.86
3304,1025.94,947.31,375.27,182.24,197.18,368.16,225.39,204.62,134.3
5430,1782.64,1554.88,623.3,352.58,349.65,638.14,362.51,298.68,260.74
9368,3098.72,2541.1,1174.78,574.67,557.79,1039.39,614.0,570.37,436.28
7877,2378.68,2333.48,840.43,460.67,452.39,812.03,399.03,363.58,392.35
3301,1056.82,852.81,393.71,229.13,217.63,450.96,191.89,159.09,153.28
9402,3125.77,2476.18,1025.83,562.96,629.62,1008.67,508.06,689.35,399.52
4541,1520.8,1149.61,514.21,286.76,233.58,475.15,306.18,287.52,185.7
4051,1344.56,1173.87,548.18,203.79,225.15,477.54,257.67,223.98,176.85
8809,2783.89,2476.1,1257.4,493.56,529.93,907.57,459.31,678.41,369.95
2441,743.71,648.69,246.9,165.44,137.5,266.02,139.61,145.87,112.98
4076,1309.85,1052.39,522.93,265.67,267.68,421.85,209.45,179.02,166.95
5180,1587.35,1305.4,527.34,314.61,270.89,745.21,335.66,118.35,247.22
4657,1617.75,1203.08,485.55,316.69,307.16,647.26,271.81,202.3,218.72
5798,1877.15,1580.91,784.2,346.28,361.55,828.97,317.08,437.68,274.61
2804,885.68,735.65,383.53,171.97,156.43,402.14,169.23,63.59,139.23
2074,701.67,545.36,291.81,119.55,117.99,305.35,105.44,64.45,96.45
8981,2917.9,2638.43,1111.06,560.42,481.9,981.92,495.27,615.42,430.06
9313,2938.27,2568.12,1331.67,525.07,512.69,1350.39,498.3,390.19,380.46
4175,1422.0,1195.98,452.33,240.94,268.64,527.1,286.46,130.07,206.37
5924,2034.05,1491.58,666.37,410.69,340.73,641.64,340.88,408.4,249.91
4089,1364.3,1096.91,436.4,213.55,260.67,542.97,252.25,218.79,183.72
7475,2260.05,2047.84,1045.58,389.49,450.61,869.72,448.94,395.49,370.54
2040,669.76,529.01,227.32,103.77,107.93,208.74,128.9,76.76,85.26
9077,3069.52,2323.8,978.28,511.95,544.45,943.39,504.52,549.23,366.3
4081,1252.15,1197.84,535.25,236.55,265.79,494.56,213.91,292.65,175.36
9184,2860.21,2727.39,953.8,476.56,513.88,1297.92,474.16,597.07,381.72
7796,2682.8,1979.72,797.1,475.42,490.85,900.84,419.95,442.39,363.92
9320,2805.38,2492.64,981.73,574.73,503.1,1289.01,556.0,382.41,398.74
9141,3086.33,2723.23,914.21,594.35,481.86,939.58,500.2,651.65,371.38
7497,2426.69,1905.42,1010.97,521.19,428.86,897.29,439.92,404.59,366.83
6683,2154.19,1885.82,856.17,416.93,386.17,710.88,338.07,490.37,270.63
3622,1087.89,1081.57,400.21,189.19,236.23,518.59,226.56,127.68,154.71
9796,3340.14,2928.13,1093.73,507.14,579.94,1453.7,661.85,580.49,415.38
2341,744.42,640.41,329.02,153.45,120.85,272.21,119.28,178.18,94.19
6052,1979.24,1562.25,757.05,381.32,379.34,904.43,328.99,256.88,252.08
4074,1360.17,1059.66,549.69,216.89,241.93,560.65,229.59,314.01,196.16
9992,3348.63,2942.44,1225.4,550.23,565.88,999.82,557.0,435.13,403.43
9454,3288.09,2794.45,1057.77,614.56,624.38,1174.79,480.34,437.35,380.36
2645,863.77,741.64,392.84,162.2,140.42,374.81,137.89,180.88,122.57
6826,2184.22,1968.0,875.66,421.16,465.97,864.81,465.87,243.32,279.11
6263,2177.55,1797.46,667.32,339.46,354.99,798.52,402.26,390.51,273.79
2609,866.46,738.58,313.87,163.27,154.5,319.3,180.46,98.89,104.42
8411,2648.69,2450.66,979.6,550.19,576.87,1007.23,494.64,467.87,366.92
7868,2410.15,2236.64,871.02,532.7,513.19,797.58,531.72,523.68,339.74
8136,2783.55,2251.23,1193.32,526.68,418.89,1066.52,539.67,175.48,375.29
8964,2851.53,2347.2,1291.23,551.53,551.88,1240.05,605.06,226.87,403.3
2454,817.24,704.78,269.84,155.74,137.93,342.35,124.62,186.66,114.81
4953,1602.5,1355.5,582.51,295.71,298.02,649.99,312.29,341.51,244.47
3708,1149.28,981.65,512.13,202.23,240.5,434.07,227.42,269.28,177.81
5472,1806.22,1587.41,604.25,370.15,327.9,553.39,333.27,253.55,269.96
4969,1505.78,1415.35,643.87,301.38,255.51,719.46,298.58,312.95,201.45
5028,1612.31,1492.65,678.73,311.16,304.69,610.66,331.44,401.72,250.91
9643,3156.45,2490.52,1279.61,673.1,486.8,1254.16,668.85,443.11,416.78
6797,2187.29,1919.88,919.77,473.75,387.21,745.82,452.53,481.27,290.69
4681,1579.53,1227.41,633.5,288.94,278.8,501.32,315.54,115.89,206.13
5629,1921.72,1661.56,834.44,285.27,354.03,587.33,335.93,296.26,269.25
7695,2605.24,1962.03,902.82,445.72,462.66,1076.82,491.03,307.76,381.23
6225,1879.58,1760.48,895.96,427.94,330.17,823.71,362.99,319.87,283.5
5067,1569.28,1467.17,512.22,282.57,347.82,664.07,289.86,136.02,210.5
7941,2595.36,2126.17,908.53,555.75,500.33,1159.15,539.24,334.01,334.64
3386,1174.07,1008.04,346.84,175.01,190.77,365.47,230.6,83.27,149.17
5776,1973.94,1689.69,765.67,354.43,400.39,626.77,367.61,272.54,252.17
4866,1664.79,1288.18,511.12,293.46,329.19,532.7,324.84,226.31,206.23
6788,2139.31,1699.56,965.83,374.07,358.88,822.49,388.32,270.04,329.23
5363,1724.06,1420.3,709.68,369.9,338.45,770.72,314.68,412.41,229.54
7490,2423.28,1977.85,759.79,467.25,458.4,1079.11,497.49,187.07,344.0
6889,2120.91,2028.8,935.11,376.17,371.02,892.33,399.29,478.74,308.58
6124,1846.71,1827.13,876.36,353.24,334.8,813.92,311.1,252.89,301.51
2148,746.1,544.57,285.8,138.38,131.62,311.22,122.58,68.65,99.43
5850,1825.41,1600.35,593.93,327.33,330.09,767.58,339.09,212.67,253.43
7415,2313.46,2057.04,1059.57,501.2,494.56,826.7,393.68,549.55,343.96
4058,1234.32,1033.35,554.42,216.35,210.83,548.83,230.83,282.01,175.26
9679,3353.05,2602.44,1151.05,535.15,660.89,1340.49,664.84,202.73,395.96
8819,2901.34,2344.57,1026.81,466.51,589.21,1162.06,592.38,254.34,395.55
3136,1045.39,868.05,388.84,163.33,203.13,356.5,184.77,189.73,152.42
2186,755.44,618.77,313.37,122.43,120.78,262.31,140.34,85.35,107.31
4854,1540.08,1384.24,546.57,339.7,312.11,599.61,257.44,364.77,220.55
8887,2942.27,2282.52,933.56,461.12,522.34,953.26,578.11,597.12,417.65
3250,981.3,944.6,465.5,176.35,203.69,398.49,193.43,235.63,149.85
3333,1031.03,946.33,337.68,184.76,187.48,360.16,214.82,105.23,160.34
6193,2115.3,1823.55,901.39,386.34,413.18,773.96,389.42,179.86,254.11
6150,2080.78,1675.67,709.02,399.18,312.49,630.62,336.13,466.88,270.68
8766,2783.49,2583.29,1099.35,570.13,559.53,1292.34,584.64,387.91,372.83
4711,1502.06,1381.68,502.26,236.36,313.62,529.13,289.46,211.73,188.75
6853,2238.72,1863.47,994.46,431.99,431.25,845.32,450.13,418.54,330.99
6501,1950.38,1749.14,893.83,407.06,350.01,660.75,337.27,285.05,268.76
8212,2562.65,2436.01,1200.66,495.62,457.41,900.33,511.67,595.46,355.04
9479,2942.39,2708.7,1271.72,545.84,571.57,1276.46,529.29,735.04,461.33
7408,2315.18,2195.82,809.21,488.55,419.21,782.21,497.95,295.96,349.76
3785,1288.02,1097.08,436.84,215.28,189.62,497.38,261.13,122.95,172.89
9715,3050.35,2724.72,1207.99,530.44,493.65,972.5,496.6,238.2,418.74
2750,851.33,703.43,358.5,154.56,179.73,338.94,177.34,90.37,124.17
9315,3029.36,2464.51,1363.0,547.66,481.34,1267.47,484.93,264.24,377.84
9634,3307.18,2875.19,1148.35,522.94,660.51,1409.6,646.92,209.51,455.43
3762,1174.0,1000.58,508.45,233.81,221.41,468.9,197.47,85.77,159.41
9411,2860.26,2396.63,1393.3,636.98,613.26,1336.61,507.25,475.84,421.54
9658,3069.51,2756.18,1039.38,597.92,507.14,1353.37,531.5,603.31,395.44
5920,1997.3,1697.27,847.36,348.89,405.7,679.55,382.18,467.65,278.88
9101,2980.89,2405.15,1101.54,600.1,461.2,1308.15,508.3,267.03,445.57
9674,3297.28,2562.48,1321.67,628.43,491.85,1277.1,599.03,598.76,431.07
6460,2247.95,1766.45,740.81,370.42,330.05,679.65,396.89,343.93,263.78
8122,2758.5,2039.35,947.83,504.24,422.9,1193.57,471.44,395.44,401.64
2481,819.2,718.17,251.47,160.26,148.21,270.02,150.82,157.07,110.33
8344,2709.02,2218.29,1239.67,458.16,548.75,1030.63,436.92,286.36,340.46
2153,650.21,630.16,302.87,123.42,119.92,265.5,145.38,83.27,90.18
9617,3358.41,2790.19,1006.86,501.19,624.29,1262.35,520.68,414.27,396.21
3524,1124.77,997.54,528.51,245.81,230.76,469.57,238.24,109.05,147.92
4120,1267.36,1096.92,536.64,213.08,280.84,459.98,248.74,200.72,171.22
8856,2952.02,2442.62,1263.63,472.66,469.25,1041.66,551.54,247.19,435.97
4343,1364.63,1182.34,448.78,258.83,228.92,465.7,239.5,169.76,182.8
7136,2349.81,1904.91,852.56,480.29,374.23,758.56,388.53,191.17,316.98
7760,2555.67,2269.08,1035.82,443.23,443.77,1096.13,464.16,171.91,367.04
3240,1044.21,888.33,341.24,211.81,193.71,445.62,179.32,133.85,151.53
2060,704.12,600.77,256.36,130.85,122.02,251.6,120.43,117.53,102.1
2938,920.32,749.96,358.83,184.43,162.0,307.89,172.77,85.54,145.9
3639,1173.33,935.41,403.21,243.45,227.22,445.76,201.67,289.69,166.33
8185,2675.55,2446.22,941.39,411.57,464.63,939.01,457.01,298.43,388.98
6120,2039.07,1709.86,907.94,419.73,350.81,850.04,425.08,130.73,268.43
7158,2427.98,1971.95,819.11,476.61,373.01,750.39,442.0,155.2,317.05
9970,3187.81,2753.29,1103.39,685.51,616.59,1222.01,664.38,598.14,409.21
6226,2068.91,1623.51,789.52,410.12,392.9,806.7,317.0,374.76,290.97
5569,1712.64,1592.37,743.73,376.31,362.87,831.38,278.66,413.01,237.83
3252,1127.25,826.79,443.1,175.81,221.4,339.77,196.36,82.76,132.68
6203,1979.71,1728.57,854.23,349.75,405.18,655.64,412.72,264.14,254.21
2171,730.49,604.71,221.1,122.24,118.79,324.35,135.08,159.26,102.52
3458,1040.92,1022.56,413.88,180.45,189.2,415.93,215.7,234.66,146.24
5549,1721.63,1533.24,769.63,358.42,379.01,761.24,292.92,188.7,264.69
6197,2010.02,1591.72,900.07,326.73,407.78,862.46,431.13,454.85,304.02
9009,3098.31,2510.25,1172.16,459.91,591.4,1042.59,545.89,548.19,391.07
8667,2828.59,2206.33,889.37,567.77,558.11,959.57,451.14,310.79,415.49
4322,1497.55,1124.54,517.92,294.3,239.2,491.86,251.9,98.06,191.41
3636,1178.75,914.66,377.09,237.37,243.42,502.57,187.03,181.24,173.52
5115,1659.93,1410.02,702.94,340.18,270.37,726.45,298.53,321.14,220.29
6090,1863.46,1548.24,628.34,377.05,347.13,822.0,391.17,219.96,300.33
8960,3047.59,2450.29,979.21,607.08,510.09,1093.67,505.98,269.91,446.85
5004,1562.99,1484.42,604.72,299.91,306.26,566.09,281.54,122.68,219.48
7136,2461.78,2040.81,878.67,497.85,422.94,865.33,430.21,503.24,299.64
2329,804.77,591.26,280.23,121.27,137.87,339.4,139.67,54.23,109.12
5640,1958.01,1473.23,694.68,373.28,344.44,807.42,334.69,319.02,258.51
5894,1921.51,1672.03,799.59,370.31,343.67,684.7,355.63,387.79,294.2
7616,2542.64,2244.7,902.22,469.24,418.88,886.48,388.11,508.97,366.45
9982,3383.16,2511.93,1271.58,644.0,631.69,1387.49,593.78,591.15,482.64
6107,1872.11,1774.83,703.33,407.98,401.92,740.95,426.51,361.34,288.65
3341,1102.69,929.1,393.17,224.71,199.06,429.77,218.12,161.86,145.36
5663,1708.61,1570.38,740.1,303.01,356.71,685.88,315.72,254.85,279.52
2215,719.61,659.83,275.82,119.48,134.47,248.34,140.77,62.55,98.91
2338,719.5,671.9,318.32,117.66,119.66,255.88,132.33,121.86,102.86
7895,2440.71,2309.33,1010.77,415.57,461.56,844.58,424.99,191.55,331.13
6062,1929.25,1622.8,849.76,335.09,304.29,609.66,396.89,291.53,260.91
4708,1514.2,1307.5,575.18,303.29,297.72,536.86,255.13,300.62,188.43
5152,1706.13,1446.53,641.69,306.62,309.96,559.35,346.07,239.94,240.08
3750,1138.96,997.8,500.62,244.34,197.01,423.37,216.03,189.36,172.7
7604,2472.7,2117.81,844.52,454.19,462.66,789.22,495.3,536.33,334.81
4421,1366.67,1157.56,527.41,270.18,300.49,517.6,244.0,259.93,219.6
9119,2997.4,2345.12,1196.8,476.21,518.05,1148.98,575.0,252.19,427.96
2709,899.04,727.9,274.81,177.52,188.67,398.84,146.96,142.43,114.94
7319,2399.43,2100.29,891.81,476.92,506.38,858.91,369.15,306.48,320.48
9704,3269.42,2870.53,1260.96,544.89,637.61,985.45,643.3,314.51,438.21
8609,2727.16,2349.27,1277.31,487.02,570.57,1016.88,577.86,506.88,391.31
7208,2438.14,2033.67,1036.88,392.07,419.58,1015.33,487.34,311.31,308.19
7387,2375.94,1884.81,842.39,489.59,428.82,864.33,374.71,487.83,313.91
5726,1856.42,1690.45,717.81,371.85,395.6,656.12,373.44,316.02,246.18
5642,1875.43,1570.9,580.11,350.84,323.42,823.45,376.42,148.13,280.03
5993,1803.4,1732.08,671.44,328.28,311.26,688.36,337.01,245.84,261.27
2488,827.76,720.83,345.19,132.95,132.0,369.5,147.81,90.04,108.83
7657,2533.93,2012.44,812.91,390.55,491.64,1084.47,445.32,222.04,361.43
2046,645.5,565.63,230.96,104.17,117.97,274.6,120.31,139.15,85.17
5359,1630.69,1597.11,788.86,288.01,289.32,696.22,358.7,228.89,248.83
6873,2093.15,1749.05,970.42,357.47,455.51,764.55,401.09,390.36,320.7
7135,2469.86,2027.43,992.42,436.11,426.48,974.07,399.9,520.29,290.0
6806,2276.36,2028.96,974.81,389.04,417.57,798.73,358.05,357.86,285.17
2400,735.25,636.07,329.95,141.36,127.39,298.28,152.39,85.16,107.2
5990,1903.84,1755.5,635.12,370.67,322.59,630.17,309.59,403.97,289.64
7913,2608.32,2347.65,995.68,499.96,415.57,908.47,405.33,365.15,374.47
9124,3118.39,2621.82,1115.06,574.48,550.09,1153.78,580.57,491.15,444.65
5157,1558.36,1348.9,595.93,284.75,337.85,636.38,329.46,382.26,250.17
6345,1978.57,1692.21,899.1,419.99,410.18,743.48,342.51,313.17,286.25
2390,823.33,601.78,294.46,163.37,131.99,295.4,165.25,95.8,110.47
5853,1758.58,1706.57,602.95,329.63,392.33,803.3,384.87,372.51,288.01
6430,1993.75,1880.65,731.4,323.69,335.09,790.67,409.77,180.1,304.85
2628,914.42,740.14,292.84,178.66,137.39,329.31,171.05,196.64,114.52
9686,3202.87,2592.23,1398.41,663.21,648.83,1308.17,564.09,725.8,421.38
6232,1951.14,1581.93,824.94,317.95,342.06,885.45,368.39,341.29,272.13
4930,1495.51,1418.13,631.13,246.99,316.32,622.87,332.3,144.24,221.61
8831,2661.75,2528.55,1106.81,585.74,443.15,1301.77,446.04,416.16,385.25
3521,1099.39,1040.91,466.55,197.28,182.64,414.32,232.56,159.85,147.44
2826,972.35,809.72,389.26,192.99,175.74,318.29,166.6,107.1,129.85
6822,2188.47,1988.17,871.3,370.67,365.99,918.61,404.4,208.11,332.18
3500,1176.06,1005.54,514.2,235.28,176.97,380.76,197.8,125.38,157.24
8737,3022.25,2459.77,1300.43,448.84,518.44,1266.85,542.93,465.96,368.63
5294,1696.21,1436.52,792.87,292.3,299.7,631.73,336.24,323.69,254.8
7085,2193.26,2090.83,945.63,492.14,467.93,955.82,377.03,558.13,336.94
4419,1439.96,1248.58,647.96,241.38,293.32,567.88,270.95,145.59,207.7
2934,1013.42,791.94,352.74,154.51,182.75,301.38,173.98,94.6,137.16
5042,1715.38,1281.54,720.9,338.53,281.65,682.96,330.95,136.24,241.12
6497,1970.48,1718.69,945.05,340.16,384.83,906.33,395.7,495.98,313.82
3466,1159.82,960.73,503.29,180.06,221.98,516.86,203.08,148.73,169.77
5561,1827.32,1466.89,787.12,314.02,285.76,671.8,336.88,419.52,256.36
2614,902.81,682.42,314.54,163.91,148.08,327.13,156.35,191.78,114.85
7392,2262.87,2042.92,797.93,474.68,491.18,1062.55,507.86,167.34,302.33
9693,3166.72,2505.55,1131.15,655.49,563.36,1099.77,545.11,356.57,457.74
3182,1094.52,922.85,440.28,193.52,198.85,348.29,161.48,121.4,131.77
5223,1673.98,1432.24,583.12,302.25,271.21,557.01,330.3,191.38,254.28
9138,2961.62,2546.7,1132.32,522.48,598.91,1360.76,567.26,415.96,402.61
4667,1416.54,1201.14,598.64,312.4,242.73,529.79,318.29,233.16,227.57
8331,2615.16,2217.95,1084.64,537.15,560.1,1148.59,436.12,545.61,376.43
9980,3155.93,2699.63,1464.93,679.72,520.28,1222.38,603.32,359.9,444.46
7217,2506.15,2095.89,960.4,500.0,489.44,808.51,382.61,273.7,314.92
2130,669.1,614.52,296.74,119.28,122.0,310.27,125.91,119.1,86.51
8948,2890.59,2336.76,1155.13,542.19,559.17,1102.31,590.46,275.21,358.95
7290,2431.69,2047.1,1032.84,456.62,487.93,935.29,489.51,352.77,328.68
4983,1535.31,1306.41,563.99,265.48,250.17,553.73,332.25,174.7,244.22
9129,2960.74,2733.34,1008.7,466.19,504.96,1060.86,556.4,291.03,418.67
6278,2115.23,1868.37,918.57,422.86,427.95,862.5,393.5,425.27,305.26
9126,3133.35,2538.52,1229.04,554.04,527.15,1069.13,556.97,569.71,456.28
6459,2139.95,1840.46,862.77,396.68,414.2,809.3,395.45,225.99,269.9
2038,679.58,591.17,251.42,124.52,107.61,215.45,137.98,91.53,94.96
9694,2969.41,2772.97,1151.99,631.07,616.22,1381.43,525.27,283.58,428.18
5959,2069.49,1698.26,761.47,315.29,306.67,815.66,350.24,138.19,250.8
8640,2649.27,2574.1,916.08,538.11,555.95,1192.64,537.42,476.18,366.41
5587,1892.5,1563.37,685.72,331.81,315.53,608.48,364.87,233.61,237.15
7468,2339.28,2104.6,916.83,507.37,442.98,931.69,487.2,242.23,353.21
9125,3163.45,2668.73,1158.12,551.08,486.59,925.07,477.65,245.25,397.39
2920,981.11,827.8,384.66,201.07,182.67,338.0,158.96,177.54,124.27
9564,3229.67,2741.49,1414.19,545.77,542.77,1122.82,652.56,347.05,467.29
4769,1482.93,1248.09,632.41,330.67,275.02,694.77,272.55,355.02,192.4
9328,3005.03,2505.16,1344.97,629.67,588.07,1395.83,466.91,294.47,441.74
6111,2022.07,1572.76,781.08,376.96,327.41,799.85,329.97,211.6,303.14
2492,843.54,686.02,327.32,142.23,167.06,313.59,172.92,177.19,115.27
7545,2302.72,2058.17,780.85,433.98,488.81,920.52,423.99,410.04,343.16
3131,1089.96,938.86,333.96,204.94,192.73,315.96,194.98,82.98,127.16
9037,3113.35,2535.42,1165.62,556.79,475.04,1265.23,583.18,478.67,406.93
5521,1730.93,1597.35,661.34,320.39,351.92,737.56,347.45,212.49,240.79
2310,788.03,616.08,323.26,144.89,116.34,305.99,132.94,148.34,110.37
2738,892.36,798.34,348.16,177.05,180.95,384.56,160.47,67.54,131.75
5241,1693.32,1471.43,755.3,264.45,293.89,767.3,349.89,393.46,218.42
2545,803.51,724.94,378.23,131.82,133.22,304.07,160.99,123.92,115.09
4461,1467.89,1180.92,479.03,231.48,237.73,541.21,225.14,285.76,216.8
6346,2135.39,1760.58,759.88,346.74,439.54,944.01,343.12,395.23,293.47
6854,2197.03,1930.78,913.29,401.23,448.78,913.1,381.95,210.38,307.13
3804,1260.88,1063.05,438.5,251.34,208.3,542.33,218.01,276.95,186.32
5212,1745.84,1541.5,590.79,297.2,361.03,578.94,320.74,177.01,258.85
7393,2480.77,2180.3,1040.1,372.23,390.37,856.51,423.84,232.39,313.11
9583,2899.8,2861.0,1428.05,571.79,619.74,1145.94,637.27,491.02,400.84
7727,2650.26,2189.61,1071.66,540.37,487.84,895.15,459.58,611.0,375.91
5810,1876.12,1734.84,733.13,331.06,385.96,837.87,348.85,225.45,246.52
8010,2508.1,2335.91,978.23,554.49,461.65,1005.86,468.97,623.72,388.31
9206,2873.08,2426.16,1169.0,478.96,534.29,1359.56,517.46,424.45,395.97
2813,911.84,763.37,346.4,150.39,175.79,326.49,181.43,197.14,113.06
6124,2108.75,1604.0,766.38,394.89,354.97,623.8,334.32,317.22,270.8
7053,2249.32,1764.73,777.05,423.35,358.48,753.99,449.91,227.92,284.97
4032,1360.74,1045.91,585.39,263.3,260.44,446.96,244.32,293.53,169.67
6572,2003.41,1644.33,905.14,442.11,412.85,867.49,342.04,159.82,294.38
6413,2076.55,1834.07,859.66,352.85,375.0,699.37,322.95,390.97,258.99
2244,784.47,608.74,330.98,142.85,125.79,267.2,119.8,156.73,90.51
6843,2316.51,1817.7,781.61,425.31,386.04,956.44,446.3,478.47,284.34
6792,2109.1,1956.68,706.76,456.63,440.26,721.57,391.84,402.89,303.11
2271,738.24,662.28,320.91,133.09,146.67,236.24,150.11,79.62,112.96
5511,1717.68,1646.49,826.21,281.27,365.81,699.89,330.87,286.02,225.59
3771,1208.52,1063.8,486.16,231.86,246.03,508.72,191.02,217.86,174.29
3262,1105.83,890.78,335.79,225.66,212.55,474.78,218.3,239.37,146.69
4424,1497.79,1173.52,615.04,222.49,243.48,588.83,304.04,130.86,179.62
6361,1980.85,1660.96,659.56,348.62,330.98,937.03,327.49,304.66,256.61
9069,3138.88,2363.8,1151.77,510.78,591.62,1017.78,491.24,362.65,382.88
2920,962.51,789.74,332.52,190.72,151.76,341.91,187.79,133.34,136.79
5430,1732.15,1626.77,791.43,306.61,378.16,770.87,379.79,168.24,269.46
6435,2092.0,1609.02,788.72,352.52,434.37,904.46,434.53,212.65,293.18
6484,2141.36,1684.93,939.68,408.31,393.38,863.96,337.03,429.18,262.33
4624,1516.65,1199.56,531.55,235.49,263.77,579.39,287.36,225.2,196.89
5760,1868.08,1646.53,687.56,307.65,348.69,581.1,364.63,292.89,284.68
4050,1317.25,1083.88,596.79,235.55,261.98,461.79,253.6,299.09,162.51
5500,1698.51,1500.75,605.36,314.12,358.2,593.54,337.49,189.19,253.12
3165,1078.11,814.77,408.05,180.23,162.91,324.6,176.75,125.83,132.26
2375,776.83,641.84,283.64,123.91,156.98,329.66,150.5,91.48,96.57
9837,3015.57,2510.01,1364.47,562.84,618.06,1048.29,635.17,585.84,418.51
4033,1364.4,1115.74,429.37,266.02,204.92,475.37,248.09,216.76,199.11
8467,2934.85,2158.21,1031.79,493.43,476.38,1260.51,507.54,408.89,403.18
2145,745.1,621.03,289.46,132.4,129.16,258.38,116.65,128.87,89.47
8077,2572.13,2248.07,972.07,430.27,434.29,864.85,491.84,396.06,328.39
6388,1959.68,1828.24,657.5,328.31,339.23,859.11,335.79,440.5,287.02
9832,3204.45,2663.74,1329.83,664.63,494.41,1381.37,505.9,438.65,398.46
2431,742.99,654.12,304.26,137.66,165.87,277.03,159.37,178.52,107.06
2704,937.48,689.28,271.93,154.15,138.23,379.82,171.77,73.49,129.8
9092,2811.06,2511.14,1187.71,614.2,521.16,1032.63,572.62,233.09,409.2
8094,2530.49,2231.72,1181.68,519.27,438.01,1089.9,554.95,480.31,396.35
4632,1483.78,1266.41,488.91,301.66,300.25,492.1,266.87,200.95,221.93
6494,2072.61,1863.95,841.19,413.28,416.55,788.31,376.62,307.44,295.82
8960,3044.01,2612.96,1222.44,466.96,592.48,1129.18,522.14,553.38,429.22
9511,3070.3,2734.79,984.76,657.78,592.88,1296.01,564.06,312.65,389.46
2963,914.2,762.06,299.65,202.03,183.21,392.6,178.54,67.07,124.49
9307,2916.45,2616.23,1146.71,509.32,541.13,1327.8,610.17,431.22,437.47
4234,1377.98,1075.5,590.89,279.78,265.59,462.41,230.14,311.98,169.6
4041,1242.09,1150.6,436.57,235.14,211.36,537.7,237.13,190.11,161.83
3828,1265.47,1030.08,542.93,243.75,243.81,407.25,230.07,207.93,167.68
4108,1348.6,1054.22,545.66,219.01,213.94,509.0,219.29,133.52,199.94
6068,2037.24,1778.55,707.58,368.76,407.98,765.95,388.59,290.32,302.24
2938,1019.15,824.7,369.57,154.34,176.61,297.8,150.21,143.49,136.61
9547,3299.56,2556.08,1415.62,579.73,578.62,988.28,589.22,325.63,472.6
6805,2363.4,1711.7,754.14,373.4,419.85,966.06,367.76,202.98,329.88
2806,876.13,776.88,350.68,165.69,183.85,320.84,140.78,115.09,117.89
3463,1061.68,1025.61,454.43,219.41,206.29,406.24,195.02,77.34,152.51
9486,2989.17,2654.36,1014.06,640.7,555.42,1252.34,555.72,284.46,438.61
7421,2558.42,2215.78,758.25,395.58,413.84,824.0,492.35,474.06,308.07
5415,1887.68,1390.69,545.14,367.49,284.62,593.72,314.92,319.2,233.55
2010,689.36,559.61,233.63,116.18,108.15,243.36,137.3,77.92,95.6
7181,2193.8,2081.82,744.65,480.24,359.13,739.28,480.06,381.09,311.99
3868,1343.63,1068.64,542.25,233.05,260.66,564.14,208.31,269.84,190.54
8369,2687.85,2130.36,1254.23,562.77,546.49,1230.29,444.51,588.75,368.8
9320,2800.34,2601.62,960.57,589.55,506.76,1140.86,511.45,552.33,393.28
9878,3181.9,2771.64,1201.52,594.4,494.37,1091.14,564.96,271.08,415.88
8707,2632.16,2493.99,881.9,489.78,521.05,1075.56,536.96,259.24,408.12
6867,2246.84,1978.11,732.71,476.42,400.01,721.01,360.39,257.52,299.96
7690,2437.17,2218.86,893.16,507.68,503.85,921.95,466.33,463.27,325.84
7703,2493.24,2181.28,921.93,443.88,447.22,798.67,474.62,273.3,361.57
9827,3249.38,2562.79,1444.46,524.12,661.18,1329.67,621.24,470.38,434.49
9742,3345.79,2632.4,1167.01,638.98,505.77,1108.5,594.28,677.38,472.1
7429,2474.56,2145.54,927.24,518.54,425.81,936.3,494.05,546.08,337.94
2884,927.79,858.48,323.81,160.29,198.07,290.35,181.21,202.78,143.4
9410,3208.54,2389.64,941.06,642.87,472.71,1187.84,644.5,253.94,411.64
5564,1921.13,1539.99,806.59,292.15,321.69,557.31,356.2,415.33,238.26
3389,1036.99,900.21,352.75,233.99,187.05,495.67,199.01,206.89,157.4
5401,1763.95,1411.12,800.5,350.56,327.5,675.44,292.7,308.54,254.3
9274,2914.13,2553.04,988.07,527.99,515.41,973.8,465.65,323.22,372.53
6321,1911.17,1771.8,823.27,354.56,426.02,739.89,327.48,478.46,295.15
2824,941.6,707.38,423.52,177.54,194.13,288.9,151.91,59.42,118.07
4265,1463.49,1232.63,456.03,263.88,285.68,539.71,231.71,106.33,211.5
2936,904.71,854.36,355.83,200.76,170.2,311.56,190.37,85.79,134.35
4800,1634.98,1431.72,667.3,313.56,335.03,593.55,277.06,295.91,198.08
4553,1560.18,1179.37,462.63,276.86,294.58,524.85,257.2,261.21,184.52
8402,2904.71,2350.27,1129.98,575.97,479.86,1160.14,428.9,644.27,409.98
8007,2508.31,2172.55,832.88,495.27,415.35,993.77,486.61,327.8,388.39
5845,2017.68,1559.1,653.62,391.58,370.23,832.38,363.9,238.81,259.17
9684,3060.46,2694.88,1045.91,647.07,625.31,1424.2,654.22,582.71,395.83
3796,1243.63,1097.5,551.81,259.59,199.1,563.62,227.98,115.59,166.64
2053,621.08,515.62,223.82,105.43,125.22,232.01,102.97,98.22,97.73
9214,2784.42,2750.1,940.03,568.29,642.6,1275.02,472.73,192.81,429.51
2726,915.99,791.89,352.69,161.84,154.09,332.31,151.08,151.35,132.62
4736,1526.05,1361.87,555.58,283.26,265.4,574.52,249.98,317.5,225.02
7640,2389.9,2200.47,918.98,452.27,520.02,1095.66,499.75,246.2,330.82
5170,1600.22,1393.07,547.78,345.09,270.64,554.66,269.65,198.68,224.44
7139,2380.84,2053.04,980.98,402.42,490.24,884.45,379.91,199.25,331.8
3913,1173.98,1053.92,508.99,231.86,256.65,507.3,247.83,222.81,168.66
7872,2678.8,2321.73,930.56,425.2,455.13,813.23,431.33,423.84,383.18
3596,1093.05,930.86,390.45,197.9,185.81,515.04,249.5,250.22,155.62
3914,1211.67,1035.71,507.54,247.4,197.2,452.92,263.27,306.16,175.7
9657,3083.59,2680.46,1341.65,505.44,555.44,1282.85,626.65,763.08,390.45
4466,1448.07,1187.78,516.36,240.08,286.3,653.84,253.95,118.04,183.91
4737,1505.18,1284.73,479.83,286.88,283.04,644.17,242.23,251.95,195.73
2849,900.39,782.4,315.43,144.94,184.54,411.11,161.62,191.96,123.76
4109,1430.74,1203.19,551.1,215.88,260.56,425.19,236.41,244.65,169.15
9312,3092.32,2571.6,1391.72,626.39,572.3,1160.62,489.33,687.4,415.05
8359,2517.49,2241.24,841.49,559.41,579.7,1071.97,438.12,388.72,356.86
2002,643.66,525.3,230.85,114.02,129.26,269.17,126.85,91.34,85.53
6255,2150.16,1691.56,644.9,356.28,427.17,662.05,341.82,134.9,278.07
9906,3121.11,2731.94,1147.29,680.84,543.28,1315.91,629.63,207.42,480.82
6069,1849.39,1743.66,730.07,306.59,390.07,651.2,370.0,373.6,288.99
6876,2323.53,1760.62,1004.19,423.6,426.01,710.85,467.77,332.03,335.8
9287,3067.5,2424.65,966.11,575.31,636.03,1146.63,612.42,553.63,463.44
2892,950.07,777.9,401.57,190.17,174.12,376.01,153.36,99.18,116.0
4030,1219.8,1080.12,482.7,278.21,224.04,596.06,250.68,289.3,189.11
5160,1584.25,1391.07,725.31,294.72,297.72,696.25,325.4,382.73,212.58
4376,1449.01,1267.62,549.93,257.12,237.95,567.0,294.25,261.41,216.04
6675,2071.86,1776.94,680.61,423.37,363.12,739.11,419.32,244.76,282.14
3933,1279.03,1081.95,579.37,272.74,233.65,423.2,207.72,129.67,171.08
3380,1106.09,950.44,351.98,229.22,229.34,440.63,186.47,194.45,168.29
5681,1784.83,1486.2,737.87,359.84,305.85,631.43,356.49,434.29,276.51
3290,1143.02,940.73,473.38,220.87,183.44,445.24,224.51,179.92,133.15
3640,1245.33,1009.57,378.52,188.2,244.1,384.83,246.9,256.1,147.31
7047,2368.63,1919.17,899.86,405.5,400.16,824.37,402.97,380.0,339.58
9490,2884.01,2756.74,1340.13,476.98,657.17,1315.83,632.16,573.92,386.28
4682,1429.45,1227.5,699.1,250.72,259.28,662.75,281.98,253.14,227.16
2987,969.7,878.65,406.88,187.02,175.76,350.26,177.09,162.86,147.1
9708,2990.41,2699.33,1105.9,657.34,503.96,1071.14,553.53,624.76,390.63
9816,3424.93,2752.98,1324.95,615.03,685.58,1451.88,623.94,429.69,414.24
3218,990.91,945.3,435.36,203.64,218.19,444.26,199.49,238.9,129.47
7016,2275.8,2040.81,947.15,365.37,465.52,984.72,403.37,503.82,285.75
8881,2825.99,2487.37,1267.43,562.14,472.0,987.01,579.55,564.11,402.67
3355,1113.76,965.1,350.16,198.24,232.79,406.7,193.2,216.75,158.7
6265,1919.92,1701.99,660.46,394.88,429.67,647.87,386.47,280.64,280.64
6616,2127.15,1835.07,873.52,373.96,388.45,697.79,382.72,462.8,290.17
7582,2378.74,1919.03,1119.82,467.28,482.46,841.97,396.82,575.9,318.95
6135,2112.82,1561.31,756.4,358.78,428.52,706.52,326.53,415.39,259.91
3560,1075.22,1037.64,526.98,217.77,207.17,533.5,224.76,99.61,163.13
9428,3259.13,2385.13,1385.01,499.14,492.72,1141.77,624.36,633.54,457.8
3418,1167.76,883.45,496.11,197.96,230.22,461.07,202.92,163.63,150.55
2954,930.15,856.04,429.78,169.81,175.85,428.99,166.94,166.97,145.92
9393,3188.59,2348.79,1361.2,607.99,655.06,1054.86,532.86,746.46,380.62
2983,899.56,787.87,420.59,191.29,182.02,319.89,184.81,123.98,144.06
9291,3236.46,2594.07,1251.95,633.43,470.03,1042.11,551.46,380.11,403.11
2974,970.5,832.04,301.03,186.29,177.95,428.62,148.74,106.43,144.8
6133,1932.9,1771.56,653.86,345.23,394.73,817.43,401.28,169.44,301.71
8471,2694.87,2332.04,903.95,556.24,427.96,1038.26,447.66,254.9,398.17
7370,2235.47,2030.21,745.67,441.76,429.44,1039.27,467.97,374.81,320.97
5972,2087.02,1709.58,632.05,321.71,317.18,667.89,339.71,445.44,266.17
7295,2202.83,2005.62,1064.98,473.8,458.58,816.74,449.08,500.39,332.05
7721,2569.13,2165.16,1028.36,406.52,533.88,991.08,518.1,238.96,344.52
2913,938.38,859.01,336.75,156.03,182.04,406.37,154.64,156.43,139.57
6549,2275.42,1768.71,914.69,426.83,418.47,739.89,429.3,463.77,312.49
2036,635.84,548.21,253.32,133.16,117.95,224.98,103.36,106.62,81.7
5387,1759.42,1347.71,576.98,354.55,330.02,666.37,368.62,402.33,223.65
3711,1202.8,1041.57,535.22,207.32,225.92,396.0,200.51,276.37,161.93
5020,1682.42,1262.47,587.0,338.01,327.26,689.7,330.76,205.29,234.56
2795,848.0,769.2,377.17,180.15,187.65,360.18,143.51,202.46,118.22
6036,1869.29,1751.72,691.3,402.48,381.82,758.28,341.28,332.63,260.92
7068,2196.23,1961.34,883.53,453.57,491.91,1015.06,442.96,344.85,315.38
6688,2253.24,1762.17,941.75,411.93,445.19,913.77,422.52,444.46,306.95
7233,2238.3,2092.57,780.0,377.48,379.68,777.28,462.74,487.34,354.55
5111,1679.86,1346.68,760.84,328.22,307.42,618.54,291.41,309.35,245.56
3324,1032.97,952.83,344.07,212.1,226.25,385.8,210.48,228.2,144.9
8367,2870.56,2347.05,1060.1,470.64,576.31,1172.25,490.06,644.97,398.94
2317,804.25,598.94,337.82,149.95,133.47,315.0,142.07,167.72,111.97
4396,1432.76,1297.95,647.46,268.2,283.6,543.35,267.91,107.51,198.8
4162,1321.92,1082.25,464.5,254.66,242.27,587.6,222.1,295.51,178.8
4745,1479.03,1421.03,508.66,272.14,248.99,571.79,317.59,317.4,234.55
7442,2251.12,1863.22,1013.75,389.48,503.77,1043.2,501.17,562.65,369.29
3591,1125.51,945.06,366.64,195.13,246.48,364.86,194.18,231.17,151.71
5111,1700.49,1328.82,635.1,334.14,307.15,545.5,298.13,371.42,244.56
7985,2608.55,2001.84,1116.44,442.6,402.17,1100.32,473.49,164.6,322.73
8183,2841.15,2345.4,1047.53,409.52,542.7,865.1,498.99,643.74,327.52
5930,1896.5,1688.1,648.75,414.75,353.07,795.74,299.14,186.52,258.05
3996,1337.43,1157.31,496.91,216.64,205.8,544.17,260.44,287.13,178.32
7868,2552.9,2067.99,1149.23,496.53,423.2,1047.31,529.04,596.21,357.71
3312,1078.48,901.58,433.41,227.0,175.68,466.7,175.02,66.68,145.01
3285,1029.48,929.51,447.0,203.65,209.34,412.53,223.16,245.79,135.63
6311,2036.86,1716.52,737.21,416.4,353.34,914.16,422.95,440.21,274.2
9314,3013.44,2653.24,1019.18,647.58,489.49,1196.61,566.71,701.76,449.1
4383,1469.76,1234.69,494.32,294.57,299.59,549.6,243.23,134.18,190.03
5239,1818.1,1339.78,663.57,320.41,362.18,657.33,283.69,349.16,240.59
4139,1309.85,1196.39,471.89,237.06,218.42,602.66,247.44,203.84,193.74
8496,2566.73,2430.14,1079.83,506.78,463.92,953.12,510.98,301.28,402.07
8714,2830.44,2464.25,1179.78,582.41,538.89,1174.23,549.31,569.64,391.08
9738,3186.5,2510.02,1331.38,653.1,516.21,1091.93,643.03,471.27,401.76
8959,2763.15,2359.8,969.67,599.51,476.37,937.19,615.39,662.9,439.04
3704,1252.04,998.82,509.38,229.44,210.13,547.03,244.19,232.03,157.8
8924,3116.68,2355.9,1192.55,531.33,615.61,950.28,608.45,252.98,387.21
2362,820.3,617.4,237.62,132.81,163.57,317.24,141.69,82.78,112.76
4604,1426.57,1336.39,473.95,230.51,307.71,558.13,233.78,165.15,219.31
9512,3269.92,2681.54,1258.56,621.04,607.95,1349.33,485.46,386.6,465.74
3716,1245.69,1034.06,442.89,206.39,239.36,515.26,205.75,222.91,149.89
7289,2352.1,1904.6,782.15,412.51,432.9,781.3,453.96,536.91,355.3
6451,2109.67,1908.88,659.42,431.38,390.95,795.99,365.8,358.82,309.15
6286,2152.83,1631.59,678.7,320.87,394.06,637.25,335.19,409.27,284.45
5738,1859.15,1662.57,848.51,393.35,370.82,697.03,384.5,223.8,238.67
4469,1424.09,1333.25,609.47,223.57,232.11,603.36,311.49,229.47,203.12
6795,2206.08,1945.78,858.79,467.38,370.31,758.38,342.01,341.43,284.98
8150,2681.0,2442.09,1198.68,481.63,564.46,1145.09,422.08,505.82,404.64
8276,2561.04,2338.4,1083.79,430.7,469.27,849.6,496.45,422.72,389.7
9914,3420.78,2586.3,1351.1,629.37,548.93,1008.53,562.65,397.11,455.67
2556,852.96,665.05,291.72,173.6,149.37,259.11,167.78,88.53,123.03
2825,936.95,752.09,365.69,166.0,157.69,322.05,178.22,99.67,128.04
4808,1466.32,1203.71,515.29,306.88,249.17,593.09,246.99,379.13,195.22
7150,2360.99,2031.21,859.6,497.55,387.24,753.41,435.42,296.36,304.52
8678,2655.88,2286.07,882.22,475.68,545.01,1300.29,492.31,593.54,432.31
6521,1981.96,1896.04,722.73,433.05,355.16,978.01,451.92,158.34,316.32
9561,3120.38,2561.95,991.89,534.51,601.9,1204.59,568.93,242.65,471.11
4719,1510.74,1293.0,563.4,276.19,245.4,605.92,323.5,288.66,193.38
8506,2802.22,2537.21,1209.14,473.23,432.42,1244.77,430.43,403.46,361.33
5508,1676.97,1443.69,654.88,324.53,370.31,762.8,286.78,401.15,223.8
5741,1846.01,1642.29,812.82,287.63,374.32,622.31,331.4,411.82,276.84
3574,1103.43,1028.44,474.72,200.39,226.31,499.02,242.1,233.52,149.18
5998,2095.43,1565.78,752.61,353.32,303.61,669.06,365.23,413.38,264.51
4129,1354.55,1135.68,461.81,258.66,226.22,501.72,274.51,298.24,176.29
4403,1472.24,1177.85,643.31,276.28,291.68,557.53,245.12,295.06,217.08
5329,1685.41,1537.92,547.34,328.67,281.87,723.94,278.33,275.05,245.58
9885,3012.32,2778.91,1329.0,552.18,654.95,1062.71,542.89,354.72,474.43
2588,902.68,708.59,339.19,178.44,159.64,268.66,162.8,174.02,119.1
4012,1261.02,1159.34,489.67,232.05,260.01,574.94,270.52,156.72,185.06
3547,1139.26,928.45,397.32,192.74,223.07,501.33,209.63,123.04,155.46
2294,762.74,659.94,278.8,140.14,133.83,289.42,123.58,69.51,97.24
3985,1200.42,1168.68,572.4,258.94,222.52,530.48,250.07,229.66,173.28
7343,2500.39,2158.34,1041.52,368.95,465.95,998.39,396.07,253.69,315.37
7644,2498.28,2210.52,1124.2,424.45,505.56,946.53,469.39,324.79,358.6
5117,1606.28,1383.64,590.45,340.28,260.43,577.51,266.32,320.04,226.3
3690,1118.37,1103.64,440.42,221.92,212.54,457.82,244.36,249.55,167.9
3136,966.28,843.52,316.54,182.42,178.8,462.69,207.3,121.95,149.62
7352,2534.61,2072.76,1081.83,504.48,449.86,1043.19,447.19,518.82,313.68
4064,1358.6,1048.73,473.33,210.48,212.46,501.0,206.3,95.41,179.78
6455,2017.16,1930.19,775.94,402.22,443.25,718.31,358.92,510.93,291.73
9390,2847.8,2678.02,1365.21,533.76,572.51,1356.67,495.47,422.67,380.65
9009,3013.79,2591.61,1138.11,463.21,616.89,1188.4,544.77,355.79,374.07
6795,2232.98,1721.1,871.86,368.8,450.77,817.01,353.58,512.48,276.12
6543,2095.24,1885.5,711.95,409.32,352.23,690.83,440.96,182.83,310.94
8999,2863.31,2598.34,1124.27,455.04,473.77,1238.16,602.96,373.17,386.95
8508,2644.63,2412.77,1241.41,526.18,571.95,985.64,451.96,353.37,376.27
6770,2257.66,1791.31,866.13,468.06,411.09,882.23,432.59,307.78,316.32
3007,1048.04,825.37,339.06,198.17,151.54,386.34,192.24,213.2,149.34
7445,2298.91,1902.36,756.11,423.71,511.36,1004.93,431.33,528.32,358.18
4514,1488.97,1234.94,527.3,238.18,268.41,572.74,239.51,250.52,183.17
8557,2748.59,2243.57,1100.68,507.44,479.35,1125.42,450.46,680.33,368.44
5526,1781.22,1477.96,564.37,319.73,333.39,575.13,358.03,390.41,223.75
6681,2089.2,1724.57,871.8,463.89,444.01,890.34,363.47,406.63,271.36
7352,2508.92,1922.57,927.61,513.15,383.82,806.58,456.33,235.03,303.45
3247,1052.88,824.18,451.89,189.01,185.66,388.34,218.58,172.04,140.31
7089,2319.31,2098.31,719.14,375.54,399.66,890.57,438.54,232.76,299.97
5902,1860.53,1632.02,820.63,402.59,394.21,792.9,410.07,224.86,256.87
3435,1061.73,926.89,432.96,226.27,225.23,471.01,216.1,210.06,165.64
2571,782.34,711.53,304.73,154.84,149.12,347.72,144.73,79.87,123.35
4382,1471.06,1233.16,649.72,251.12,277.34,459.04,293.81,111.52,190.65
3245,1005.34,960.82,350.48,191.34,187.85,387.28,182.43,168.39,151.21
4084,1366.11,1057.49,518.94,277.87,250.86,465.71,283.56,81.91,178.58
7084,2263.47,1875.68,822.09,380.36,494.64,849.52,421.89,400.49,310.7
2277,730.44,680.34,287.75,150.59,138.24,301.35,157.26,168.68,106.47
7315,2366.1,1964.51,933.49,368.41,510.38,802.06,392.61,229.8,320.71
9059,2884.25,2274.97,946.42,619.74,588.33,1133.33,455.02,389.23,412.12
3887,1185.66,1000.44,517.19,233.24,203.73,560.67,209.6,291.45,159.96
6579,2075.55,1653.41,866.61,358.79,433.68,898.4,341.89,409.43,298.61
3265,1087.85,977.85,452.12,163.44,173.78,444.92,211.18,91.81,154.83
9491,3163.25,2505.09,992.12,580.76,575.6,1351.86,524.77,407.35,463.96
6826,2145.49,2021.71,784.05,374.68,425.02,818.86,428.6,446.15,283.09
8335,2692.25,2498.79,1104.43,521.98,565.48,1150.01,528.22,499.16,367.63
3040,941.4,851.18,324.78,169.1,164.79,312.92,193.85,89.19,136.38
8667,2691.26,2181.14,1160.34,448.61,585.19,891.15,577.67,205.83,425.1
2917,878.46,741.15,300.31,175.31,200.37,340.09,154.54,177.64,124.19
8544,2946.29,2341.73,997.48,523.66,442.49,938.49,435.82,483.09,355.91
2885,895.89,779.84,410.64,170.36,195.33,363.3,145.96,67.97,119.48
4752,1479.66,1332.03,659.17,281.13,262.23,518.73,247.46,372.98,197.44
2021,634.55,549.6,267.25,124.88,104.32,300.68,116.38,71.03,98.41
6569,2012.55,1949.05,942.8,397.6,454.39,936.45,455.54,283.53,303.48
5191,1723.22,1436.54,703.19,273.31,300.27,774.12,296.22,159.13,229.48
8353,2537.28,2377.98,1052.22,450.58,521.73,1172.66,493.32,582.3,406.52
4353,1335.11,1283.37,648.54,229.99,265.78,642.31,288.55,338.46,187.09
9437,3135.33,2428.55,1271.57,602.7,512.09,1117.39,645.23,309.52,465.04
6799,2155.17,1777.85,884.33,411.83,431.0,849.16,472.05,251.5,323.55
2686,900.88,685.91,323.51,157.39,136.78,300.8,178.7,167.58,107.99
2284,748.86,586.95,331.46,150.67,123.48,301.01,137.15,118.02,101.93
6811,2130.49,1877.31,781.8,384.93,469.23,949.53,371.81,179.16,329.82
5747,1911.12,1529.04,577.35,352.65,396.95,718.01,356.13,435.15,252.65
2762,844.66,748.94,303.37,142.21,164.76,317.13,148.97,156.52,137.74
7346,2400.82,2197.37,774.83,476.67,392.14,921.07,375.49,279.7,356.03
7043,2266.84,1815.93,816.63,450.07,411.54,726.45,481.65,347.84,334.76
4428,1387.71,1226.74,625.65,292.46,299.07,602.46,264.33,221.47,183.12
4507,1488.21,1149.03,597.52,305.08,231.68,552.47,271.16,232.22,185.14
7126,2448.26,1894.98,772.81,464.33,374.52,1032.64,443.13,355.15,330.73
2028,709.69,560.49,282.79,135.65,137.73,296.42,119.71,108.92,94.53
2906,960.11,864.05,363.86,165.39,169.44,308.84,171.13,126.7,120.53
5104,1634.48,1375.84,641.24,290.25,263.72,764.61,348.62,146.84,247.75
9813,3054.4,2485.1,1158.97,675.98,517.97,1457.14,650.91,587.55,478.26
9022,2822.58,2430.6,1292.23,616.13,610.33,1185.1,489.46,609.43,398.46
8222,2663.7,2115.41,953.06,501.29,491.69,1161.54,459.08,579.33,378.85
5999,1909.86,1568.74,628.14,343.93,319.51,605.43,379.21,127.88,270.6
4994,1726.38,1402.84,574.99,336.2,339.0,741.71,306.74,221.12,201.54
4506,1434.78,1141.69,611.77,254.45,301.48,553.41,294.35,354.65,184.31
6665,2123.95,1821.12,885.64,353.73,336.32,969.66,430.24,158.32,318.57
8102,2585.97,2272.39,886.37,508.72,499.24,966.21,519.91,543.91,363.64
5609,1917.33,1520.56,592.25,285.23,307.86,781.94,379.19,154.62,258.63
5553,1846.59,1393.56,738.79,319.75,336.86,671.34,362.78,385.81,256.15
3453,1141.94,1033.4,462.08,228.43,191.94,407.92,189.42,208.33,151.23
6833,2164.06,1833.68,808.4,381.99,384.82,1006.77,460.93,433.91,275.33
5356,1825.83,1547.5,761.3,367.56,332.27,722.82,303.74,421.19,256.39
2515,759.32,669.7,374.51,173.83,152.85,357.14,171.57,192.07,112.38
8096,2781.3,2216.29,892.85,536.9,468.79,1029.55,538.27,309.77,335.09
9266,3017.36,2496.48,1193.96,646.33,483.23,1352.07,477.03,393.93,372.59
8540,2732.05,2281.26,856.28,517.65,592.58,1169.96,558.73,379.44,343.1
9656,3136.83,2424.55,1309.86,592.72,516.52,1000.44,579.38,297.74,389.46
2038,679.41,546.19,246.02,135.98,127.71,281.94,141.73,87.37,84.68
5342,1606.01,1573.08,585.82,319.75,275.94,539.2,316.08,420.64,226.04
2886,991.56,821.12,397.15,167.78,184.03,408.23,148.17,142.49,122.57
4844,1561.4,1246.22,680.74,301.76,251.39,564.78,270.6,373.74,224.38
4204,1333.29,1175.26,443.77,265.5,229.5,546.16,246.37,102.1,178.32
3098,950.81,912.71,316.15,201.43,194.99,425.88,191.58,69.26,144.8
9027,2906.45,2572.71,1053.49,571.99,502.43,1190.19,478.81,492.15,435.4
3823,1241.77,984.17,501.96,248.17,231.89,510.82,230.53,245.34,167.63
5201,1665.27,1525.93,726.43,330.22,273.0,752.24,310.34,171.88,245.4
7806,2606.68,2069.19,993.73,465.31,421.9,926.56,520.92,391.87,320.37
7069,2269.47,1927.74,912.17,372.53,457.19,900.29,396.2,511.63,305.94
5155,1794.31,1424.36,721.66,338.73,261.37,560.59,304.1,338.7,241.39
5093,1680.51,1489.83,643.97,257.79,266.04,628.36,294.23,172.7,251.18
5530,1882.27,1640.09,721.98,386.27,300.27,594.49,346.42,221.58,255.24
7658,2339.27,2270.46,963.46,509.79,385.99,1008.4,510.97,293.66,334.18
5778,1848.18,1446.8,832.16,366.43,299.92,671.48,366.98,365.0,249.25
4896,1551.26,1449.68,547.25,339.45,272.35,699.89,290.34,382.33,215.01
5453,1791.17,1378.08,617.28,339.45,282.78,638.98,342.21,200.7,253.72
8891,3050.11,2340.9,945.99,454.58,598.56,1016.61,501.85,491.65,384.71
5511,1674.89,1519.65,776.9,337.21,282.83,686.47,291.43,437.1,246.34
9771,2966.76,2677.22,1178.27,542.72,656.8,1062.76,551.03,287.8,465.0
2988,1023.44,837.34,350.78,171.48,198.57,329.25,175.91,177.92,126.62
6116,1899.89,1675.61,911.7,362.02,318.13,851.09,359.53,244.15,288.46
8446,2816.21,2506.09,1235.99,553.15,426.56,1054.58,546.9,671.46,402.15
6964,2278.23,1824.76,1034.85,418.25,355.16,768.25,478.61,184.73,338.71
6026,2058.75,1589.06,645.47,358.51,372.45,612.1,348.18,283.68,242.48
6179,1892.35,1829.21,893.25,346.27,391.79,762.02,319.63,218.11,254.19
9941,3046.81,2523.39,1157.49,604.39,620.45,1363.22,503.69,217.72,492.56
3682,1207.11,1032.72,370.53,202.39,223.97,432.85,184.39,286.52,151.91
8072,2803.56,2293.15,965.13,445.73,431.8,907.28,555.05,436.62,362.26
9620,3085.61,2648.17,1206.92,626.7,642.8,1152.66,672.56,596.89,400.86
7506,2374.5,2137.05,791.22,426.72,424.47,1110.56,383.01,429.47,361.18
7626,2519.13,1972.37,967.62,389.14,531.71,923.95,435.93,220.46,312.4
9424,3265.63,2757.76,1328.53,535.98,543.74,1064.74,597.36,284.92,385.03
6665,2278.41,1712.91,792.35,418.37,368.31,856.2,357.1,383.82,300.24
5963,2085.7,1610.25,701.44,395.23,404.8,838.02,369.04,398.26,252.72
2933,883.21,744.29,342.99,203.08,179.93,296.58,194.38,166.2,136.72
5598,1710.99,1552.1,818.17,363.45,360.72,716.01,375.97,303.54,262.25
5233,1729.37,1483.49,536.06,306.53,304.39,742.12,335.58,338.88,239.99
3980,1357.29,1182.3,486.57,222.81,269.6,440.91,205.51,137.77,192.42
9330,2932.07,2677.4,1056.44,490.69,637.75,1362.97,531.51,596.18,438.26
3855,1202.61,1068.05,557.78,241.14,226.42,496.85,267.33,172.22,161.43
5056,1715.75,1499.77,529.88,304.36,277.14,636.23,272.29,305.6,206.2
2792,845.47,764.79,336.64,177.44,175.77,413.73,164.95,101.86,132.56
2791,888.85,776.07,335.87,152.79,192.83,297.19,158.2,78.84,132.29
9691,3152.39,2711.59,1399.57,547.28,605.19,1327.74,524.39,210.77,470.04
3809,1249.42,1030.33,421.94,212.7,263.14,536.8,215.1,259.81,160.07
7390,2486.22,2157.32,977.29,487.39,420.31,919.52,397.51,235.14,312.09
8635,2743.7,2238.7,921.53,461.32,589.78,866.3,583.25,361.01,395.2
4255,1406.85,1181.79,628.46,264.53,222.33,537.05,227.6,281.39,176.82
5610,1847.2,1605.09,727.34,286.26,320.76,604.06,350.46,263.73,241.02
3607,1180.86,1064.78,473.65,219.99,216.02,462.16,248.33,119.22,173.58
7179,2383.6,2112.03,873.6,368.13,452.72,983.03,495.73,227.47,311.15
8573,2683.11,2361.32,1004.02,458.81,479.08,1084.94,531.6,381.29,343.89
2984,907.83,841.96,330.13,155.95,204.36,392.52,165.37,160.87,138.78
7776,2379.17,2097.28,1012.43,442.72,529.31,818.01,427.35,338.58,325.08
5676,1766.54,1551.87,838.5,322.82,374.54,595.14,368.65,421.58,238.16
5380,1748.55,1588.79,634.78,357.92,281.31,766.9,374.52,108.84,216.09
2519,861.55,746.97,363.13,137.32,129.89,258.11,129.86,111.14,115.32
2590,867.82,763.46,278.27,133.97,155.3,295.82,170.39,167.24,118.15
3050,1035.33,783.6,447.76,189.31,199.19,448.0,160.0,224.03,124.94
7805,2478.47,2283.0,917.28,497.56,409.49,959.57,436.8,323.94,316.14
5633,1803.87,1675.36,670.25,314.86,353.91,753.28,345.49,340.32,252.97
8131,2599.35,2179.62,1001.27,504.58,492.39,903.23,454.88,445.75,388.77
8342,2582.63,2301.83,1133.78,546.58,538.22,947.03,525.59,267.71,413.24
8530,2585.11,2464.78,1159.93,485.79,500.78,1070.09,497.67,519.11,347.61
6444,2123.59,1792.1,798.92,389.91,411.55,850.0,350.44,225.37,303.39
2959,1034.05,886.74,373.3,156.63,157.4,438.0,179.37,198.35,124.02
8059,2484.92,2198.38,817.99,406.76,437.54,1037.36,406.82,579.88,325.1
2692,813.88,769.1,310.16,187.44,183.24,282.12,174.5,131.11,116.69
7655,2594.87,2217.11,897.94,428.64,433.18,905.94,462.71,177.96,350.13
5899,1844.2,1620.48,754.7,327.85,411.22,661.92,406.64,378.96,271.43
6473,2210.41,1895.61,827.99,449.65,329.63,729.64,336.96,310.92,262.1
4946,1657.88,1371.56,670.16,319.34,296.35,619.58,319.74,126.97,243.73
9059,3146.04,2451.21,1230.68,558.99,511.83,1049.33,507.48,361.17,367.31
9725,3116.34,2483.68,1086.87,622.27,679.97,1113.18,558.83,364.09,410.12
2526,841.41,681.19,349.87,162.17,176.32,374.86,143.91,160.61,111.97
5224,1688.62,1497.7,527.52,340.95,285.78,674.93,298.61,237.4,258.36
8877,2942.99,2628.16,1205.57,455.78,491.3,1003.89,520.34,490.21,443.07
4253,1371.51,1116.77,447.0,247.77,276.42,483.96,214.44,212.93,170.13
8598,2660.49,2302.22,1173.48,480.65,582.89,1208.46,575.51,545.59,363.22
5344,1738.91,1377.14,675.25,274.74,338.14,771.27,361.45,337.12,240.55
5965,1947.15,1697.26,726.91,347.47,401.41,799.02,302.97,279.92,280.02
7355,2504.6,2191.86,989.49,458.39,377.06,894.16,481.9,206.69,342.5
3875,1305.01,1092.93,394.55,207.58,243.39,535.64,199.35,172.33,164.75
3763,1253.79,1056.85,418.35,211.11,240.84,552.67,248.95,111.42,157.95
2520,770.29,699.74,329.67,158.21,135.59,272.94,156.89,195.42,101.16
7797,2620.03,1983.73,1109.99,480.19,511.17,1115.64,437.62,600.44,377.6
3016,980.25,864.01,359.07,203.21,207.76,429.6,187.83,142.96,132.06
9099,3136.47,2548.65,1027.62,598.94,618.36,1076.64,547.15,197.06,442.61
9998,3459.24,2830.17,1259.12,692.98,548.88,1145.66,627.03,424.7,432.28
8869,2685.16,2615.83,1162.87,549.38,500.92,1137.59,527.77,653.7,421.81
7109,2424.4,2055.91,860.23,454.76,426.48,807.69,465.34,265.03,289.31
8644,2609.49,2498.51,1243.31,580.96,459.58,927.23,440.03,495.46,415.9
2116,673.65,627.1,266.98,141.35,146.17,312.44,120.37,65.67,103.49
4433,1450.1,1327.67,451.24,285.37,235.98,552.21,271.24,308.14,189.06
7463,2294.16,2082.66,829.53,447.82,486.8,922.52,460.95,548.63,309.11
2583,871.29,659.81,316.5,143.26,146.79,274.59,137.91,146.99,108.39
2394,719.2,653.46,322.92,161.7,147.17,299.75,123.27,137.48,116.53
7183,2215.45,2078.62,797.22,470.72,365.93,985.09,362.16,306.81,307.88
5788,1904.48,1455.02,861.33,386.4,313.13,650.58,337.21,361.32,244.91
4768,1600.71,1205.56,552.74,251.83,280.78,564.74,269.91,232.24,237.39
6167,2132.75,1562.46,780.89,347.18,391.87,671.87,378.38,399.19,288.0
5860,1964.71,1679.19,591.56,342.8,384.13,690.04,345.68,457.73,283.17
2273,758.25,625.21,327.87,151.76,115.02,325.18,131.56,157.62,107.9
4013,1283.02,1077.27,559.58,272.31,212.89,448.87,268.33,204.82,175.53
7439,2232.18,1899.03,816.6,414.34,480.53,754.89,464.42,585.7,361.74
6433,1968.55,1843.78,943.48,409.97,426.26,815.78,404.78,362.98,295.16
3389,1107.28,901.65,392.42,174.72,185.48,437.09,195.33,80.97,157.84
5566,1857.69,1465.34,749.24,323.89,303.86,648.14,364.78,355.23,240.79
6702,2150.49,1894.09,944.64,400.33,346.9,885.19,355.49,463.8,333.84
2165,728.6,601.76,296.7,141.4,114.76,220.6,125.66,60.82,105.1
3567,1163.17,956.39,520.35,241.98,178.92,417.44,181.72,216.72,147.96
8154,2476.44,2300.03,1167.76,462.7,503.89,874.34,426.53,613.63,342.78
7420,2297.24,1955.62,1111.0,449.32,505.14,827.26,383.1,260.33,352.34
2728,932.98,790.41,297.71,171.72,144.56,324.98,160.48,150.31,109.82
8944,3007.38,2338.55,1030.69,506.0,581.62,1115.05,571.94,326.24,387.76
4043,1393.78,1042.86,532.91,281.84,248.54,423.14,227.43,268.72,183.25
6197,1895.53,1791.69,846.83,418.39,426.34,651.09,313.15,339.84,260.58
5496,1920.91,1568.53,696.51,307.38,362.53,734.83,352.54,251.08,267.83
7511,2331.94,1946.34,778.86,451.85,503.65,902.87,406.71,163.28,367.23
2778,835.04,710.65,394.7,151.73,174.41,302.32,179.05,213.04,137.7
2213,774.26,646.02,327.62,133.42,146.56,247.29,110.98,110.35,91.76
5762,1809.58,1664.24,693.03,366.85,328.53,783.65,324.09,393.24,235.05
7207,2402.82,1919.68,801.71,372.68,390.48,739.35,449.89,313.6,328.36
3576,1104.39,1011.69,361.05,241.03,244.06,448.56,241.1,253.7,171.38
4448,1463.44,1139.61,497.58,275.22,287.73,524.94,289.49,131.67,190.87
8731,3013.96,2404.1,1178.65,609.35,452.39,1227.21,515.06,295.89,370.28
4936,1559.82,1238.62,718.58,249.33,332.38,688.6,317.73,197.46,222.99
5117,1706.58,1379.44,535.63,340.95,291.56,688.03,310.86,129.54,229.35
7791,2410.5,1976.91,994.62,512.95,436.03,928.99,516.29,363.3,349.0
9630,3189.84,2636.28,1297.9,507.09,601.55,1266.94,630.2,473.37,424.23
2591,820.89,702.38,294.91,146.93,159.01,341.99,180.12,69.67,122.48
7429,2307.15,2022.32,954.59,502.91,451.42,866.3,387.04,338.95,342.83
7205,2274.32,1817.58,978.17,434.96,396.98,1037.51,409.35,229.39,323.35
8235,2544.14,2207.65,1168.43,477.84,569.82,1229.02,443.43,597.14,388.75
9827,3391.26,2828.45,1205.04,669.32,678.09,1137.2,615.32,496.83,418.8
4720,1509.74,1267.06,648.49,244.81,236.39,661.09,298.68,364.0,230.89
2713,847.17,775.26,312.24,161.32,153.98,339.25,146.71,109.84,118.94
2935,946.3,787.97,324.76,185.04,149.42,361.54,171.5,118.82,127.01
8047,2543.07,2182.04,880.07,500.29,539.19,960.23,499.26,324.48,365.52
6337,2136.97,1762.92,747.41,350.34,429.21,726.23,400.37,228.75,270.62
8139,2836.94,2421.63,828.5,498.65,491.32,1188.09,423.66,545.75,347.43
2001,644.13,511.14,228.41,128.41,133.65,274.22,136.91,73.97,81.6
8368,2870.66,2105.77,1109.69,516.29,536.11,1021.19,424.1,311.97,389.27
4848,1591.57,1359.37,641.86,308.77,290.84,666.98,336.74,110.6,238.17
7864,2421.03,2339.18,815.32,433.48,450.42,1068.95,442.95,612.78,368.45
6044,2021.91,1810.09,691.26,402.87,334.38,685.19,340.44,442.29,276.07
3949,1286.08,1082.85,507.36,232.97,217.94,429.68,232.68,148.29,186.07
8732,2903.65,2387.36,1012.28,609.01,534.76,1238.33,557.97,447.48,433.67
8259,2845.1,2331.09,998.51,416.8,440.5,1160.97,439.31,404.4,358.15
9833,3166.44,2731.43,1333.75,566.44,526.02,1473.41,541.8,248.4,435.67
2917,1006.54,821.73,293.05,156.38,146.46,294.52,201.95,151.31,125.03
5174,1746.4,1519.6,588.9,316.19,322.17,657.2,349.44,138.66,207.83
4241,1375.91,1218.5,454.29,232.68,296.39,572.82,230.07,195.28,184.37
9333,3081.39,2565.12,992.85,604.31,632.63,1205.14,573.61,235.83,380.0
9014,2850.94,2461.66,1333.64,609.68,577.92,1221.6,487.41,498.79,437.94
2089,729.44,589.06,248.23,113.26,137.27,223.24,127.43,47.92,98.51
3709,1236.46,1011.76,468.65,197.37,216.37,371.18,212.58,214.03,159.64
4169,1259.84,1137.67,569.87,281.44,233.3,436.29,238.67,260.28,180.43
6238,1973.27,1564.59,638.6,356.97,357.89,742.34,391.13,338.42,285.05
5041,1669.41,1304.12,564.85,295.86,260.26,587.01,277.44,242.82,241.87
2105,637.43,577.67,298.08,114.55,131.93,302.49,122.27,49.78,99.33
2886,869.25,840.21,412.99,168.85,154.39,300.65,197.71,59.69,116.27
2427,782.71,640.57,287.96,132.58,158.38,296.42,158.02,98.4,116.14
7424,2350.69,2050.01,881.55,470.08,399.41,1097.94,428.11,492.03,362.39
3895,1253.86,1040.93,536.91,233.61,212.52,487.44,212.69,229.17,159.3
8090,2533.26,2064.89,928.36,532.01,559.39,862.56,511.13,222.61,385.9
2316,713.87,689.97,245.16,130.29,120.68,265.33,153.21,141.92,98.47
8082,2703.08,2365.87,912.27,485.82,484.73,1061.49,543.23,440.43,337.32
2634,857.97,668.84,314.41,145.37,135.0,264.98,161.43,79.03,119.69
3925,1216.78,1122.51,402.75,269.61,203.35,582.49,236.82,256.37,178.69
4056,1281.61,1084.49,502.68,245.14,254.19,520.58,261.18,283.18,181.34
8917,2938.96,2672.8,1221.63,476.79,558.33,1205.64,477.2,302.76,437.09
5144,1561.78,1363.78,646.54,285.26,277.07,642.73,344.87,299.14,218.19
9526,2928.03,2495.21,986.84,492.09,642.53,1408.86,490.38,406.65,438.44
4270,1296.64,1188.74,520.97,215.88,273.47,552.8,265.0,100.38,188.3
3439,1171.38,1003.35,465.8,208.12,192.63,457.73,212.51,246.51,167.61
2552,861.61,662.57,262.61,144.81,140.28,365.04,143.46,176.71,105.47
9537,3220.32,2722.53,982.24,660.68,620.72,1364.53,483.61,372.67,389.39
2715,911.74,687.09,321.81,145.05,175.59,275.32,174.73,140.88,135.55
7383,2462.0,2184.97,810.27,486.38,391.13,842.88,372.72,374.63,337.93
5911,1914.27,1501.71,867.37,332.9,336.83,663.9,316.78,181.16,290.34
3713,1233.14,1097.98,479.23,202.25,201.74,372.53,226.07,106.71,163.68
7979,2409.0,2190.56,912.53,553.68,445.89,1147.69,548.95,563.76,367.38
5389,1784.15,1467.99,728.8,355.95,300.44,624.35,276.56,388.23,252.96
3107,1052.94,927.95,368.95,194.54,216.0,364.6,191.32,197.33,154.92
7437,2417.16,2227.52,792.83,475.54,483.44,780.74,420.77,181.21,305.86
6206,1972.74,1753.25,694.21,433.35,407.12,927.71,393.39,462.65,255.98
2250,706.21,576.8,297.31,139.19,124.98,317.95,155.38,177.4,101.77
4430,1471.38,1219.62,454.49,230.53,221.55,569.67,245.3,294.76,179.67
4054,1356.63,1120.76,460.67,207.96,207.42,561.87,280.21,167.04,191.65
2458,844.44,677.73,271.4,155.67,150.09,341.31,165.7,109.0,122.67
7203,2284.19,2005.85,792.74,454.88,401.28,956.82,447.6,519.9,346.57
2207,747.04,553.82,296.04,143.37,118.87,239.9,143.82,81.24,94.15
2899,951.07,827.84,409.6,151.26,147.83,394.31,195.1,82.65,139.14
5461,1879.36,1559.77,741.57,376.25,368.71,701.63,360.8,378.82,252.73
5385,1757.61,1377.34,712.36,328.61,333.88,733.46,304.44,170.17,221.83
2021,658.61,562.87,294.71,127.31,105.39,257.02,133.9,150.44,92.28
2409,792.31,670.71,247.93,122.13,157.38,356.09,135.56,134.28,117.96
2894,976.63,822.25,313.63,200.32,188.45,380.13,194.89,154.31,124.15
2514,875.46,639.23,303.49,153.99,140.25,323.51,138.54,167.29,117.13
9294,2822.38,2614.64,1102.48,569.42,499.72,1321.04,571.07,195.06,375.62
6904,2089.65,1822.92,834.71,475.49,457.59,821.31,440.88,433.66,333.75
9867,3422.64,2716.88,1088.55,676.75,558.39,1142.5,577.38,551.66,415.0
6969,2275.34,2011.71,748.99,379.16,466.56,872.23,457.58,358.39,321.18
6109,2020.52,1742.79,766.43,419.21,310.78,789.43,418.51,201.84,276.38
7066,2290.24,1808.51,1034.48,457.4,423.86,784.5,379.62,492.97,321.37
9121,2779.01,2549.86,1090.86,459.5,488.81,1223.25,462.15,319.59,387.98
9157,3098.77,2732.96,935.55,501.77,580.93,1283.07,572.59,452.23,417.48
9179,3096.64,2366.7,1242.0,534.76,642.02,1182.86,569.5,270.64,422.49
4134,1304.63,1209.8,473.57,254.89,240.81,521.5,234.92,324.2,182.95
5595,1764.17,1595.29,628.07,358.23,290.97,641.93,367.64,177.2,259.23
4956,1694.42,1430.8,575.95,268.64,279.29,720.99,329.69,337.97,207.73
3560,1080.88,940.19,484.84,237.57,241.48,490.3,201.64,127.39,160.65
7420,2552.89,1961.81,1045.78,496.5,484.64,920.19,472.25,262.39,349.99
3266,1021.71,964.45,422.63,204.78,178.47,434.23,205.24,147.96,142.66
4169,1374.31,1117.26,484.12,285.25,287.96,487.12,237.02,294.96,183.9
9314,3230.09,2357.85,1075.99,617.14,581.6,959.26,646.23,570.51,387.85
5638,1882.56,1578.81,598.84,306.89,300.85,621.29,320.96,407.62,260.28
2749,881.66,704.41,403.18,181.36,168.92,285.83,171.55,62.77,113.36
5427,1815.21,1572.91,715.86,374.81,320.33,680.59,312.61,419.73,244.26
6780,2150.61,1912.55,687.14,357.66,450.15,888.88,340.6,166.98,285.47
3927,1232.54,1153.5,522.76,273.22,223.38,467.4,203.55,248.44,164.7
5804,2030.44,1678.76,710.16,293.1,391.77,734.25,317.17,188.23,237.72
5702,1924.65,1457.46,847.48,344.65,377.7,594.56,377.72,401.71,248.46
4356,1447.22,1172.0,613.99,285.22,276.57,603.3,256.31,312.51,212.02
6790,2157.62,1960.46,737.16,446.84,374.62,690.13,419.44,360.38,312.67
4335,1311.16,1174.21,589.58,280.45,300.88,571.01,298.58,191.49,207.17
2306,695.38,688.61,286.59,139.71,140.6,280.56,122.08,155.89,94.88
9979,3270.21,2861.85,1091.23,628.87,680.07,1089.61,670.95,722.9,430.43
5665,1915.35,1420.64,764.42,362.55,307.69,714.66,326.22,364.23,248.61
3989,1303.88,1172.76,508.08,238.9,277.9,554.66,226.37,296.84,193.87
9057,3097.85,2309.9,919.45,560.75,600.67,1092.96,566.16,521.61,422.45
9890,2983.53,2541.99,1308.74,661.91,682.26,1170.83,672.25,595.66,444.11
2661,847.1,762.97,350.59,149.7,144.35,285.05,151.6,144.52,114.44
6644,2071.95,1948.34,712.27,401.72,389.43,861.92,433.38,327.48,316.25
9519,3068.58,2635.03,1118.0,477.56,494.54,1345.99,479.61,564.4,465.32
2311,701.66,611.15,298.8,147.32,121.88,295.96,144.35,124.03,104.85
4920,1710.72,1316.42,526.14,265.23,273.94,532.61,308.05,314.26,198.94
3082,959.0,823.34,439.6,183.75,212.76,410.1,188.38,234.4,131.66
9810,3395.39,2612.74,994.48,531.74,621.4,995.78,674.5,415.78,465.56
4971,1597.16,1303.13,522.66,250.89,279.83,705.4,341.86,222.06,218.11
7833,2735.88,2196.71,828.77,467.35,541.19,1144.2,445.24,163.73,362.35
2754,902.49,812.49,348.12,161.1,178.44,357.61,162.84,142.17,124.61
6130,2124.3,1626.62,803.06,358.62,417.7,883.27,403.65,170.93,300.84
6540,1963.75,1696.05,786.02,354.31,448.28,681.63,437.38,411.76,281.68
8236,2778.92,2404.33,942.47,567.82,535.47,917.63,480.65,549.96,366.18
8078,2788.14,2319.11,1134.68,404.47,443.18,935.94,460.29,511.86,328.35
7326,2248.98,2172.47,757.61,496.93,512.32,1015.81,486.54,386.8,352.01
2352,716.9,607.47,268.16,152.26,132.89,292.15,135.33,122.43,101.74
2902,932.21,746.43,295.88,155.09,184.09,340.75,168.62,170.62,137.03
7451,2583.14,2064.46,750.27,442.92,498.44,803.99,392.75,397.0,298.27
5888,1926.08,1652.89,692.84,410.85,315.03,827.45,358.34,382.82,286.59
9005,2938.99,2467.45,988.22,566.18,559.94,909.74,509.04,663.41,447.72
7844,2408.55,2195.91,889.65,412.18,451.06,916.68,484.85,409.2,350.62
2158,647.49,558.96,304.38,127.65,118.44,242.0,127.24,57.45,96.73
3977,1354.2,1089.62,430.11,236.09,199.79,423.35,258.36,110.81,183.59
2956,899.74,836.27,410.92,195.23,199.35,321.03,164.22,125.79,147.06
4071,1350.32,1105.83,544.51,278.14,214.61,507.61,217.55,202.64,185.58
2403,830.79,682.39,279.52,124.1,162.35,291.49,153.93,80.51,97.89
8948,2777.75,2438.86,1139.33,503.6,554.9,1126.72,516.14,422.03,408.49
6611,2203.21,1763.02,808.01,370.01,412.67,901.61,405.07,186.06,292.14
4779,1452.51,1267.3,508.58,334.15,318.15,691.12,328.9,164.64,227.52
3387,1118.35,916.34,492.33,207.23,203.86,358.76,202.14,216.9,145.75
5453,1680.6,1369.55,700.61,368.6,311.62,567.84,289.27,431.52,268.53
8675,2921.72,2458.72,1249.3,507.67,457.83,1006.45,507.78,270.42,416.41
2955,931.01,863.61,417.22,190.46,181.46,376.22,176.03,119.22,127.85
8295,2680.69,2220.83,862.59,462.29,506.52,870.93,541.83,340.44,361.0
9729,3210.29,2454.64,1073.73,663.87,543.64,1321.18,524.43,324.94,439.54
3712,1145.39,1111.15,398.16,219.39,230.15,474.41,211.35,119.69,152.18
9090,3064.07,2392.35,1286.59,600.62,534.38,1249.18,463.6,253.63,426.33
6703,2112.33,1718.19,959.35,369.44,443.14,790.25,429.26,499.04,308.95
9784,3259.23,2626.88,1236.68,624.92,598.68,1174.62,634.77,576.89,422.54
8563,2636.67,2456.96,900.9,497.54,588.05,1202.06,506.45,320.5,397.16
3273,1094.51,866.35,349.49,165.71,197.56,371.0,198.89,116.14,134.14
9284,2844.7,2587.78,1306.05,540.89,628.99,1105.45,603.43,514.18,459.75
9009,2894.3,2439.44,1319.45,549.55,544.24,906.98,498.79,557.06,366.39
7631,2383.62,1952.68,839.21,404.71,466.72,974.98,474.19,268.46,330.33
5811,1960.74,1548.71,584.34,311.92,333.18,828.49,402.58,237.26,288.84
4625,1448.1,1323.88,539.03,274.25,268.27,468.95,292.11,173.14,203.42
4382,1507.78,1229.59,444.88,249.14,300.88,572.68,225.95,110.7,214.09
3441,1185.74,880.86,486.55,202.38,187.42,489.56,192.03,148.62,142.83
4979,1542.6,1285.41,620.26,294.84,261.04,620.86,300.64,258.99,202.48
3797,1255.64,1070.89,501.56,200.49,252.9,439.13,195.37,225.25,155.99
6390,1945.03,1857.39,770.47,342.66,393.23,957.41,405.97,287.58,317.71
6009,1920.34,1607.25,704.71,402.38,334.66,620.38,379.07,474.72,245.69
6850,2299.31,1916.39,761.1,364.79,401.74,757.07,462.56,394.22,318.64
3394,1130.1,877.46,470.16,214.9,205.33,489.63,203.64,248.42,150.71
6281,2080.49,1668.04,846.54,366.63,388.43,721.47,401.0,470.82,305.31
3269,1026.88,820.56,385.86,226.75,217.13,460.9,175.35,226.49,140.38
6732,2146.84,1941.6,781.29,345.5,389.7,785.36,336.99,243.69,271.23
7387,2254.12,1994.86,739.16,492.03,469.3,1038.61,394.8,338.89,350.78
5714,1919.62,1661.67,589.56,341.86,381.1,767.31,292.81,114.41,262.2
9404,3058.13,2684.08,1233.45,471.21,628.9,1160.7,550.65,442.78,417.02
2529,848.32,737.04,317.97,139.79,139.31,319.03,150.14,95.15,109.33
5623,1756.89,1486.06,684.54,327.0,320.53,612.25,353.63,150.21,275.5
8164,2581.64,2116.56,1154.19,459.5,505.34,863.7,431.19,574.05,336.5
4958,1570.25,1480.44,620.72,283.84,335.73,673.53,269.19,299.5,205.33
9904,2983.95,2831.22,1180.8,676.77,651.77,1410.61,653.33,791.79,397.63
4914,1558.0,1433.42,531.02,281.17,303.09,668.79,302.36,245.22,200.13
6889,2343.4,1726.77,971.59,402.16,479.99,1003.34,348.5,274.47,334.62
5591,1928.14,1496.84,720.19,364.66,328.64,807.92,374.42,200.32,268.01
4147,1351.55,1190.77,433.87,273.19,277.22,576.06,259.59,191.27,170.13
8895,2871.08,2258.43,1178.1,459.71,590.35,1288.94,477.95,343.28,425.16
6573,1982.03,1829.71,797.0,421.21,448.02,712.26,361.79,522.2,305.06
7718,2654.68,2095.08,1084.91,460.39,538.36,1054.03,471.35,239.01,338.63
5369,1614.19,1346.98,783.58,282.82,321.68,739.22,328.67,113.54,219.28
2939,1020.53,769.43,382.14,162.51,158.45,316.53,194.28,81.7,135.26
2525,819.26,667.2,344.87,128.52,149.53,367.33,144.36,185.57,122.2
8477,2688.03,2166.66,871.69,484.92,568.62,851.42,516.98,522.48,374.74
2001,692.77,563.44,256.15,110.27,133.51,243.58,123.36,134.14,88.53
2374,715.1,622.27,327.06,136.84,134.65,239.95,145.23,93.13,114.59
4340,1428.17,1145.24,541.8,267.37,221.11,547.57,223.33,248.95,182.74
8980,2940.47,2648.31,1164.5,580.53,540.57,1083.06,522.86,561.02,374.69
6005,1867.35,1641.5,870.41,372.95,357.19,787.57,340.95,237.71,281.97
5052,1623.94,1362.05,555.24,321.14,261.27,698.8,352.91,320.66,235.24
6648,2211.21,1902.61,697.46,447.5,438.09,920.27,394.32,384.12,326.56
4365,1468.2,1289.77,587.23,294.53,243.01,594.12,256.25,164.88,189.19
3525,1057.63,885.66,497.53,236.93,221.78,370.46,210.35,81.68,148.12
7947,2756.36,2164.86,1132.64,421.69,413.48,960.57,543.46,272.36,351.96
6476,1996.07,1816.77,855.36,356.32,435.28,911.8,403.0,370.25,283.89
3646,1136.38,969.57,516.49,218.93,236.21,483.88,210.68,203.96,180.04
2013,630.42,580.99,271.82,115.09,116.29,269.85,137.39,101.57,98.99
6599,1992.18,1970.29,688.73,347.33,413.03,734.77,452.67,231.55,292.21
4278,1309.72,1271.3,590.8,238.52,229.94,497.33,236.51,199.66,188.77
8104,2830.87,2133.78,883.08,563.3,564.92,1197.69,468.96,232.12,360.22
5155,1627.75,1347.09,576.49,293.52,339.83,733.79,357.39,307.98,243.88
2129,650.97,634.17,254.91,124.29,140.04,230.46,129.49,153.61,96.87
5814,1775.3,1586.82,672.84,291.44,308.54,739.74,340.9,278.03,249.3
6933,2329.3,1805.46,804.8,446.4,349.11,863.33,373.74,227.26,330.62
5216,1787.67,1488.38,565.74,303.94,321.87,637.31,300.9,363.42,255.78
4938,1544.84,1304.72,566.36,257.09,261.13,609.99,309.24,191.52,232.96
5928,1784.6,1561.21,598.63,411.23,388.93,783.35,300.99,329.82,248.66
4040,1257.06,1187.61,499.53,264.82,235.62,599.36,208.73,99.08,193.59
2027,613.83,523.22,280.6,130.79,115.08,291.41,101.57,127.86,101.13
4113,1255.16,1041.49,588.62,284.44,211.71,591.27,223.66,195.94,192.7
9330,3000.3,2458.08,1315.73,542.54,652.37,1261.13,500.65,423.59,395.95
3252,1012.98,911.69,392.92,209.33,224.78,328.06,217.94,247.45,130.26
6356,2070.77,1628.12,867.73,344.01,334.53,775.58,341.35,314.55,278.74
4046,1265.08,1106.9,462.84,258.71,229.23,508.0,255.8,84.99,180.87
7568,2626.3,2129.38,777.82,380.53,437.55,1075.6,396.31,587.2,371.56
7543,2604.58,2205.85,1009.24,396.2,421.93,1102.35,466.69,156.39,348.46
6555,2152.27,1714.09,868.14,383.5,450.26,803.49,384.86,341.86,280.66
6023,1913.63,1751.89,843.71,302.61,388.04,692.78,350.38,349.43,282.58
9843,3140.48,2576.36,1287.52,583.09,680.33,1150.33,660.77,725.12,402.79
6396,2050.51,1815.43,689.77,386.68,431.67,824.66,341.25,388.57,269.49
9062,3048.27,2460.64,1292.77,565.76,589.85,1030.79,560.98,622.27,429.95
5374,1733.56,1374.31,705.94,279.49,343.61,782.12,357.03,355.73,230.93
8430,2890.11,2408.56,1183.41,452.02,567.53,1019.46,541.86,276.61,339.83
5466,1897.82,1426.01,758.16,340.34,348.09,817.18,380.8,339.05,245.79
5081,1609.65,1315.12,583.77,320.94,273.23,535.92,254.26,295.99,236.68
5778,1895.38,1548.02,599.34,291.89,363.8,632.08,391.1,200.14,276.71
2629,801.2,743.13,286.1,159.86,158.53,330.15,163.71,72.82,113.21
2269,703.44,593.8,237.44,149.07,158.01,325.41,113.56,147.71,100.39
4639,1487.6,1202.35,520.36,238.36,279.26,546.0,275.14,363.08,211.38
3993,1239.07,1000.24,491.05,232.65,202.72,566.5,260.94,256.78,162.7
7724,2655.73,2113.15,1122.61,436.64,427.01,936.71,414.4,501.81,324.23
7897,2431.6,2143.5,1134.02,539.15,539.74,1126.5,502.01,236.93,345.04
4891,1578.73,1279.94,664.83,262.73,338.69,556.95,258.21,170.32,208.71
6957,2297.79,1757.91,704.09,392.15,449.21,859.85,459.64,383.65,310.69
5432,1817.51,1474.59,635.92,369.21,277.78,618.9,333.36,118.88,252.63
3280,1046.82,949.27,439.91,185.69,165.54,363.3,166.22,197.05,148.9
8276,2842.43,2364.98,880.99,501.75,493.18,1001.87,428.84,237.43,395.11
9443,3101.23,2767.17,1322.53,478.39,660.95,1102.33,635.3,423.08,436.87
7895,2542.0,1977.53,1150.53,550.27,532.01,1100.23,399.96,309.57,338.85
7802,2366.83,2327.5,918.34,518.82,535.7,1071.85,436.68,205.87,321.44
9115,2946.28,2434.35,1233.19,571.4,569.42,1074.91,559.1,498.83,422.91
8656,2952.01,2592.64,929.74,443.32,581.53,1295.06,469.75,360.74,364.59
4360,1441.97,1145.07,586.6,224.53,245.88,648.3,237.55,98.71,188.29
2575,879.64,704.46,260.26,156.82,130.16,375.67,168.72,120.16,123.48
9029,2931.72,2417.03,970.97,502.93,617.27,1167.68,504.0,500.35,381.02
8099,2477.67,2168.82,1097.37,505.83,440.33,976.87,411.2,225.35,367.52
3307,994.36,966.02,448.4,204.91,213.53,382.46,213.04,182.21,135.42
5192,1636.32,1491.77,685.65,346.69,328.03,523.1,358.7,197.93,229.31
5178,1734.11,1551.37,641.39,288.04,275.28,681.37,345.06,184.23,257.88
8052,2733.76,2260.0,1076.92,495.66,434.13,1027.9,490.94,545.35,398.93
4734,1490.2,1293.15,656.56,310.3,267.86,622.49,276.93,227.54,234.17
8116,2635.94,2065.55,1203.8,485.46,528.66,1045.32,555.97,346.35,372.94
9371,3008.62,2809.69,1353.47,624.23,475.91,1001.63,612.16,644.55,402.46
4212,1350.06,1169.15,588.53,221.66,244.89,567.65,258.67,314.3,183.43
4352,1355.94,1240.42,586.38,281.48,275.49,513.63,294.18,169.31,183.05
5568,1708.37,1505.24,716.64,383.41,297.5,700.54,345.41,128.2,228.15
3655,1132.44,1013.85,387.54,207.01,191.48,432.32,253.91,191.68,152.37
3579,1083.6,1063.42,387.53,205.17,206.88,361.84,240.39,225.15,159.88
7943,2461.59,2051.84,1120.07,410.42,442.67,1142.42,484.59,438.99,319.87
4203,1262.83,1112.19,589.12,264.07,264.71,451.56,287.72,257.57,207.59
3390,1123.32,873.27,443.15,206.96,235.24,437.68,192.72,199.34,154.64
3742,1181.79,1083.72,456.31,190.12,187.43,539.43,239.56,289.48,156.17
3925,1368.48,993.43,397.61,255.3,267.09,435.94,209.7,282.42,173.34
2619,811.07,665.44,304.74,174.39,153.64,315.85,177.85,73.1,114.61
3274,1038.81,867.36,396.26,223.1,207.18,389.23,179.94,154.39,158.31
2956,939.69,815.0,367.4,180.06,198.11,308.79,203.91,139.78,121.8
3939,1183.36,1064.77,576.93,232.6,242.13,477.31,198.29,186.63,174.49
5953,2035.69,1501.59,627.66,401.96,309.24,738.02,378.83,451.49,280.46
4381,1321.31,1304.99,551.76,253.98,231.37,443.93,232.2,173.63,191.59
9809,3403.81,2919.58,1161.35,619.03,645.29,1220.31,641.67,557.7,427.44
2968,1022.78,783.46,443.73,184.93,162.0,310.72,177.6,218.98,128.82
8654,2827.92,2480.03,1238.33,497.11,531.19,1251.57,590.14,199.32,412.1
3316,1084.93,924.93,404.35,171.56,194.19,439.4,213.22,241.12,136.6
3043,1012.37,796.88,456.4,153.45,170.63,312.89,198.91,200.53,147.79
2281,728.44,600.15,286.73,133.59,149.95,322.42,119.55,74.07,92.86
4844,1609.96,1329.96,524.88,288.82,313.04,571.98,251.55,191.49,209.21
9168,2770.92,2484.18,1171.61,609.25,576.87,1020.22,614.36,354.21,402.39
8262,2500.93,2185.81,919.65,481.58,474.68,931.09,450.41,274.95,363.0
3058,987.31,887.97,403.09,170.1,166.75,397.19,205.92,178.32,128.06
6293,2060.84,1724.74,924.27,372.81,379.58,654.96,332.59,496.96,289.68
4532,1560.78,1281.39,631.35,248.17,300.66,466.51,254.56,135.95,201.84
5828,1778.9,1512.15,662.4,302.05,358.5,765.66,399.65,197.75,266.2
7178,2448.65,1985.98,824.34,375.13,498.17,1070.21,479.45,268.62,331.26
8980,2788.31,2387.77,929.11,506.32,451.77,1115.06,458.74,684.76,376.38
7280,2327.45,2011.61,832.06,365.85,509.36,878.44,429.24,418.96,358.2
3008,950.02,869.44,314.73,163.65,192.0,443.26,205.14,98.54,145.29
8834,2826.95,2548.13,1104.01,580.84,588.82,989.85,444.31,602.83,426.54
3229,993.0,864.44,437.26,176.6,183.08,361.74,168.38,243.38,146.33
3035,986.92,864.11,417.49,158.47,182.61,440.85,190.91,134.17,146.29
6585,2239.44,1956.17,678.1,454.24,434.21,871.5,343.08,199.98,304.72
2275,732.72,639.92,266.17,142.07,148.36,233.62,134.17,87.8,101.25
4740,1538.28,1220.17,542.3,242.69,268.67,633.73,285.14,156.55,225.27
4289,1468.72,1218.01,451.27,219.79,242.28,604.76,288.24,137.62,197.29
3239,1086.05,826.74,382.6,201.6,204.89,368.27,223.97,97.97,129.63
7370,2391.73,2163.87,847.3,448.11,506.12,878.1,444.0,534.79,368.28
9978,3121.96,2752.26,1314.35,512.54,586.46,1096.42,600.75,250.98,442.01
2125,731.52,572.17,306.35,115.78,121.25,279.79,137.14,95.2,97.15
6065,1994.48,1533.54,744.43,415.94,411.78,807.92,326.6,126.66,267.22
6312,1963.39,1698.18,866.85,387.81,401.83,652.83,434.37,237.35,258.81
9473,2969.37,2796.05,1016.46,557.07,547.21,1268.29,473.88,591.27,457.93
5868,1996.04,1473.16,849.38,322.76,300.12,779.99,293.61,188.77,274.77
3208,969.48,878.13,345.28,168.98,206.69,326.44,200.54,256.4,154.9
9206,3218.46,2730.11,1009.02,534.43,525.27,1176.24,523.17,210.8,412.79
7342,2250.45,1980.45,773.28,502.54,377.46,959.58,425.56,206.96,351.81
9351,3177.5,2537.94,1079.89,476.66,582.06,1136.22,508.96,628.51,448.63
8638,2761.9,2409.38,1102.39,603.1,487.7,1253.08,502.35,678.6,374.57
8570,2781.91,2340.87,1280.36,464.12,486.51,997.71,570.42,661.95,343.15
5249,1805.83,1356.5,733.12,305.36,312.75,542.53,335.86,356.38,255.09
2918,935.64,732.21,347.31,148.53,187.77,389.82,151.42,228.71,122.11
9595,3136.36,2691.31,1235.76,591.97,532.78,1249.85,490.63,675.95,467.15
7413,2242.17,2194.55,972.33,442.34,382.65,1107.89,445.7,174.07,342.35
5923,1777.6,1512.25,835.95,375.13,346.43,660.8,382.64,418.98,274.52
8294,2589.72,2160.98,1134.81,504.72,423.81,993.41,524.93,406.63,352.26
8527,2848.27,2289.6,1095.42,494.26,545.26,1049.32,573.72,404.22,375.41
7757,2374.13,2252.92,1035.24,502.31,536.67,1109.84,408.52,156.32,334.49
9980,3050.77,2629.36,1370.21,503.99,630.49,1204.87,619.91,571.01,418.2
6403,2052.47,1883.14,682.93,389.43,355.42,887.5,418.25,386.08,302.51
7455,2477.98,1884.24,820.22,389.73,399.84,804.0,512.58,502.79,305.35
3969,1332.01,1178.98,533.55,233.06,216.93,478.22,206.46,157.0,179.08
4793,1480.67,1332.63,683.1,315.49,260.89,516.44,262.62,132.71,217.41
2891,878.8,817.98,348.26,152.79,162.7,426.38,165.05,134.12,143.26
6470,2245.22,1736.45,963.99,444.59,336.1,704.5,393.47,270.04,315.05
9175,2872.08,2652.49,1016.62,621.79,623.11,1109.75,533.73,598.1,412.11
4033,1381.98,1041.84,487.33,235.12,273.04,419.89,271.11,136.18,195.37
3364,1154.44,849.23,400.07,168.6,209.59,491.38,232.15,95.17,161.16
2128,720.6,574.08,311.78,140.01,109.04,279.17,109.38,98.76,85.71
3014,929.64,882.15,344.41,203.8,199.17,446.44,192.88,173.85,148.35
3799,1295.8,1093.15,469.33,203.23,194.64,387.93,198.63,140.03,178.09
8812,2982.53,2430.86,963.7,602.07,459.36,958.3,598.86,236.74,411.69
9519,3139.71,2652.06,1200.0,649.98,537.88,1132.78,503.0,441.18,448.68
7477,2369.16,1917.81,1068.24,444.33,438.37,980.0,522.12,581.06,315.89
6612,2070.39,1930.93,761.72,436.13,377.4,770.14,387.17,515.99,266.41
3518,1076.84,1017.93,494.42,207.21,187.53,477.02,202.77,219.95,148.88
6181,2011.84,1748.13,899.74,378.78,322.91,669.13,381.53,411.84,296.35
3198,1052.98,874.04,331.47,180.36,214.87,415.84,185.12,103.01,147.02
5873,1867.42,1751.46,809.42,312.38,336.31,704.16,321.22,249.48,256.14
9360,3030.47,2751.39,1055.5,607.75,508.92,1173.86,585.78,526.83,397.01
8454,2689.86,2385.9,919.51,422.94,505.04,1086.18,545.85,549.72,405.78
7238,2403.38,1944.05,941.35,445.8,367.23,745.48,498.74,217.12,322.66
9385,3238.42,2636.26,1269.6,631.55,581.92,1372.1,546.04,445.39,432.81
4474,1378.87,1247.23,535.71,243.5,245.93,623.25,286.85,133.17,179.52
8089,2580.96,2181.7,824.74,458.31,501.23,987.85,539.31,469.17,358.34
5485,1684.13,1455.36,797.71,338.7,341.62,698.64,365.45,363.82,220.25
8257,2735.11,2232.28,1127.39,453.62,546.49,839.13,418.51,577.98,395.3
6049,2035.15,1685.83,687.07,404.98,330.26,755.5,345.48,386.78,257.04
9312,3227.5,2527.34,1162.54,533.88,551.92,1129.69,468.1,275.16,388.04
9705,3046.82,2554.15,983.99,598.14,671.95,1152.22,593.77,676.48,478.11
5719,1987.41,1647.35,668.92,311.81,369.12,805.05,384.9,229.13,229.79
2302,697.88,636.67,290.34,117.01,160.0,251.14,152.62,161.48,96.63
8887,2934.05,2251.82,1118.53,475.22,609.18,967.04,588.54,311.53,376.85
5952,1802.6,1597.61,657.16,303.1,370.3,750.45,339.48,288.92,287.05
6683,2303.55,1966.44,927.85,396.78,369.43,897.91,340.34,364.85,314.77
2986,974.9,859.26,343.22,184.33,194.5,301.95,159.6,65.94,148.33
3863,1288.18,1028.19,498.41,196.6,247.09,491.73,244.97,286.72,181.36
6440,2199.77,1912.09,731.43,333.65,397.85,740.18,339.24,326.46,272.82
6909,2124.62,1753.71,837.77,412.54,441.88,952.36,362.77,217.79,287.89
8083,2440.5,2409.23,892.17,533.35,503.34,997.79,461.33,239.65,384.38
8944,3076.24,2345.88,1177.48,559.54,540.11,1267.4,464.11,547.31,438.34
5072,1601.47,1270.31,615.13,264.22,295.79,607.87,287.05,126.31,249.12
9314,2854.27,2530.52,938.91,631.03,474.03,1316.58,646.33,432.07,444.38
7406,2395.27,1984.43,751.03,506.19,498.53,1005.92,373.26,388.2,355.07
8095,2670.66,2241.95,1000.19,457.36,544.88,1144.74,539.21,275.13,377.42
7773,2343.94,2252.92,848.51,484.42,481.0,1093.05,543.12,215.72,368.12
5124,1607.63,1496.83,662.29,306.65,283.65,637.01,300.92,253.34,210.91
3327,1003.56,898.49,400.6,229.03,168.22,393.93,229.1,134.48,144.03
7188,2307.47,1951.49,954.0,432.54,359.61,993.79,396.94,204.24,320.45
4408,1519.68,1134.66,650.71,305.03,226.83,520.48,307.0,143.8,205.6
5673,1980.63,1431.74,717.28,306.27,324.48,592.66,381.4,273.76,250.62
5291,1755.83,1492.38,737.4,301.11,284.49,756.31,358.17,148.06,231.48
6033,1858.66,1527.69,830.45,395.93,333.63,723.11,317.38,459.52,275.32
7105,2453.3,2036.94,1037.97,466.6,454.67,757.61,478.89,472.68,312.22
2703,880.67,748.61,299.22,174.73,187.0,357.67,186.06,106.86,110.08
2574,791.99,669.06,363.88,172.95,139.34,371.91,170.86,91.38,127.91
7704,2666.25,2133.82,1119.21,493.45,456.95,1102.04,399.28,558.21,379.51
5232,1767.75,1355.87,625.95,328.16,365.35,668.24,270.47,238.66,211.32
9848,3314.69,2678.03,1139.32,582.79,675.9,1028.17,562.83,706.72,446.03
7208,2417.99,2090.16,1063.91,427.74,411.19,971.86,462.02,465.26,339.7
6783,2102.85,1852.41,891.16,394.25,382.52,884.78,340.84,173.15,312.69
8924,2771.35,2297.35,1062.26,556.9,489.42,986.17,615.87,614.12,388.5
4632,1549.01,1325.64,646.59,269.27,246.0,671.77,280.28,242.68,222.49
5828,1812.43,1511.42,671.52,308.59,345.02,608.05,333.17,353.5,268.95
8732,2811.12,2505.45,950.22,455.2,496.17,1036.07,534.61,289.38,370.14
5230,1773.49,1432.85,665.25,358.2,339.41,547.72,336.37,104.68,241.17
2488,843.92,678.45,319.24,125.63,136.19,362.25,138.0,99.57,106.35
9114,2940.75,2666.5,1287.69,474.92,589.92,927.52,508.77,286.52,418.87
3347,1136.67,955.33,411.18,197.16,186.64,405.95,198.69,154.34,159.46
5681,1942.51,1429.6,799.48,313.92,351.4,812.89,360.17,144.6,244.43
9548,3176.99,2528.39,1103.43,554.9,599.31,1074.81,612.29,703.71,408.9
5173,1610.98,1518.51,666.12,270.8,328.15,544.46,292.18,140.31,244.51
6589,2066.97,1653.29,727.58,346.7,352.56,700.74,371.95,433.89,297.06
3667,1157.83,1016.72,437.37,242.07,204.08,440.94,219.07,280.01,151.77
3637,1112.34,1041.61,519.64,237.07,199.75,441.64,221.27,105.09,165.33
6114,1917.7,1718.6,677.43,318.45,376.15,830.92,385.11,249.38,285.11
9621,2987.09,2771.1,1351.87,609.55,495.63,1076.56,599.91,614.43,432.11
5553,1792.32,1589.74,633.84,345.32,335.21,750.17,319.02,349.1,256.78
9761,3371.66,2778.0,992.93,627.31,505.13,1463.65,546.01,217.12,426.05
8540,2606.61,2485.8,900.94,508.04,484.57,1223.04,479.59,207.02,416.57
3000,1008.04,846.85,411.88,166.2,191.2,395.34,188.72,81.63,127.2
9446,3158.4,2551.56,1068.38,597.68,550.24,1388.52,554.13,510.85,404.42
2850,868.64,779.75,378.22,163.67,158.48,426.23,150.16,66.41,136.05
3388,1172.68,968.41,457.24,184.24,211.13,435.4,169.8,187.37,137.48
7450,2446.76,2188.92,873.56,433.39,482.8,846.93,376.92,302.08,371.56
5712,1817.48,1505.75,706.84,372.8,314.68,832.52,384.71,343.66,264.41
3367,1137.46,899.34,404.67,200.39,188.51,478.82,199.18,225.33,161.87
2821,882.6,836.53,415.72,157.97,177.18,294.03,178.14,190.37,129.31
2454,821.29,684.48,284.66,163.53,170.07,360.29,168.3,54.62,117.46
3624,1094.4,938.43,395.62,245.1,196.7,428.76,190.35,278.44,160.7
4772,1631.88,1351.36,564.43,279.95,301.04,554.05,281.32,263.41,218.4
5726,1846.11,1715.16,764.28,329.21,390.12,670.88,348.03,422.25,266.94
9232,3063.5,2688.11,1245.1,574.73,546.9,1070.92,616.98,525.38,452.55
5147,1601.04,1478.67,752.51,263.32,289.97,647.5,359.64,252.45,207.67
6089,2032.84,1585.59,877.35,388.64,385.66,785.41,391.12,388.38,250.19
6806,2304.59,1999.65,778.72,446.78,344.58,825.44,427.67,225.72,319.25
4190,1356.14,1157.65,514.36,242.81,239.68,505.44,286.62,109.75,182.03
2916,964.86,858.66,400.55,155.98,160.85,399.1,194.64,74.15,136.4
5986,1932.38,1595.22,872.92,302.75,326.19,599.51,402.86,424.7,253.07
4875,1680.43,1233.87,569.68,305.88,261.28,718.3,244.01,364.39,225.63
8748,2842.17,2395.19,1069.2,484.46,566.36,1187.29,527.41,602.43,391.75
7592,2597.15,2000.43,1100.64,450.04,524.62,1027.67,498.45,563.83,313.01
3440,1169.83,983.02,405.66,198.58,198.47,416.58,184.48,272.06,169.57
6400,2051.36,1906.27,793.76,342.39,326.29,949.05,416.19,330.01,306.7
2735,851.96,778.24,397.19,164.56,176.07,273.54,137.25,79.95,130.76
5568,1783.45,1638.92,780.14,329.58,338.33,578.09,342.45,314.46,261.52
8434,2878.62,2299.54,946.05,526.98,543.76,1182.47,565.3,347.76,339.16
8059,2509.42,2325.68,936.78,443.55,507.38,1103.56,472.47,328.7,363.03
8245,2689.7,2408.79,970.01,447.64,561.56,936.37,534.19,524.95,391.72
8105,2758.17,2314.33,1180.39,537.26,428.02,1051.53,491.23,206.18,341.77
5338,1695.74,1470.03,800.42,341.87,284.96,675.8,336.0,118.78,246.36
9010,2992.32,2534.45,1249.69,589.65,512.05,1138.47,543.6,556.07,444.15
5015,1566.09,1429.4,622.94,263.12,300.04,650.84,298.48,178.75,238.36
9789,2990.19,2571.12,983.88,533.31,670.69,1465.28,654.22,422.2,445.17
9117,3097.22,2648.3,1229.65,560.79,621.23,1361.78,472.76,350.62,392.94
4889,1490.89,1454.56,584.08,328.27,329.7,728.87,301.62,278.14,226.68
2961,928.48,809.13,389.81,200.88,161.23,377.33,154.85,86.67,139.59
4989,1710.01,1422.13,650.24,332.46,322.26,578.25,305.61,315.48,231.38
5848,1855.71,1677.51,725.4,297.48,337.25,748.58,405.1,441.5,278.1
3026,1055.02,856.7,445.49,200.98,207.66,396.81,154.76,212.32,129.49
8228,2871.46,2282.08,832.32,559.35,446.7,950.93,480.85,612.35,370.9
5865,1838.17,1724.79,795.33,299.91,309.82,772.06,387.32,447.06,266.78
8471,2558.66,2307.89,1020.69,494.08,566.27,1110.55,486.18,358.66,346.45
4863,1630.34,1230.61,659.86,295.34,312.88,705.98,293.76,329.44,203.11
7569,2441.38,2211.87,1012.44,413.68,502.8,846.82,395.81,376.1,325.97
4501,1372.97,1276.93,452.4,271.56,239.27,607.1,245.13,162.87,182.19
3947,1323.73,1154.35,451.01,267.29,267.2,483.66,251.54,255.82,167.1
8772,2645.27,2253.77,960.14,590.7,557.48,934.18,583.97,303.93,396.68
9388,3224.87,2361.44,1017.18,645.86,591.74,1087.22,590.78,249.51,426.38
3177,975.12,942.68,433.42,189.61,195.87,326.8,212.03,197.85,135.0
6760,2071.03,1739.93,756.97,393.51,441.41,783.93,419.88,251.83,334.38
2011,620.96,584.16,248.83,127.33,117.27,208.04,133.14,77.13,89.83
7252,2523.79,2111.5,814.76,423.05,381.86,1060.77,505.16,528.43,336.3
6399,2141.48,1826.5,825.55,325.32,388.97,672.45,330.55,180.02,257.9
5364,1824.13,1376.2,729.66,345.43,348.46,755.61,319.66,353.44,235.97
5022,1606.45,1423.08,585.33,279.32,266.53,729.73,270.17,216.81,228.1
5371,1701.62,1581.51,699.04,273.82,292.61,662.69,318.52,395.2,231.61
7859,2449.84,2131.96,1110.03,396.19,502.43,807.09,471.48,364.82,327.83
4830,1565.08,1307.36,505.76,331.47,267.55,626.88,301.58,215.13,202.92
2042,668.94,555.72,276.76,112.39,109.04,228.17,120.04,93.51,91.21
2943,975.87,747.86,341.85,173.51,199.5,320.3,166.26,206.78,119.81
4390,1373.44,1293.3,465.92,302.96,233.63,563.4,223.29,90.57,185.89
7445,2586.64,2184.8,947.62,441.86,423.49,877.16,377.43,463.76,351.37
9981,3079.02,2993.26,1111.02,514.74,584.57,1362.6,533.99,322.53,420.67
4545,1582.94,1269.23,641.15,277.42,270.53,588.86,268.06,331.46,187.11
4411,1326.58,1268.43,450.56,228.33,252.42,624.01,257.38,187.71,180.13
6986,2263.86,1817.29,733.06,362.59,476.8,718.99,375.94,281.8,348.51
8570,2713.85,2428.54,1080.25,574.44,541.39,957.66,569.45,537.83,350.24
3004,968.66,848.59,388.86,167.59,171.8,385.56,191.26,190.29,133.18
2020,663.64,596.02,275.72,128.42,115.45,290.92,114.86,117.21,91.12
2406,774.2,701.44,271.79,144.79,144.5,338.46,158.65,95.73,119.45
8762,2810.34,2601.64,1244.98,477.06,444.0,1173.9,611.46,496.11,428.56
3014,1014.62,884.43,445.04,181.91,206.56,387.91,165.47,70.09,127.72
6431,2149.84,1887.08,803.57,330.42,350.27,846.15,368.19,497.19,262.69
3838,1311.3,971.73,529.75,218.55,245.45,424.79,268.11,181.01,170.33
5188,1621.24,1516.44,654.95,313.65,340.1,673.19,273.71,198.54,212.76
7243,2393.64,2030.75,749.46,395.24,482.0,903.12,373.33,518.94,352.81
8542,2812.54,2297.99,993.48,539.89,455.4,1018.39,516.11,336.98,401.8
8936,2846.0,2259.25,932.69,456.06,542.72,1290.24,530.52,713.36,441.78
7923,2569.45,2249.21,1184.04,472.97,409.41,1120.87,408.56,486.76,362.04
2714,856.78,723.04,302.48,174.51,179.38,281.81,151.44,160.06,118.45
6146,1887.39,1680.25,810.01,360.15,367.09,917.51,358.8,178.92,276.61
5854,1818.78,1663.04,668.63,395.1,311.26,652.72,388.96,331.29,243.57
6419,1959.56,1897.38,851.56,402.11,413.21,711.01,411.82,188.12,286.48
6884,2300.31,2005.12,760.82,476.17,389.8,1013.26,470.11,461.34,344.11
2140,712.7,583.21,298.02,119.16,111.9,261.59,121.23,60.57,100.38
6565,2281.54,1768.54,692.87,451.51,388.79,920.86,368.87,272.64,266.69
6882,2315.68,1803.01,996.22,427.62,376.48,787.37,407.85,334.49,325.22
7921,2396.91,2127.75,1124.95,514.1,546.58,1137.92,397.24,541.1,324.81
7453,2565.41,1904.63,998.26,507.13,426.51,1055.46,403.55,432.02,327.23
8012,2749.19,2392.02,828.21,488.92,492.33,1009.3,434.49,519.8,383.47
2963,954.58,825.78,327.2,199.24,204.35,400.75,151.77,102.63,122.32
9151,3013.36,2346.23,1308.3,556.69,529.61,1356.19,540.85,313.29,392.83
2372,827.36,634.84,251.67,147.03,135.59,290.81,161.56,101.61,99.51
5635,1840.48,1562.88,607.43,331.91,300.05,702.74,282.2,119.02,274.43
4541,1567.85,1256.24,577.62,240.28,312.27,618.21,284.12,317.15,188.36
5610,1706.29,1412.46,637.91,342.6,370.34,669.39,379.16,236.73,254.46
3692,1142.87,1098.53,410.2,256.77,200.92,546.64,192.54,88.8,157.84
8894,2864.2,2345.96,1145.46,584.72,503.88,907.38,607.86,643.33,400.88
7275,2395.21,1824.64,863.02,472.51,496.87,874.23,482.84,567.96,303.18
8434,2874.4,2140.74,902.67,530.21,512.33,1144.43,457.89,495.88,401.25
7767,2713.89,2167.07,984.41,442.39,474.77,943.45,528.99,321.52,360.63
9311,2974.33,2391.9,1111.27,497.14,586.25,1051.79,615.27,417.37,376.48
2105,636.49,530.64,287.81,114.7,137.34,254.02,109.94,74.45,104.15
7539,2563.7,2027.85,792.63,377.9,518.58,1086.19,502.19,472.52,368.88
8813,2910.22,2477.67,1154.77,559.36,582.05,1122.34,536.22,364.54,378.76
3681,1140.84,940.83,448.44,243.82,252.85,429.78,244.12,80.79,157.98
6097,1979.95,1619.77,733.49,337.64,404.92,814.41,380.17,138.83,274.31
6016,2028.09,1629.66,671.47,311.85,306.39,785.64,347.95,342.22,277.89
4636,1569.38,1195.96,470.65,262.93,242.7,593.51,287.54,173.49,198.93
8787,2855.61,2419.09,1251.13,490.68,594.86,1050.55,551.15,264.62,421.37
4137,1304.23,1051.88,481.22,244.16,209.14,428.63,270.25,219.85,168.73
5416,1888.49,1366.6,726.04,299.41,356.82,709.69,360.78,198.8,238.19
6445,2147.27,1778.77,949.86,366.04,431.79,779.78,407.74,157.26,293.62
5530,1771.88,1451.04,709.22,376.88,322.45,671.55,385.96,174.83,265.42
3286,1031.88,837.17,393.85,186.31,187.62,367.06,215.47,219.09,160.09
9518,3203.33,2581.24,1079.47,625.43,512.91,1070.5,649.27,676.93,403.98
5179,1616.41,1531.73,759.77,323.77,264.02,721.81,292.04,374.59,219.64
9753,3009.63,2791.4,1307.91,553.49,633.04,1209.06,549.33,508.03,426.04
7158,2337.03,2081.41,953.9,474.97,368.45,754.92,409.77,551.57,316.92
9052,2846.85,2657.63,1098.08,560.33,623.62,925.95,532.21,263.41,438.88
8302,2751.66,2479.24,1180.98,416.53,464.37,923.48,574.73,503.94,332.71
5654,1729.54,1629.27,767.16,290.47,372.51,703.2,291.01,351.99,264.89
9102,3028.66,2552.39,1039.08,592.11,465.96,1191.11,545.84,211.09,384.11
4359,1369.44,1169.39,566.58,256.88,264.7,467.21,232.0,161.05,212.82
9408,2822.51,2437.44,1143.16,546.7,536.09,1144.89,622.98,723.88,406.18
2444,748.71,694.91,245.21,129.33,123.67,253.27,123.72,160.18,110.9
8441,2926.33,2530.17,1184.96,448.61,532.76,860.02,498.89,196.52,365.41
7047,2419.71,1926.42,747.98,464.79,485.28,1008.9,407.98,369.6,311.85
2035,634.27,582.38,255.39,135.49,102.19,270.49,105.5,119.9,92.03
7203,2441.23,1979.06,841.39,440.82,399.11,1001.61,414.42,564.61,341.97
3475,1148.24,943.8,406.94,194.26,222.65,379.1,229.98,218.88,143.2
5957,2076.28,1611.46,737.88,408.97,401.65,691.65,314.23,347.41,259.26
3798,1210.35,1045.33,569.13,237.3,204.39,464.08,264.61,283.0,176.21
3845,1284.51,1031.79,463.01,253.51,197.69,511.01,196.75,229.38,176.44
3408,1033.23,979.59,371.87,170.62,170.99,431.94,190.11,258.76,162.93
7291,2331.75,2141.47,952.79,430.22,395.93,930.13,477.55,361.39,356.46
7495,2609.69,2204.61,838.05,505.31,385.44,808.31,428.34,473.04,306.85
3708,1212.33,969.22,390.37,210.48,212.05,458.83,221.02,214.71,174.79
7481,2351.98,2205.36,766.87,482.76,439.9,1056.24,401.98,397.63,320.49
8702,2662.93,2324.11,880.16,549.56,518.63,1091.87,559.62,343.26,389.97
4938,1655.1,1310.87,600.25,261.93,260.96,543.12,264.63,366.53,228.52
8284,2752.3,2372.02,1005.15,542.59,491.07,999.63,554.82,299.9,343.84
9030,2877.83,2395.07,986.77,471.82,453.13,1243.8,548.93,266.96,392.5
9285,3226.97,2345.84,1292.48,599.42,508.71,991.17,566.04,582.38,462.03
3300,993.66,886.65,351.33,230.4,189.36,425.78,226.61,174.22,136.5
8869,2795.39,2537.18,1292.8,613.38,464.44,1314.97,580.56,317.26,362.15
3243,1122.25,863.77,419.58,214.05,214.95,385.97,210.35,234.2,156.86
5976,1888.7,1682.11,605.85,362.69,322.85,610.64,401.35,222.14,264.77
5097,1593.39,1442.48,755.11,323.64,331.8,671.05,264.21,121.45,238.27
6616,2161.52,1896.72,763.47,427.14,393.51,677.18,426.87,138.42,284.87
7902,2696.08,2329.96,967.99,396.43,470.92,865.9,431.96,595.58,331.76
2009,613.06,545.7,229.45,104.56,126.37,205.76,111.74,88.66,84.63
7079,2457.48,1828.66,965.72,438.48,360.22,768.3,356.09,232.26,297.01
4425,1503.41,1176.81,549.96,221.83,228.22,631.65,300.34,239.07,187.93
7752,2395.85,2105.51,826.51,528.52,438.27,1060.03,502.19,381.97,327.23
3660,1228.3,1045.64,385.07,218.84,213.51,428.56,193.2,292.77,176.18
8825,2817.36,2212.04,1202.57,486.75,517.13,1278.36,499.13,646.96,400.06
4631,1482.45,1230.87,518.0,268.03,294.24,617.12,276.0,167.95,198.97
8295,2813.37,2397.19,886.65,555.89,414.87,1015.2,496.69,513.15,360.42
6815,2372.57,1932.34,851.68,467.13,471.48,704.78,421.94,294.62,337.87
3072,941.05,880.4,430.5,160.74,164.32,419.44,182.61,128.61,128.53
5225,1677.39,1518.34,595.33,342.55,287.23,620.61,329.03,219.59,255.33
6954,2253.42,2010.83,791.52,428.12,473.65,800.69,470.63,405.8,329.4
3316,1057.19,942.11,469.86,204.63,166.16,379.4,192.2,173.36,152.98
7699,2449.51,2094.0,826.81,504.97,537.59,772.87,519.95,502.77,356.01
6145,1859.56,1838.46,803.99,334.64,311.67,842.68,334.24,179.31,271.79
8807,2943.98,2452.34,1301.24,533.89,461.58,944.69,461.73,400.94,390.93
8674,2791.39,2256.44,1232.27,489.1,475.35,1093.2,475.23,621.23,416.01
5683,1760.25,1503.95,585.86,294.89,334.02,572.87,307.63,114.74,273.4
9227,3144.58,2626.73,1070.29,480.74,557.03,1212.37,643.14,529.72,421.78
9334,3174.76,2765.08,999.85,492.18,486.25,1105.84,537.84,626.72,445.1
5273,1710.14,1365.37,777.57,328.5,271.42,693.6,332.35,226.9,253.63
9000,2834.3,2287.06,1343.67,469.05,455.73,940.45,575.29,657.15,389.89
2145,711.94,630.79,239.7,131.71,118.26,243.06,126.35,137.58,99.17
7010,2204.0,2073.3,935.73,432.98,479.7,739.66,381.84,395.1,310.95
9843,3069.05,2596.77,1398.51,670.09,568.89,1302.26,578.39,313.99,403.38
5040,1696.09,1355.08,562.89,315.14,329.01,531.36,299.76,303.44,234.28
3462,1045.58,979.78,378.69,241.34,186.27,453.02,239.16,242.43,158.82
8385,2555.23,2234.57,843.2,424.45,430.1,894.97,514.61,534.92,344.0
6676,2005.07,1961.8,805.11,427.82,407.81,982.49,463.3,363.78,271.77
8830,2716.52,2255.0,1280.1,446.18,586.68,1066.83,543.35,555.18,375.24
3584,1087.56,902.81,520.21,231.48,243.6,381.08,189.59,281.75,173.23
2482,868.18,646.37,264.05,143.25,151.21,253.39,143.18,51.25,100.86
5179,1628.49,1368.83,570.82,322.27,289.41,603.2,341.02,309.89,231.0
3249,998.95,830.59,391.19,182.56,169.57,469.71,189.85,219.57,135.78
6768,2111.95,1714.23,940.96,359.94,428.8,725.47,351.9,394.8,287.88
2630,912.1,756.86,343.46,169.56,146.25,366.99,136.55,95.69,125.45
8804,2870.17,2273.31,1106.6,599.49,588.8,1064.13,481.94,610.69,427.05
2661,846.84,786.85,344.86,142.82,165.25,372.93,163.11,199.04,121.88
5503,1891.21,1477.01,576.77,376.48,369.68,790.86,366.52,335.74,267.62
4852,1551.42,1375.69,601.08,256.2,297.59,727.27,294.39,245.81,235.66
9822,3111.12,2566.19,1469.4,635.61,642.7,1015.69,637.66,412.32,414.64
4466,1386.09,1170.16,466.35,309.0,249.59,624.41,280.96,177.76,207.45
2987,952.52,832.58,376.25,158.15,179.4,309.11,180.66,189.36,142.73
9622,3038.96,2675.23,1104.44,564.83,484.83,1113.65,522.44,542.94,438.86
9327,3113.96,2690.25,1184.49,529.3,579.73,1234.07,631.1,274.32,448.23
3546,1115.14,1020.86,456.34,204.85,215.15,433.9,196.85,100.94,164.14
2649,871.15,751.08,341.39,172.35,172.46,339.77,145.84,64.28,113.5
2968,900.18,808.65,423.27,187.65,191.67,440.18,163.7,181.08,139.07
4637,1435.45,1365.74,554.06,321.69,290.06,653.51,240.72,180.2,212.75
3100,993.15,871.5,390.03,166.5,158.51,366.37,185.92,65.77,143.37
8652,3000.92,2591.36,869.93,526.61,588.86,1124.74,489.28,348.34,354.33
2440,778.02,709.96,340.33,143.92,122.88,249.91,147.47,170.62,100.67
9421,3139.11,2376.12,1064.33,644.18,622.4,1155.44,556.43,328.41,453.59
7016,2194.28,1866.46,988.05,352.29,418.06,915.03,423.74,407.02,310.9
2769,848.29,771.43,313.68,193.23,183.75,375.85,154.93,128.43,116.72
3343,1012.68,956.34,336.1,199.23,198.24,484.99,221.65,176.96,136.82
7922,2497.57,2198.49,853.53,495.21,498.6,904.32,480.74,441.62,337.71
6358,1957.52,1839.41,949.15,363.68,364.09,922.6,344.4,300.66,273.09
9764,3014.15,2578.99,1132.53,654.68,633.43,1299.35,664.3,229.17,486.54
5729,1936.62,1484.93,604.07,350.84,315.57,595.14,298.99,309.72,276.97
5906,1776.48,1492.42,625.67,373.59,380.27,702.91,381.93,258.99,240.87
3577,1172.86,996.79,413.2,225.27,192.68,442.94,227.39,114.44,169.85
9541,3043.32,2713.75,972.06,546.51,614.85,1122.25,490.95,704.04,435.44
8780,2856.38,2338.18,1102.54,452.34,490.57,928.9,597.3,563.36,371.26
9334,3062.87,2619.86,1033.15,617.48,518.71,1190.82,525.75,345.77,443.05
6008,1896.54,1517.67,756.8,335.21,397.91,640.38,389.43,314.44,242.13
9920,3122.37,2529.25,1061.82,664.43,657.44,1445.85,550.96,771.64,469.37
8602,2896.04,2452.32,1045.08,534.81,549.05,1232.35,520.54,298.73,421.09
7094,2437.24,1904.05,921.48,404.88,485.78,877.96,492.65,545.12,346.37
5351,1656.83,1517.37,551.69,331.15,284.27,553.23,332.92,326.42,255.37
6795,2071.67,1981.33,814.98,427.47,376.35,867.11,380.02,356.4,335.31
4349,1499.93,1272.65,500.68,278.92,243.02,563.68,257.32,343.54,204.72
5602,1778.61,1448.72,627.52,372.23,314.3,809.05,355.84,224.21,262.55
7699,2521.93,2111.95,1002.62,409.55,435.46,795.89,453.5,282.51,309.98
3241,1030.56,929.18,419.47,223.25,207.23,436.26,221.08,130.86,135.29
3125,957.16,902.18,411.05,181.93,173.17,400.44,210.47,203.29,149.42
4601,1515.88,1330.76,496.65,309.23,256.36,500.31,243.56,185.05,229.94
8431,2750.67,2203.93,963.54,458.73,517.73,894.42,553.91,220.6,397.94
3190,989.38,828.21,352.44,161.35,171.84,429.69,219.63,187.12,146.1
8764,2827.21,2449.54,1113.25,538.7,502.16,1025.31,493.75,292.53,366.63
7101,2413.26,2038.37,873.8,401.16,363.28,1065.13,388.88,143.79,351.35
6131,2020.3,1630.58,714.35,427.26,423.35,887.16,307.73,195.88,285.08
6839,2084.84,1745.55,952.68,356.24,385.35,877.35,357.77,472.91,307.01
7860,2573.37,2246.68,822.93,400.44,526.63,1038.2,544.06,600.62,382.11
6448,2160.96,1708.62,959.11,328.21,390.74,696.03,372.84,385.06,319.39
9843,3343.03,2542.63,1041.66,534.84,537.08,1424.28,568.4,380.23,430.26
8018,2657.61,2063.72,1111.72,493.78,431.92,985.79,443.66,370.35,362.08
2072,637.42,550.62,245.35,124.55,132.4,261.21,110.4,65.63,85.26
8791,2949.46,2458.26,1259.43,501.1,609.19,1262.88,529.01,640.4,436.02
7472,2494.65,2001.9,774.91,386.87,400.96,749.54,481.67,447.83,307.9
3914,1178.98,982.54,464.73,214.0,204.74,488.14,238.82,98.1,192.92
7189,2304.7,1832.08,839.48,385.93,415.11,944.19,364.55,302.05,301.29
4472,1416.05,1182.96,669.27,290.29,258.82,482.82,295.46,233.8,219.52
5046,1682.69,1427.94,753.25,331.01,333.67,521.83,346.32,342.32,224.66
2707,841.35,690.08,296.39,177.42,160.74,343.1,159.19,203.65,124.31
3804,1253.58,1057.64,500.22,263.92,194.95,484.54,218.08,106.36,153.51
8704,3008.63,2228.17,1103.46,589.13,595.47,1014.13,475.21,609.92,382.49
8971,3049.15,2337.67,966.34,537.87,515.51,1292.82,502.71,214.83,403.1
5713,1977.11,1477.44,619.23,333.06,362.04,657.3,359.28,196.7,229.06
7051,2460.27,1786.45,1053.86,481.69,446.68,887.18,461.16,149.91,328.64
4564,1371.63,1294.2,559.71,283.99,233.34,499.01,258.52,108.76,220.85
4475,1481.84,1222.44,475.65,250.1,224.07,450.0,254.15,98.2,180.11
5610,1798.8,1635.61,621.25,343.83,290.38,680.5,331.11,161.35,252.03
6255,2145.42,1594.68,709.43,436.87,432.41,790.3,334.04,454.06,252.31
8292,2592.0,2133.01,1041.03,555.48,546.28,1146.24,568.37,307.05,404.09
4823,1683.48,1279.65,563.22,268.28,253.88,590.52,309.2,235.28,200.68
9397,3107.45,2709.09,1153.49,648.95,585.41,1070.66,551.34,462.59,381.38
3735,1268.69,990.85,404.59,260.07,232.46,486.34,195.88,297.74,181.44
3585,1090.84,969.46,417.07,195.82,179.29,426.83,240.11,150.14,159.34
2066,638.75,547.66,213.86,140.31,121.03,230.71,123.29,74.18,84.61
5061,1710.21,1285.55,731.24,342.45,325.1,736.46,333.71,393.72,235.23
9979,3004.67,2963.48,1097.07,506.88,536.23,1265.68,505.61,554.35,469.57
4428,1509.26,1228.45,610.38,280.71,296.76,487.19,245.63,165.47,202.29
6153,1850.19,1780.63,722.84,345.22,388.91,821.71,384.21,229.19,266.56
9426,3137.5,2666.78,1166.18,598.48,472.61,1321.09,563.28,237.36,417.05
2341,745.03,645.44,268.19,159.82,157.08,322.89,130.87,125.04,115.99
7249,2396.34,1844.75,977.33,434.76,365.26,942.2,391.61,459.74,328.7
4774,1598.34,1346.92,678.99,278.27,323.48,601.43,267.52,231.46,209.92
7291,2312.15,1879.39,833.46,498.93,413.21,1012.47,472.8,532.73,343.27
4817,1471.1,1304.05,540.04,334.7,308.16,652.25,258.55,236.22,196.35
4661,1414.53,1311.86,624.91,238.85,306.45,599.28,288.41,190.08,199.97
3232,1064.77,934.41,354.74,221.25,179.78,429.49,188.99,113.27,136.6
5874,1915.12,1669.7,775.32,303.42,335.57,636.93,383.34,203.23,274.91
4401,1483.62,1248.02,460.88,249.74,264.9,444.49,237.8,171.6,202.62
3494,1137.25,899.54,457.74,227.99,215.42,512.07,193.57,277.84,166.29
7917,2542.33,2116.26,994.93,518.89,442.09,1161.93,458.98,329.74,350.47
6211,1986.93,1566.08,656.47,400.71,433.83,865.8,331.24,319.72,259.24
9431,2841.77,2697.02,1249.18,478.93,610.56,1118.66,558.54,344.05,394.48
2661,842.95,791.99,325.51,140.13,147.64,286.16,155.19,76.14,130.18
5883,2052.0,1548.44,652.16,404.31,369.5,693.41,410.64,345.63,239.73
7561,2598.55,1923.4,889.7,390.37,443.89,1030.65,467.85,398.56,347.36
5619,1778.24,1538.36,700.16,289.78,377.63,656.07,288.76,135.25,237.78
8596,2831.43,2517.21,898.95,573.46,486.35,1201.68,508.87,627.23,362.26
3868,1324.27,1073.75,572.0,243.01,207.93,516.96,261.36,195.19,158.53
9644,3105.98,2433.56,1285.33,550.03,491.1,1268.18,649.38,386.91,480.2
4334,1304.09,1294.62,455.62,231.06,302.02,634.98,300.07,289.34,176.0
5374,1632.22,1566.16,758.5,363.73,307.31,777.46,364.81,143.62,222.9
3016,981.77,773.84,350.24,210.43,164.1,408.92,161.43,146.06,131.65
6406,2232.31,1896.75,831.75,326.7,383.31,704.42,320.76,339.05,285.44
2207,738.6,601.48,251.28,134.81,123.22,324.31,137.55,146.78,109.26
4665,1416.04,1253.0,637.57,257.63,254.98,519.48,298.79,196.93,197.88
4493,1390.44,1226.83,611.72,299.45,280.04,533.0,236.44,320.34,212.11
8813,2983.78,2571.0,1124.56,501.65,453.84,1245.62,470.06,545.18,410.37
2632,900.33,744.79,294.91,169.22,158.39,290.66,182.3,174.41,118.9
4102,1357.29,1037.65,462.23,249.36,236.88,541.18,282.53,320.55,174.99
4959,1647.48,1477.19,590.83,301.66,300.77,609.42,263.52,350.53,206.13
5083,1532.1,1308.31,545.15,341.37,286.73,666.9,279.26,207.42,212.29
6752,2305.31,1939.7,789.19,401.12,414.62,998.64,458.07,396.67,293.44
7519,2552.05,2118.91,1009.18,503.11,388.25,1055.8,441.36,542.25,311.07
3931,1230.21,1019.61,556.4,225.12,226.12,451.24,259.29,202.48,196.49
5719,1918.35,1478.57,667.0,305.94,313.12,588.28,331.24,348.68,254.26
9123,2834.91,2677.75,1018.85,539.26,536.08,1353.42,590.51,276.75,414.09
4562,1377.8,1236.23,646.13,273.57,264.44,589.68,264.31,314.57,210.6
3679,1140.7,1040.16,531.75,219.15,230.39,399.74,250.11,240.78,154.36
9709,2999.42,2671.95,1169.94,642.41,607.54,1275.33,548.67,712.0,435.13
2236,708.56,640.32,226.61,137.05,130.29,228.32,135.19,139.99,90.85
9446,3031.43,2587.85,1272.83,640.14,506.61,1033.17,570.87,685.91,469.39
6443,2096.73,1703.33,896.88,388.41,397.14,848.1,405.76,191.57,288.18
8770,2840.06,2351.84,884.9,477.92,608.03,1053.49,492.3,603.54,353.4
9271,2906.77,2715.98,1202.93,487.56,497.93,1077.8,582.71,715.52,426.38
6725,2027.31,1838.63,870.34,453.04,345.54,892.91,355.22,463.56,275.73
3540,1169.1,922.78,421.03,180.98,195.73,507.35,240.27,201.47,169.57
8099,2589.96,2403.22,1113.52,424.0,471.83,1084.7,428.3,612.2,401.17
5943,1871.65,1722.46,721.53,304.72,333.54,732.01,397.03,152.55,292.19
7367,2529.44,1862.25,985.99,430.78,491.34,979.39,470.48,154.79,326.19
2363,797.13,708.78,297.4,143.32,141.45,318.49,134.27,184.12,111.36
4368,1497.74,1243.77,491.06,220.14,239.9,606.07,247.0,266.36,181.53
9800,3182.54,2528.53,1277.19,591.05,676.24,1130.45,679.34,263.13,399.42
2285,700.46,598.35,312.69,132.24,119.97,241.57,123.16,92.32,110.16
2148,719.17,611.37,319.4,140.64,112.68,288.03,138.46,139.47,100.85
7203,2235.12,2081.58,857.2,479.71,395.49,763.91,386.61,468.36,353.46
6037,1944.29,1581.4,623.16,384.55,311.12,743.16,411.17,182.31,296.69
8549,2592.48,2247.09,1277.21,508.41,555.97,953.51,554.31,412.14,371.65
9121,3112.68,2420.31,1196.59,495.48,513.11,1063.54,626.19,624.23,393.9
6551,2006.55,1833.63,965.11,438.54,423.17,809.25,442.73,511.03,290.99
3766,1299.85,973.85,396.15,214.03,245.75,545.35,229.69,215.99,175.71
6895,2366.44,1759.69,807.42,393.88,377.5,924.08,365.74,401.9,276.14
7280,2353.11,2067.11,776.75,497.37,439.47,790.48,396.24,350.61,330.12
3012,1015.7,870.33,427.03,209.37,181.9,433.64,162.76,157.66,121.07
4831,1598.93,1328.75,695.75,328.33,325.74,604.01,262.87,125.3,215.01
4507,1533.07,1208.74,563.67,315.33,227.66,496.73,268.29,184.68,183.99
9717,3124.89,2639.16,1062.36,654.71,547.42,1227.96,654.5,490.1,443.31
3523,1195.32,949.17,374.69,225.78,238.33,385.93,177.78,128.59,151.99
4785,1546.14,1425.93,619.22,267.37,261.91,566.38,262.07,199.01,214.32
4556,1581.15,1313.97,570.95,314.63,240.27,639.1,282.18,356.61,225.87
5725,1856.72,1490.81,771.38,386.62,352.22,761.03,385.33,116.29,248.52
9971,3221.94,2684.29,1149.26,546.56,559.55,1235.38,557.87,380.48,470.56
6576,2230.93,1822.87,789.9,393.13,390.26,732.05,379.11,361.92,307.97
7782,2654.28,2184.01,786.51,400.0,516.73,887.99,447.22,285.9,378.9
8257,2706.02,2257.54,1077.6,570.28,498.84,1229.56,461.35,500.27,357.89
8892,2747.54,2583.18,1077.33,546.46,536.35,1041.67,568.87,337.51,360.67
3601,1164.52,1038.46,525.7,197.71,200.08,471.03,227.28,209.91,178.99
4408,1535.76,1213.34,582.25,246.18,290.3,550.94,294.74,312.93,192.29
2340,790.1,684.97,280.65,162.89,151.62,236.7,159.94,139.27,98.13
4817,1640.47,1385.15,545.19,300.16,263.41,709.22,327.6,110.76,236.71
8106,2445.1,2342.06,1177.51,473.5,457.18,846.24,492.87,548.88,339.69
8904,2879.49,2651.79,897.64,534.21,585.64,1183.66,478.27,291.77,403.24
9112,3028.2,2399.4,1060.14,473.56,520.79,1280.7,496.09,529.29,433.32
4496,1535.39,1184.17,661.7,231.55,261.09,617.92,277.88,264.38,212.71
7962,2408.22,2344.39,1056.57,492.48,456.13,1118.36,544.35,543.2,320.83
6930,2374.37,2000.08,877.59,417.46,368.9,949.31,420.02,348.92,291.23
7299,2389.84,2162.89,804.18,417.38,414.71,892.51,501.55,310.63,356.81
3725,1154.25,943.01,527.72,228.43,246.07,539.43,205.79,190.28,169.61
9574,3024.07,2694.01,1055.15,492.62,572.73,1394.19,495.23,504.98,448.75
3689,1158.7,948.93,414.69,254.1,218.26,449.5,243.2,255.62,162.4
5267,1719.9,1449.45,577.22,294.29,279.82,654.37,355.98,170.15,249.93
9633,2914.79,2483.27,1039.47,495.48,515.86,1197.21,567.98,682.11,413.17
6406,1972.58,1642.52,945.95,342.02,325.8,729.93,333.43,268.68,271.1
2261,770.17,566.63,294.16,117.37,113.68,239.09,114.96,146.13,112.98
3442,1055.42,968.96,453.97,184.4,205.69,389.29,176.41,138.17,143.11
2405,749.57,644.42,355.26,140.3,139.93,342.0,141.37,150.39,119.8
4190,1351.98,1069.54,467.31,271.35,232.58,532.77,229.18,284.71,206.42
6437,2097.54,1713.16,645.6,356.91,449.31,917.34,381.32,344.28,303.48
7435,2514.37,1921.55,966.13,436.57,430.93,1020.51,444.39,425.08,340.67
9268,2987.69,2753.38,1162.14,635.55,609.62,1088.35,548.31,578.93,371.14
2243,761.48,596.64,277.87,125.42,121.6,245.08,139.96,137.51,103.97
6585,2179.09,1756.2,678.87,433.91,361.79,845.26,418.73,419.1,314.26
6107,1866.64,1783.2,749.46,324.63,374.77,896.46,353.71,433.48,289.04
9406,2895.32,2656.14,1075.84,503.85,471.06,1335.38,533.7,312.57,392.42
2560,823.94,730.9,291.14,151.36,128.89,353.77,146.86,84.18,116.34
6137,1962.89,1729.41,681.94,335.58,324.31,848.19,315.46,480.16,279.25
4725,1593.16,1404.79,551.06,321.59,257.33,597.18,266.64,335.85,219.85
2593,853.19,675.09,305.08,132.28,157.02,281.28,140.02,143.92,125.27
7548,2410.88,2260.26,871.33,467.56,480.99,862.56,421.31,154.66,354.62
3826,1180.47,1115.46,569.84,237.54,215.16,493.15,245.97,272.74,158.45
5229,1628.01,1461.24,766.76,268.35,286.45,605.61,364.83,340.39,210.16
5287,1738.23,1496.85,680.57,341.81,351.35,735.31,362.01,409.12,218.7
6073,1950.48,1715.27,905.2,360.6,323.42,720.63,403.44,126.26,245.37
7789,2537.24,1969.99,1164.92,502.09,495.12,823.26,504.29,169.11,345.58
9629,2970.87,2512.21,1134.27,640.7,660.81,1339.66,663.43,491.53,412.48
2133,710.6,635.79,260.78,120.42,116.56,287.76,138.73,152.22,85.48
5138,1760.42,1421.78,760.18,306.69,265.84,578.84,305.3,408.36,209.64
5919,1852.04,1591.72,772.02,326.82,411.93,882.26,367.14,232.03,260.29
9174,2977.66,2643.05,1015.07,495.67,508.38,1102.34,514.81,203.5,453.17
7043,2456.43,1945.46,947.07,352.23,390.98,943.92,352.62,223.48,351.78
9693,3069.41,2429.63,1069.01,671.46,578.43,1410.55,553.2,703.91,392.58
2072,683.25,594.27,242.36,121.87,113.18,223.36,120.38,99.43,100.09
6494,1977.49,1861.25,723.29,326.4,453.65,934.82,419.91,462.36,290.95
7524,2485.18,1943.13,844.56,377.55,382.67,1017.21,505.5,350.88,347.69
9842,2996.71,2931.27,986.49,548.86,580.97,1066.66,681.59,228.37,443.48
8721,3034.57,2277.89,1256.13,438.48,531.69,1161.86,497.41,497.57,429.47
9002,3022.72,2456.53,1033.43,517.53,534.17,1293.85,622.47,415.36,403.15
6225,2112.81,1591.96,649.38,319.09,376.06,871.19,410.77,308.02,259.46
4978,1668.65,1394.66,519.45,252.81,347.22,687.12,251.97,383.0,237.94
9633,3173.94,2589.09,1231.11,610.61,650.59,1041.01,596.33,456.84,434.81
9373,3022.75,2508.76,1402.63,638.65,526.47,1026.64,537.19,635.41,385.89
7907,2711.46,2303.7,848.03,460.09,482.56,1007.24,400.73,186.09,352.78
8097,2816.47,2028.12,850.03,540.36,404.9,1044.57,490.92,394.67,379.54
9935,3228.4,2880.13,1211.23,502.57,578.13,1462.25,612.95,548.43,426.79
6361,2204.57,1772.0,815.27,416.99,338.9,785.16,350.14,170.44,312.45
7656,2520.1,2291.48,878.29,392.42,491.72,881.4,526.71,291.95,371.31
3985,1302.77,1113.7,458.78,266.07,216.87,436.51,247.9,256.54,182.03
2792,901.05,705.73,338.46,188.87,181.42,286.76,149.43,86.65,113.2
8396,2606.66,2120.26,971.48,551.78,472.39,868.42,540.91,232.63,384.81
8965,2691.17,2637.12,1306.8,595.41,614.25,1153.87,537.75,340.28,395.86
7408,2311.85,2163.59,756.34,453.59,436.39,806.09,440.51,529.95,349.96
6259,2037.22,1673.0,699.31,346.11,418.04,892.41,417.42,411.7,267.07
2094,667.98,588.21,294.06,131.64,131.01,271.85,110.49,139.48,96.44
7901,2547.47,2168.66,1119.56,464.51,549.5,1131.77,472.64,310.88,359.85
8976,3132.91,2678.06,947.67,449.76,582.13,1089.44,588.96,232.8,406.33
3133,994.77,932.06,465.84,186.53,202.25,406.63,198.03,68.67,128.95
8479,2735.4,2536.85,1141.85,534.38,468.87,1070.66,424.87,467.8,380.7
6917,2121.28,2028.91,785.98,347.77,415.69,1032.94,454.79,429.8,314.77
2237,676.46,660.98,274.71,139.65,124.83,312.82,154.11,95.46,110.23
8524,2887.68,2223.6,979.04,537.44,429.49,1106.16,546.33,440.96,380.24
9603,3154.91,2799.76,1032.33,510.52,616.63,1251.55,648.38,352.82,445.57
4946,1671.92,1411.8,566.61,289.94,270.63,556.13,282.99,207.03,225.99
4530,1392.94,1350.57,584.39,313.87,262.5,619.42,258.26,288.96,190.04
3960,1301.22,1103.11,559.54,268.03,220.54,590.6,223.41,249.85,165.7
9045,2828.21,2299.77,1068.91,526.57,488.36,963.04,585.21,196.15,428.68
3048,949.16,853.04,357.82,173.73,156.49,401.92,209.83,233.64,137.86
7772,2336.08,2209.81,959.07,407.89,441.12,978.45,526.23,280.89,380.52
9284,2845.7,2423.27,1227.6,470.73,479.38,1323.16,492.09,691.24,455.67
4529,1428.73,1221.5,623.1,253.39,275.39,452.91,283.16,229.68,194.61
9559,2923.56,2675.8,1112.09,657.71,481.7,1021.18,668.36,477.48,392.06
4964,1733.89,1333.85,641.93,343.37,341.53,505.6,277.52,233.49,215.64
9137,2882.1,2455.54,1091.58,605.33,633.46,988.14,572.85,688.43,371.61
2963,908.21,760.47,402.43,168.94,166.2,401.18,201.88,96.26,141.67
2536,786.04,753.29,274.48,134.08,140.0,271.31,172.43,143.79,105.15
9246,3045.5,2658.45,1043.38,572.43,481.61,1212.3,521.75,361.21,449.94
7699,2334.35,1925.23,933.91,484.5,524.29,1104.12,399.41,576.77,339.94
9340,3204.76,2692.54,1349.36,546.31,576.63,950.17,587.67,281.7,399.62
8075,2810.71,2317.44,1038.98,515.45,502.29,818.32,556.69,489.11,363.5
9179,2866.94,2299.22,1360.97,596.03,623.41,1372.19,552.21,415.86,422.74
9967,3214.4,2675.94,1048.17,654.45,679.91,1332.23,589.59,594.76,468.6
6223,1873.79,1744.54,765.48,373.67,414.25,666.08,418.68,183.31,269.97
5679,1885.63,1548.31,686.9,373.86,371.8,654.99,332.18,247.72,282.98
6187,1984.15,1787.42,804.37,312.5,417.9,923.41,393.61,163.56,273.61
5724,1794.49,1552.77,804.78,364.09,386.48,637.43,330.69,447.2,276.72
2542,788.89,655.06,361.15,139.08,145.84,349.88,146.27,83.48,102.57
2845,946.53,850.15,379.84,157.64,197.64,318.81,152.94,226.44,135.93
5603,1797.5,1468.56,740.03,290.38,359.62,671.93,290.06,252.75,255.01
7777,2402.96,2223.32,1146.73,418.77,446.43,1120.16,526.53,188.93,360.82
5036,1684.32,1295.05,600.21,351.72,296.32,510.76,270.05,106.03,220.22
7947,2608.63,2117.48,1125.61,463.37,506.56,916.78,407.24,444.53,361.18
4494,1541.14,1222.82,656.46,308.09,257.16,558.87,277.04,255.64,221.65
6485,1983.59,1683.58,807.88,345.38,431.45,851.32,395.07,333.9,284.43
4719,1601.08,1285.92,643.93,255.21,249.92,478.56,289.53,113.18,193.75
3884,1296.0,1001.52,461.62,237.53,264.7,468.15,230.56,154.93,183.34
6138,1876.7,1706.06,662.56,349.81,343.88,719.46,324.32,255.0,276.53
6349,2125.27,1797.95,821.09,399.21,336.84,643.43,320.11,395.47,280.94
5201,1675.12,1316.49,571.19,303.95,349.3,612.51,264.88,234.73,248.49
7179,2492.9,2107.44,882.16,475.48,393.33,1052.33,494.37,390.38,327.52
4710,1446.35,1221.1,676.56,276.15,314.95,535.67,285.6,175.12,218.14
8610,2859.74,2249.52,898.03,529.06,481.52,1113.1,499.33,547.24,424.14
8430,2690.0,2386.26,855.83,475.63,578.95,968.65,490.77,192.25,342.13
9154,3184.13,2503.05,1192.98,586.6,497.81,964.22,577.1,726.01,390.18
7636,2416.78,2099.67,890.0,481.79,392.44,874.22,439.32,446.63,374.03
9634,3353.68,2470.23,1164.72,558.19,662.15,1190.16,635.16,278.73,461.73
3953,1364.08,1147.5,475.49,219.47,210.74,453.85,218.2,249.23,165.58
8921,2796.9,2505.49,930.74,555.62,614.5,1170.51,511.58,599.43,371.93
8488,2887.42,2179.46,850.31,584.51,564.28,1251.59,583.13,571.38,409.56
6737,2356.47,1810.23,976.33,354.72,347.89,697.03,371.92,244.18,306.73
8525,2665.2,2476.69,945.34,562.5,502.15,1158.12,539.05,660.84,414.34
5850,1882.76,1628.74,709.63,356.03,301.09,585.37,335.15,123.23,287.68
2689,876.64,686.86,399.58,162.71,152.19,269.04,159.79,115.06,109.43
7372,2320.31,1980.41,1041.94,510.39,420.43,786.19,375.26,193.54,366.37
3950,1188.01,1035.43,416.32,245.36,244.87,489.79,210.71,170.21,186.3
7175,2231.47,1979.39,899.93,477.93,498.79,734.72,373.37,168.14,346.87
7582,2381.48,2215.22,1034.97,457.12,404.84,1031.97,507.19,445.05,351.07
2456,791.27,667.57,331.36,135.07,138.97,249.2,170.04,58.32,105.73
7078,2183.95,1922.86,977.06,452.21,437.01,883.13,363.52,403.1,325.55
4130,1419.33,1219.45,507.46,282.75,220.66,552.61,212.85,140.61,186.51
5976,2003.43,1666.16,650.17,399.34,383.74,668.58,364.8,183.76,294.74
7218,2196.15,2008.84,889.57,389.54,419.17,930.87,433.66,294.64,328.78
6244,2076.16,1642.77,826.67,351.77,430.78,706.13,393.44,365.01,251.5
7448,2477.82,2088.32,971.44,449.39,466.23,824.53,482.15,407.35,349.02
3179,1105.69,886.29,329.11,195.29,182.03,447.98,209.64,193.37,128.77
6285,1886.45,1695.96,648.91,338.61,404.69,733.12,332.99,472.25,310.73
5565,1738.49,1666.91,825.08,303.85,371.6,782.99,282.46,179.18,249.68
2882,998.29,847.58,310.08,187.84,190.24,319.46,195.35,129.12,143.18
8406,2913.58,2416.55,964.36,543.08,464.48,990.17,499.24,302.19,338.41
9247,3107.26,2560.19,1279.62,617.55,539.47,972.16,641.97,510.26,419.15
2399,811.55,655.17,289.04,164.71,141.65,299.46,145.51,88.77,101.39
8907,2712.84,2309.09,971.52,500.26,514.54,1060.64,536.21,476.36,413.35
2608,849.41,691.87,321.73,175.24,146.61,261.58,162.89,180.97,117.31
9427,2937.26,2721.56,1210.87,596.92,613.27,1161.81,503.43,500.17,430.45
7891,2438.8,2151.78,967.74,545.71,396.48,818.46,434.64,554.64,344.02
3638,1238.79,1069.98,530.96,201.7,203.26,516.04,247.81,206.21,147.4
7671,2353.09,1974.48,876.3,424.92,405.28,956.46,416.13,553.98,314.98
8928,2887.61,2458.93,1188.02,572.16,469.39,1200.84,488.0,676.97,433.77
4148,1439.06,1171.18,438.09,284.42,230.38,585.1,249.71,209.34,195.07
3382,1046.02,932.9,404.54,224.87,220.65,346.85,212.47,228.08,161.3
3403,1187.31,1002.05,466.38,219.63,236.13,397.67,170.21,163.78,140.29
2819,985.84,844.23,313.59,162.79,169.96,285.44,166.7,175.66,114.15
5292,1734.62,1353.65,685.25,340.57,300.48,542.33,306.83,117.75,212.59
2819,869.68,723.07,303.53,186.12,187.7,287.23,189.75,219.92,127.47
2419,763.93,620.51,254.32,157.39,124.2,299.7,161.57,178.18,108.88
6219,1997.7,1766.56,784.6,395.13,322.54,762.04,423.63,457.7,255.64
6517,2055.89,1750.69,871.65,331.99,370.87,671.66,435.6,240.31,283.27
5302,1665.0,1519.9,560.25,335.06,312.65,599.75,348.52,196.12,240.19
9857,3436.26,2664.09,1438.03,587.14,650.14,1106.2,662.19,435.25,460.9
9230,2839.78,2597.14,1027.19,639.01,632.3,1059.89,493.77,672.05,443.96
3508,1181.03,1012.03,371.84,218.0,212.67,463.19,199.31,250.89,162.82
9795,2938.7,2717.24,1078.77,608.9,586.85,1320.89,623.67,366.02,394.74
9870,3255.22,2733.75,1070.68,689.73,535.55,1154.33,675.73,518.24,452.65
7693,2660.22,1957.19,804.18,399.05,454.07,1072.49,487.26,373.19,314.48
2767,869.94,748.58,387.08,153.64,189.46,334.51,149.86,163.37,126.31
4044,1250.71,1121.36,504.6,255.26,233.98,510.03,278.6,132.78,176.96
8626,2868.87,2355.75,1030.17,485.68,467.65,925.38,562.47,216.54,369.74
8662,2907.23,2555.63,1277.92,493.07,491.53,967.07,557.23,187.41,388.21
8298,2774.86,2450.62,983.73,563.04,500.3,1131.66,541.45,355.86,363.58
4139,1307.78,1204.85,448.46,254.91,256.5,616.1,261.51,317.86,199.92
5029,1572.12,1351.62,571.81,261.8,294.94,680.09,253.67,307.22,212.55
3549,1234.33,1014.53,397.3,199.52,231.29,364.52,195.45,230.5,146.81
8598,2976.33,2319.43,1074.21,442.98,530.4,921.23,594.39,659.55,415.88
3764,1215.27,984.77,431.26,230.07,238.26,460.3,209.93,170.6,159.72
8140,2786.4,2174.56,1024.04,435.21,547.48,1112.16,532.62,394.48,328.22
4645,1498.55,1177.73,619.94,311.88,312.67,503.04,271.68,193.1,203.78
5716,1836.09,1523.82,793.75,351.8,309.07,786.18,389.55,176.52,275.46
6605,2033.27,1803.41,895.03,338.09,412.59,844.06,403.92,435.82,292.73
7302,2346.28,2174.35,805.26,409.04,469.76,1012.99,457.38,543.28,326.41
6481,2118.45,1721.81,685.66,403.94,342.96,828.8,355.11,446.1,262.3
7693,2316.56,2270.38,977.95,436.27,514.32,1001.06,393.5,175.89,362.42
9898,3189.19,2587.76,1088.24,596.49,530.63,1112.9,644.67,375.62,429.94
8548,2898.35,2218.62,891.1,582.86,564.04,1162.61,438.96,474.63,404.2
4293,1433.87,1184.65,542.44,244.7,228.51,610.47,276.62,170.14,189.36
6837,2268.23,1939.15,795.41,387.78,443.28,981.55,417.81,198.32,309.5
9758,3371.17,2461.13,1344.73,647.88,516.81,990.17,647.94,510.36,447.84
4708,1416.64,1229.04,544.76,265.41,271.07,617.83,254.78,241.47,197.59
8793,2882.81,2398.59,1309.59,453.36,464.89,1314.35,534.88,550.39,377.57
9638,3270.82,2569.01,1329.33,516.78,534.08,1246.63,600.29,770.96,441.96
9993,3268.38,2854.31,1028.13,689.28,696.42,1084.87,514.5,588.53,481.96
8007,2531.77,2206.39,1004.43,549.81,417.59,1152.05,518.68,312.38,397.26
7542,2313.98,1945.97,966.36,411.01,438.41,853.87,435.78,583.62,341.21
2900,998.7,854.7,390.82,177.1,184.26,296.53,152.48,157.41,118.14
8208,2655.6,2172.21,1025.1,432.95,425.93,997.48,473.94,482.17,406.79
5084,1748.42,1456.85,631.29,322.8,265.29,533.89,264.2,210.75,224.75
8356,2751.57,2414.85,989.32,448.77,441.74,883.75,566.2,393.65,342.8
4009,1337.84,1195.31,455.31,204.44,252.17,493.77,237.07,180.88,199.34
2241,762.42,616.11,330.12,149.02,152.81,292.75,118.24,170.7,95.93
8636,2875.42,2424.92,1000.74,488.0,574.46,1254.55,475.34,592.22,402.16
9380,3000.69,2502.06,967.74,489.36,653.42,1268.76,604.94,238.65,388.72
9860,3211.22,2799.34,1068.47,657.45,607.01,1401.4,648.02,382.88,465.35
4385,1491.57,1197.85,626.46,286.11,303.57,528.78,222.87,102.35,218.21
8116,2586.43,2206.6,1049.66,516.79,455.3,940.88,415.52,413.96,404.59
6268,2002.04,1835.1,870.87,427.63,366.24,812.6,428.38,230.45,258.63
2671,814.08,674.45,375.11,159.68,154.71,359.98,151.23,65.18,127.37
2163,747.81,636.13,305.33,113.69,110.2,277.76,116.51,143.45,100.89
2464,750.42,720.98,314.24,126.22,164.09,278.99,129.26,62.75,118.31
5042,1676.01,1388.15,548.85,284.21,254.59,597.41,300.1,182.99,218.48
6592,2113.79,1809.57,708.06,341.05,425.83,806.96,431.26,437.04,290.16
6795,2176.31,1821.67,874.51,412.53,395.07,684.31,410.57,344.47,295.03
4442,1483.53,1331.31,525.6,223.39,222.66,639.61,223.94,306.62,211.73
6798,2062.21,1737.29,869.48,400.23,379.32,853.63,405.69,305.02,326.92
8036,2649.35,2246.15,1003.89,430.48,457.43,1105.36,451.89,553.61,341.47
4355,1474.61,1237.19,566.63,249.83,301.78,472.93,277.23,227.72,199.14
7887,2692.71,2340.2,801.36,500.83,498.63,1008.21,476.93,199.36,325.42
6278,1936.93,1814.41,638.11,357.97,382.15,918.51,435.11,303.16,251.95
6724,2318.91,1897.46,915.0,382.1,353.29,744.44,416.64,357.8,309.98
9961,3315.09,2548.43,1092.29,695.43,575.97,1168.35,624.05,565.05,482.13
4557,1568.03,1224.41,604.3,293.36,231.11,544.18,275.26,344.84,223.59
7827,2538.01,2011.09,996.6,471.79,510.58,932.71,440.03,242.74,361.64
2545,832.47,748.38,379.43,156.74,135.54,330.93,159.35,143.44,122.38
7683,2657.95,2208.72,1089.22,479.45,475.49,919.57,435.31,500.33,338.38
6719,2318.02,1934.24,810.69,339.25,429.93,898.35,432.35,493.16,327.57
5835,1881.25,1649.05,763.34,301.12,334.52,724.87,319.39,300.61,278.6
2593,813.48,713.99,274.51,163.32,162.46,279.74,148.72,85.15,111.72
6839,2186.14,1761.03,816.02,391.8,446.48,1008.26,421.78,472.31,314.4
9394,3000.33,2503.36,1284.11,480.12,504.29,1051.9,587.78,698.0,380.58
7864,2472.0,2019.84,1031.23,439.99,487.7,1007.56,498.36,207.47,326.09
5804,1819.14,1661.37,720.99,305.32,375.39,598.01,371.49,196.08,287.1
3459,1186.62,892.46,376.43,236.34,197.65,504.78,194.97,250.04,138.7
8044,2441.3,2293.39,1127.43,434.85,428.34,1177.64,545.8,394.68,338.11
5493,1834.01,1563.38,624.33,290.44,306.08,649.42,277.94,165.59,227.34
4601,1420.06,1255.91,648.85,287.67,315.91,487.93,247.39,270.16,216.19
8164,2589.83,2096.2,1066.06,493.42,466.56,1130.71,419.65,387.77,335.19
8697,2635.86,2311.14,1031.78,535.03,453.58,983.74,551.66,679.04,349.63
4444,1393.19,1182.12,453.42,260.95,229.55,600.08,246.52,148.26,219.11
4672,1581.1,1331.61,521.49,277.25,250.47,680.98,252.21,194.96,227.66
6200,2134.35,1585.26,895.61,406.57,325.81,802.97,369.6,185.81,270.22
8335,2592.82,2429.26,1174.39,453.41,499.27,1192.42,519.95,191.57,341.78
2016,651.53,580.71,259.55,116.79,114.81,224.24,125.77,73.45,94.31
5191,1679.37,1346.11,640.13,358.99,346.9,755.4,317.42,359.16,253.48
2392,822.08,684.01,316.6,128.69,161.75,266.31,167.06,86.19,118.99
2424,819.65,687.02,298.91,135.44,144.14,269.77,162.9,149.76,100.11
8272,2693.81,2377.42,1093.68,445.29,560.6,1191.11,453.12,426.52,380.53
9297,3100.9,2412.07,1072.6,468.66,548.61,1187.65,605.93,475.84,411.91
2571,880.23,663.01,364.89,142.42,161.56,359.87,157.82,171.98,106.87
5631,1691.99,1474.33,760.72,286.78,299.85,789.04,289.49,321.34,270.73
8172,2616.22,2192.5,952.03,433.88,417.19,1081.55,416.7,241.82,390.8
3120,1077.53,903.81,441.58,178.63,165.99,341.5,205.9,103.73,154.9
9177,3092.79,2632.85,1141.32,462.65,505.07,1235.27,558.88,482.96,374.93
2241,733.13,663.95,243.67,145.8,145.71,231.23,137.66,158.48,94.99
5897,1925.27,1491.54,612.61,388.68,315.31,648.87,334.51,171.83,284.68
6095,1934.48,1527.27,822.7,354.9,320.68,805.43,418.16,160.99,267.9
4279,1395.07,1219.33,612.99,298.22,293.33,622.13,275.0,218.45,191.53
2788,927.76,735.93,391.36,177.26,177.81,386.37,191.13,87.32,128.57
9451,3033.0,2520.62,1254.93,613.13,562.01,1102.2,491.31,752.81,416.64
2714,911.11,752.7,290.58,146.14,140.85,383.18,167.38,54.99,109.52
6854,2351.34,1748.6,717.63,457.5,459.46,1016.65,430.09,321.67,315.56
4849,1492.2,1368.07,568.55,334.1,252.95,565.38,254.67,144.27,205.06
2775,895.15,738.86,396.12,151.87,172.66,303.42,157.97,168.9,137.89
6026,1930.74,1697.14,892.37,384.03,381.77,662.11,327.19,348.35,282.64
8869,2965.56,2587.09,993.93,575.94,514.43,1064.42,618.07,606.85,429.32
4247,1327.16,1098.09,586.53,238.27,289.75,435.81,258.51,228.51,210.41
9088,3017.33,2694.99,1169.57,540.74,463.62,1130.44,511.7,285.02,369.28
2078,714.57,574.64,211.1,107.95,137.9,283.89,131.52,48.21,86.21
9099,2919.93,2694.64,1156.9,486.45,555.73,1151.23,574.97,576.23,437.48
5926,2047.73,1543.05,831.4,303.6,368.74,880.03,337.47,274.94,289.47
2855,998.27,800.05,324.92,174.74,199.1,351.41,199.5,95.17,114.34
9340,2851.54,2523.62,1353.07,583.8,575.84,940.19,618.11,327.92,461.88
8610,2683.33,2485.8,962.71,588.26,567.75,1063.39,499.43,249.19,383.52
8724,3031.76,2445.3,905.76,530.8,462.99,1278.01,551.37,322.92,389.32
7535,2621.55,2070.06,813.76,416.02,498.71,789.62,483.83,508.77,367.61
9083,2769.27,2685.38,1288.42,464.95,592.41,1009.56,485.73,519.91,389.62
8592,2584.04,2310.01,1038.47,581.67,595.96,1166.6,580.5,680.86,393.81
8230,2535.29,2148.02,1150.94,490.32,565.52,944.02,547.47,423.49,356.7
4148,1450.97,1163.12,524.98,268.57,225.15,573.51,270.09,212.75,170.63
3031,936.58,852.32,375.93,152.44,179.73,366.65,165.05,95.43,132.11
6940,2256.38,1887.37,974.0,414.75,473.51,970.24,365.91,383.0,289.61
5271,1804.9,1446.0,638.71,297.89,331.1,672.46,282.58,297.82,238.3
5576,1678.49,1661.52,781.21,282.18,330.51,580.59,289.17,180.62,252.58
6182,2041.45,1771.97,649.31,405.0,322.57,737.55,425.36,156.27,274.31
8186,2569.19,2091.77,1079.04,493.27,466.89,955.0,548.71,344.85,341.67
5456,1872.04,1421.87,737.27,309.16,345.39,766.59,282.71,165.46,224.72
9788,3075.13,2924.45,1418.82,647.14,641.49,1284.62,622.12,491.28,401.76
5506,1840.86,1576.5,612.36,324.52,324.54,764.62,302.34,283.93,226.42
2407,803.24,711.88,313.42,120.52,123.04,285.49,121.18,135.97,103.38
9650,3001.87,2559.11,1174.05,664.78,604.7,1298.77,538.93,542.04,386.18
4711,1421.5,1352.5,561.26,259.64,322.38,486.47,277.01,284.98,191.37
5088,1630.51,1453.64,535.95,338.92,304.91,518.14,256.44,172.11,227.46
3668,1153.44,971.05,391.42,243.29,251.51,419.52,207.15,234.2,153.42
2147,730.94,595.88,304.55,114.32,122.56,297.76,137.42,110.55,91.53
8420,2862.95,2369.14,1157.65,500.82,570.26,1066.85,459.47,389.33,366.55
6327,2042.68,1733.96,753.65,321.44,415.85,762.03,377.71,372.49,255.59
5897,1947.93,1718.14,833.98,336.67,408.28,854.07,399.53,295.3,248.85
3950,1304.34,1151.99,410.95,255.25,259.99,493.23,199.74,203.58,188.68
2365,807.31,691.83,310.38,129.46,133.46,309.03,155.41,50.6,102.66
9395,3018.14,2726.16,1347.33,491.76,638.97,1402.59,541.88,640.01,393.29
3674,1152.8,1008.16,521.5,220.96,232.91,463.36,223.46,166.99,154.23
6531,2045.85,1757.31,774.83,396.69,347.72,908.95,356.71,333.63,325.55
6494,2122.3,1893.45,891.38,412.48,330.67,783.77,399.89,281.8,269.4
7330,2363.61,2012.16,889.67,477.79,420.13,746.32,473.62,389.16,359.57
7510,2418.27,1970.01,1066.47,480.01,493.69,1064.34,405.77,174.55,306.45
4546,1384.52,1251.82,575.24,304.16,283.51,669.26,258.51,195.64,221.59
8683,2916.88,2232.33,1200.36,472.86,525.69,1056.89,532.68,522.03,391.34
2562,795.98,729.1,266.27,157.29,128.29,320.72,149.46,195.5,118.08
5562,1723.37,1483.92,720.29,318.16,326.55,674.15,310.71,394.63,236.16
4489,1439.34,1180.75,572.41,310.83,238.61,672.66,265.0,349.11,219.9
7380,2298.05,2197.95,963.08,433.99,436.09,1071.34,411.93,493.65,338.53
2772,912.52,800.68,373.62,191.81,193.58,282.9,155.34,160.66,129.61
8493,2705.64,2457.48,1239.17,555.28,574.05,1180.11,528.37,385.55,387.01
4037,1301.71,1135.15,562.29,259.86,226.93,524.98,240.37,110.57,166.54
5423,1772.55,1583.29,601.85,324.47,335.52,549.12,344.59,190.07,262.27
4567,1416.58,1315.1,645.29,268.85,274.21,558.25,304.84,165.65,191.06
7439,2289.63,2082.46,789.31,450.29,391.3,799.59,512.24,339.76,319.28
8281,2848.84,2468.2,1085.72,462.68,577.98,1189.59,439.12,468.63,386.68
3573,1149.38,927.48,515.0,243.29,209.03,359.57,223.4,204.09,146.25
5694,1825.52,1692.08,598.19,375.16,342.28,817.97,351.02,269.51,280.91
7087,2138.72,1914.0,1009.79,467.94,446.14,1042.09,477.23,258.52,292.28
8511,2765.21,2352.61,1190.95,499.28,458.15,882.16,578.05,199.07,397.22
5291,1733.91,1355.22,662.37,272.07,288.07,719.53,345.03,419.74,245.24
9504,3116.76,2632.66,1097.19,605.04,511.8,1211.23,588.39,725.85,446.5
3246,1088.55,910.7,390.4,186.61,187.26,479.48,175.24,100.55,143.91
5719,1766.45,1715.04,848.89,385.51,308.79,800.13,317.59,322.12,250.62
5839,1825.34,1744.46,642.79,383.08,400.13,786.63,362.34,220.36,290.65
2359,803.33,703.74,304.26,124.81,151.65,345.06,124.52,74.7,113.64
7016,2437.07,1876.21,730.8,435.23,476.78,757.85,376.61,428.43,314.7
4376,1342.54,1310.89,485.28,279.38,293.06,519.86,298.57,293.94,183.02
5009,1627.34,1366.32,692.07,307.37,320.89,712.01,346.25,222.38,244.97
8606,2673.96,2518.05,990.81,518.78,472.08,904.31,431.2,202.62,400.07
4993,1512.9,1302.25,745.4,272.4,311.1,732.83,335.78,220.14,206.5
2962,936.81,815.41,370.37,162.08,159.14,406.56,203.67,153.82,123.9
5632,1730.06,1680.03,708.66,368.11,296.52,686.92,340.82,414.48,255.74
3827,1283.95,1137.96,389.65,192.78,239.77,447.51,225.71,227.36,172.36
9549,3119.53,2713.7,1411.59,626.21,596.74,1025.37,652.92,598.05,421.04
8979,2758.27,2602.93,976.12,543.55,477.08,939.95,450.3,288.75,397.49
3613,1085.57,935.12,458.55,248.3,206.12,437.82,241.38,228.4,150.74
3640,1239.08,1041.34,436.01,254.61,186.83,517.44,203.59,182.4,154.9
4216,1301.94,1184.29,509.21,266.75,271.15,533.71,264.86,291.85,189.41
6312,2084.92,1606.89,834.23,367.64,440.26,773.58,356.4,208.18,256.5
2377,753.14,607.7,316.39,141.44,154.03,275.62,143.71,120.97,103.46
6214,2046.11,1587.19,669.34,336.08,415.61,670.16,411.16,202.38,261.63
6285,1984.69,1798.88,785.5,326.72,374.13,939.64,337.04,233.52,262.38
8910,2711.73,2290.63,1243.16,548.64,462.53,902.46,563.81,623.1,369.46
2369,737.11,647.65,289.41,156.61,152.88,273.83,161.01,145.14,98.08
7897,2443.35,2115.2,855.17,436.19,435.36,1093.49,537.16,503.11,328.55
4196,1348.6,1164.5,485.31,245.02,242.39,528.81,284.83,101.17,183.54
5747,1913.26,1639.76,635.73,351.12,368.16,664.89,346.94,366.23,235.71
2651,830.27,753.51,281.78,180.69,180.52,396.69,173.25,131.18,129.82
7978,2398.21,2200.14,948.42,421.02,476.49,1044.79,470.2,379.34,358.84
7607,2479.48,2078.36,966.45,416.39,526.65,872.96,450.36,340.47,342.68
2769,914.57,747.33,286.97,189.32,167.24,394.3,154.17,196.9,116.61
4421,1539.14,1295.78,575.58,224.55,231.88,475.29,246.27,135.49,215.18
2780,915.94,740.99,416.03,175.48,167.82,342.44,141.1,191.39,134.22
3716,1202.34,977.19,550.73,233.33,249.76,527.6,225.3,281.3,149.91
8303,2728.95,2384.34,1174.53,478.79,504.5,1238.67,466.42,249.87,392.93
8494,2942.28,2276.29,962.52,504.23,551.73,1012.08,456.58,679.31,355.41
5983,2042.71,1749.13,605.0,401.45,364.72,639.62,313.71,475.24,272.56
3311,1046.77,882.03,469.09,176.48,201.71,424.96,188.53,189.65,161.26
5359,1671.27,1527.84,550.83,292.77,298.47,788.84,364.31,193.52,264.42
9035,2829.14,2279.13,996.39,544.33,488.12,1204.19,545.06,413.6,378.07
7345,2388.75,1977.85,934.45,427.44,408.22,955.64,449.06,221.99,362.81
2522,850.42,673.78,274.69,155.07,148.34,291.2,128.84,68.63,102.63
2521,819.73,733.19,357.2,172.48,166.87,328.53,152.26,156.91,123.76
6878,2086.72,2052.07,955.07,470.06,457.94,992.04,435.74,376.85,328.24
4320,1452.29,1179.55,595.25,235.87,230.12,513.11,229.02,232.48,212.28
2935,998.78,854.79,413.27,164.49,179.2,329.02,204.48,102.33,128.15
9569,3009.21,2727.02,1062.02,509.47,558.07,1187.01,653.58,326.25,472.78
4230,1409.46,1262.1,577.16,289.99,259.8,502.56,295.52,335.79,203.82
6040,1940.83,1754.95,711.3,350.06,380.23,745.92,345.53,348.67,261.43
7784,2681.25,1976.15,1037.94,459.21,432.73,815.66,517.22,538.4,337.74
6583,2253.11,1880.53,698.46,434.83,450.18,768.96,372.43,281.16,286.84
7946,2592.55,2199.25,1074.93,478.82,545.96,1122.99,516.35,561.15,364.62
6941,2322.29,1740.95,1031.47,363.67,361.68,833.03,478.63,439.66,290.27
8267,2845.23,2170.63,844.72,485.74,529.59,1226.78,438.98,339.01,366.52
9128,2964.65,2702.69,955.62,571.51,462.47,1236.32,482.02,575.63,371.3
5697,1798.33,1688.04,604.92,366.8,290.16,673.97,296.75,430.34,248.29
4837,1633.37,1402.45,587.83,304.28,334.51,544.56,319.08,158.77,225.73
6083,1891.83,1819.36,696.74,318.65,388.69,816.75,385.25,321.53,279.18
4461,1424.96,1295.15,626.08,250.2,252.01,513.56,269.65,347.95,192.56
8099,2780.28,2028.88,1001.76,523.77,513.46,1185.25,530.31,561.13,344.79
7844,2637.32,2073.89,974.44,530.28,524.89,830.03,525.54,448.81,339.42
5243,1678.76,1318.78,712.27,267.1,353.47,531.83,361.72,126.81,213.37
5359,1665.24,1364.97,632.89,272.48,270.15,595.12,289.52,237.83,228.16
9602,3051.5,2505.57,1129.77,603.66,637.23,1251.44,564.92,566.96,452.07
2685,843.64,738.85,370.12,163.68,180.07,380.59,183.82,119.7,112.2
4160,1284.63,1216.29,578.25,220.92,257.55,451.39,246.38,332.07,172.15
9031,3044.95,2646.97,909.6,550.58,538.23,1167.13,539.63,588.85,437.65
5988,1871.87,1681.49,641.85,416.1,312.69,641.96,412.27,186.97,253.68
6066,1957.55,1798.02,671.23,379.84,332.37,777.41,392.43,299.8,257.87
8265,2638.96,2272.9,971.8,487.49,494.33,834.01,504.5,355.71,368.87
3567,1245.25,1050.31,408.68,237.39,240.06,456.18,203.84,198.43,159.51
7341,2345.85,2001.91,979.48,398.3,484.97,925.62,501.44,343.51,307.31
9798,2978.58,2585.31,1385.5,571.09,587.08,1000.79,491.65,335.82,446.41
2038,620.55,602.88,223.37,123.41,133.92,274.05,114.98,129.34,95.7
4544,1497.42,1224.14,582.31,273.05,296.79,584.42,313.18,119.96,203.78
6875,2268.53,1891.8,813.94,470.38,423.36,901.69,412.25,357.01,336.56
3256,1044.97,867.54,407.94,181.86,177.15,411.85,203.43,125.71,162.53
4990,1604.75,1412.88,653.88,255.14,284.23,679.14,302.66,389.18,225.98
9697,2935.25,2906.69,1402.96,662.57,516.67,1224.25,561.91,370.56,482.2
4196,1367.17,1054.35,459.94,228.02,210.4,613.09,265.63,169.76,194.97
5468,1778.4,1613.02,570.59,314.85,282.21,804.76,357.22,341.34,247.64
9165,2818.03,2293.05,1203.92,555.56,597.49,1249.5,525.05,253.95,446.34
4708,1436.84,1262.74,563.58,327.29,238.55,685.43,291.0,185.86,233.82
9805,3002.08,2533.91,1060.36,595.22,568.66,1433.08,506.48,605.51,490.15
8023,2447.43,2309.56,849.27,472.99,559.33,907.4,489.02,175.26,381.83
2301,760.45,581.07,294.4,141.91,151.65,344.45,149.46,88.96,103.21
9527,2951.69,2645.4,1095.83,661.33,619.37,1080.09,587.86,195.26,409.28
8381,2619.66,2218.84,1256.07,556.15,465.1,845.87,566.3,243.16,382.0
2646,816.76,679.18,318.3,141.24,166.26,391.9,147.45,148.84,126.41
6758,2351.05,1950.3,747.53,446.47,405.31,751.39,404.37,320.35,272.13
8379,2871.74,2185.84,1101.36,559.9,523.49,1082.62,433.61,246.02,357.59
3759,1171.02,981.79,421.81,239.88,220.71,558.34,240.58,92.78,163.69
8346,2640.49,2201.29,1040.78,527.01,505.93,855.24,491.23,195.13,398.93
6351,1971.95,1774.08,788.34,373.55,443.1,720.62,384.92,159.55,293.01
2597,842.97,734.91,318.59,163.18,146.95,338.76,136.52,66.91,114.94
2661,800.91,667.59,372.02,172.3,144.57,367.56,186.13,67.0,130.9
6330,2111.49,1659.05,701.56,332.05,373.28,888.53,414.23,147.52,287.26
3368,1098.5,914.58,489.09,185.73,203.72,485.64,195.39,208.22,159.1
4581,1580.13,1221.29,639.36,246.83,236.9,496.68,281.27,350.34,213.27
9003,2774.9,2648.76,1050.26,601.62,595.27,1066.87,561.56,642.44,437.41
5868,1996.33,1698.11,639.79,373.21,342.93,796.36,406.16,210.96,282.39
9948,3378.32,2798.32,1133.84,587.09,579.61,1350.6,650.28,320.89,496.31
5537,1696.31,1477.84,645.79,368.33,349.81,638.98,315.57,126.66,242.48
6865,2196.31,1956.76,877.67,441.66,449.42,790.92,477.49,201.57,285.92
8684,2679.08,2537.31,888.53,592.87,605.44,1007.62,486.62,469.51,413.34
6308,1972.74,1764.61,919.19,325.09,337.29,912.16,388.19,503.93,307.5
6558,2053.72,1896.72,688.16,394.68,373.22,954.03,419.8,469.17,265.89
8579,2812.3,2466.08,977.69,550.21,457.82,864.26,475.47,436.63,371.72
2282,731.54,635.74,240.67,123.57,154.3,265.28,157.75,103.62,109.7
9729,3379.72,2584.11,1097.76,550.1,593.18,1163.61,528.5,280.87,455.65
5678,1739.28,1631.23,805.62,331.48,380.7,846.7,334.07,256.17,270.01
3486,1215.51,907.54,455.83,229.68,242.99,513.17,186.84,194.14,158.38
6082,1894.74,1757.54,677.33,364.14,371.03,799.27,410.53,338.94,266.5
7526,2548.63,2184.25,1080.64,450.49,394.08,769.84,409.66,402.29,362.11
6183,1959.69,1799.92,865.84,362.43,353.82,677.41,313.45,429.35,281.61
7163,2200.14,1960.12,986.22,390.9,363.33,871.81,363.73,362.48,323.41
2460,843.52,638.68,350.26,168.42,164.79,363.96,143.36,118.99,116.48
4325,1364.29,1102.82,566.5,243.74,217.8,452.98,261.47,165.85,181.26
5754,1915.75,1652.37,719.66,353.0,355.85,803.07,292.49,177.31,263.88
4468,1466.94,1314.99,530.34,236.69,232.88,489.51,231.7,89.74,192.32
3724,1205.04,1052.19,414.06,218.54,186.76,466.96,193.46,146.45,149.76
3376,1096.49,868.33,431.69,229.82,186.1,467.06,213.94,195.76,160.32
4743,1596.55,1407.46,685.24,331.58,289.5,638.53,265.59,253.91,212.23
2514,765.23,752.83,326.06,143.89,129.48,348.91,153.99,130.3,123.27
2702,900.87,734.05,394.44,143.42,168.33,380.12,139.08,179.26,121.59
3653,1259.52,1021.89,430.49,205.62,231.75,421.14,247.83,124.1,146.49
4066,1231.55,1174.51,547.92,229.91,282.16,480.61,228.06,246.86,179.26
2022,620.82,579.95,267.78,127.16,137.48,284.67,132.57,114.1,84.34
4460,1497.81,1330.82,595.51,267.26,273.56,454.62,296.74,179.91,219.48
7149,2301.01,1828.31,945.47,467.32,470.89,898.79,498.7,236.72,317.83
7926,2537.73,2211.64,880.44,507.47,453.94,1157.36,513.77,426.11,357.52
8251,2531.81,2348.21,884.34,454.02,509.2,1190.21,485.62,632.93,360.2
9534,3101.78,2807.81,1419.91,626.24,553.61,1336.81,505.8,234.36,431.15
3304,1012.11,970.4,337.88,221.2,187.47,333.96,168.36,255.0,134.9
9295,3010.01,2778.28,1146.88,575.99,600.02,1342.05,629.51,445.1,414.44
5300,1792.36,1460.7,642.65,363.33,296.45,771.59,312.35,331.79,247.16
7230,2262.36,2107.82,853.15,474.71,416.53,962.92,469.94,493.03,316.11
8279,2682.72,2246.62,1151.6,512.54,474.75,951.64,496.13,240.84,363.67
2361,825.41,640.1,324.09,160.84,159.15,293.94,159.59,53.59,114.21
9353,3127.01,2456.73,1358.63,579.95,499.53,1291.94,607.88,259.17,424.31
5727,1959.02,1666.05,685.95,346.05,330.04,805.51,296.14,231.7,262.73
9751,3127.56,2918.38,1250.17,557.03,660.7,1142.5,634.23,754.66,418.98
8272,2799.19,2174.02,1196.26,559.66,416.13,962.06,457.74,186.67,370.83
7995,2414.69,2021.19,1196.79,419.37,551.31,1093.79,523.36,601.13,324.11
3284,1005.38,954.91,487.56,195.3,223.24,441.1,226.5,176.28,145.49
2514,779.73,706.46,341.63,152.72,146.71,315.91,172.47,65.72,120.74
2448,783.6,729.47,262.33,149.56,154.37,296.24,128.52,71.4,101.87
8019,2744.8,2105.89,811.2,505.5,559.9,1065.39,409.72,492.04,382.06
9271,2941.81,2350.67,1309.63,557.33,566.45,942.13,607.62,523.88,405.53
7602,2529.42,2087.68,1079.84,419.15,394.83,788.97,488.04,228.42,306.14
7343,2463.32,1867.13,1008.33,493.0,492.52,944.71,393.02,545.29,363.71
3855,1269.49,1014.21,439.46,243.45,203.09,426.03,245.53,107.84,161.19
6969,2215.18,1786.15,919.84,468.06,384.31,966.87,350.61,353.29,302.09
5562,1829.08,1452.83,644.15,308.81,375.27,770.99,348.31,287.54,249.22
4520,1433.35,1153.99,553.85,283.59,249.15,612.45,301.24,326.48,223.71
5081,1545.61,1512.59,605.26,326.62,329.77,737.66,319.27,108.37,232.77
3428,1198.57,904.75,499.4,197.69,202.09,366.94,175.88,96.63,168.16
5967,1828.04,1624.19,666.56,395.28,389.02,674.04,416.61,180.45,272.36
8445,2564.05,2490.69,1088.4,422.67,461.49,951.03,482.39,200.76,355.15
8374,2880.04,2377.09,988.54,518.34,488.97,1164.99,482.42,484.76,382.22
7850,2473.47,2205.08,1045.26,488.83,442.45,989.63,405.81,265.14,321.88
2922,971.61,833.58,374.68,177.3,160.65,329.12,155.87,159.54,120.3
5137,1625.61,1497.13,751.02,321.58,289.15,548.74,284.71,343.96,211.42
9080,2901.72,2668.46,954.13,484.37,512.66,1313.43,599.14,404.17,364.31
4159,1302.21,1173.39,461.78,264.91,287.42,559.83,265.49,275.04,172.65
7132,2261.93,2100.38,986.48,404.5,432.66,901.67,439.85,475.51,310.45
7512,2407.86,2079.1,889.72,443.52,445.02,1113.83,505.39,268.97,305.9
4547,1527.89,1199.79,492.39,257.64,273.12,647.85,318.09,95.24,182.16
4979,1621.05,1463.85,623.2,296.14,348.14,542.24,287.27,130.43,204.75
8741,3034.69,2421.9,1159.12,545.71,551.31,1096.18,505.44,606.73,431.46
4281,1293.26,1264.21,437.7,285.83,274.28,532.15,277.07,189.73,193.74
4649,1511.64,1171.59,532.69,277.4,261.61,661.15,292.36,327.04,206.18
2313,761.47,624.22,324.91,130.6,137.46,248.54,116.27,122.24,103.79
4613,1596.14,1371.86,581.29,275.67,247.63,565.5,291.12,146.9,210.11
5083,1537.39,1334.2,517.29,324.17,323.81,670.08,327.31,318.88,208.8
4256,1398.84,1264.36,485.6,242.31,242.12,626.75,296.72,227.66,195.13
8093,2773.32,2409.25,1067.93,471.71,525.77,1173.19,499.62,332.69,391.23
3037,947.84,893.2,333.97,186.04,164.8,384.76,193.42,76.72,138.51
7752,2665.25,2156.48,1095.9,433.18,450.16,1010.36,509.89,202.62,378.53
5489,1651.93,1549.8,734.59,297.4,326.18,782.84,284.98,171.86,227.15
9604,3232.92,2818.59,1186.76,507.17,512.19,1317.86,621.31,579.85,463.48
9544,3308.48,2756.26,1391.34,544.51,490.48,1374.02,581.59,607.75,445.0
9187,3057.98,2586.18,1098.67,468.23,517.61,1330.25,477.74,531.51,422.94
4634,1491.92,1386.09,517.87,285.78,282.2,656.31,293.78,186.45,212.64
5983,1808.33,1700.87,796.16,320.2,377.25,601.11,327.21,277.78,246.44
3778,1307.21,1128.77,486.1,217.42,221.03,436.54,229.54,236.4,175.37
9902,3203.44,2503.91,1156.18,548.42,594.17,1189.98,550.74,590.07,435.57
7110,2143.31,1826.9,833.17,445.14,432.74,952.0,370.37,471.97,288.9
7189,2404.66,1959.53,862.04,481.71,433.05,829.2,395.52,247.79,302.32
5895,1910.52,1587.19,675.31,369.42,305.4,684.87,346.49,119.49,261.89
9378,2871.71,2711.52,1270.83,570.65,544.86,1125.46,561.58,337.48,468.24
3124,970.67,806.09,414.14,198.0,168.97,461.62,165.48,127.69,138.41
2697,817.8,805.88,329.14,136.47,163.64,328.65,152.16,209.37,111.92
4179,1373.7,1110.58,501.03,219.22,272.31,447.29,280.78,138.17,204.84
9790,3241.48,2657.46,1157.69,508.09,602.96,982.11,667.75,681.23,395.05
3404,1107.28,897.76,388.65,176.89,185.3,380.67,206.64,195.22,140.47
7251,2471.54,2022.8,756.17,400.33,392.68,1065.47,433.66,217.91,324.39
3043,1043.9,769.67,345.11,184.53,154.4,449.6,187.53,134.53,124.54
3929,1299.64,1011.65,456.0,205.46,229.96,496.82,213.31,198.84,179.62
8679,2609.24,2493.39,1105.57,596.27,509.09,1148.39,606.41,352.79,360.85
3013,1008.64,781.35,417.87,202.13,164.9,421.21,195.56,101.14,140.13
2226,714.32,582.71,266.64,154.56,145.32,228.82,121.93,78.29,91.66
9321,3059.88,2699.82,1372.4,473.97,538.1,1106.55,516.78,513.7,448.35
3828,1272.63,974.86,541.15,256.58,242.65,505.73,241.04,234.6,181.21
9909,3146.22,2694.0,1478.82,654.73,622.3,1435.94,559.43,477.0,488.06
7588,2624.35,1905.75,1091.23,516.3,471.18,1034.56,433.32,580.51,308.71
6917,2121.44,1849.19,904.99,418.89,471.47,812.77,453.89,440.71,315.09
4023,1341.97,1146.35,522.68,264.54,202.43,585.34,222.63,295.71,189.44
6966,2091.32,1772.88,741.71,355.45,357.78,928.09,446.55,338.13,341.52
4452,1541.43,1310.74,606.01,229.36,286.9,630.01,305.84,93.02,199.54
8345,2550.44,2465.74,1084.94,437.03,476.25,995.35,437.97,463.35,413.19
4085,1244.88,1042.69,512.04,278.99,284.85,408.94,216.04,282.26,168.4
9085,2876.77,2721.29,1223.43,465.36,493.57,983.98,625.57,474.17,402.76
7891,2514.69,2090.14,964.3,410.36,423.5,1154.92,426.67,426.7,335.62
6283,1952.22,1597.17,792.87,431.07,388.07,638.71,316.78,493.2,261.08
3080,1014.11,770.78,369.35,160.62,171.21,399.79,207.5,129.26,132.03
7036,2266.62,1902.72,955.97,474.19,399.71,847.53,391.53,479.24,328.21
9187,2771.8,2586.05,1321.37,604.37,628.58,1116.03,514.17,462.15,411.87
4320,1365.04,1151.75,613.62,219.48,218.27,518.58,235.61,206.59,180.64
5190,1767.31,1514.63,722.97,261.77,314.64,536.5,354.75,149.13,209.25
4630,1548.67,1323.39,466.19,280.98,262.51,491.32,303.21,300.5,227.96
4563,1534.28,1220.64,664.35,319.15,259.73,470.66,282.61,316.66,196.85
5292,1772.32,1517.3,601.93,357.62,290.83,543.46,312.57,242.65,218.43
6621,2089.25,1966.6,956.06,372.1,348.91,690.44,350.06,435.74,274.52
5586,1703.64,1422.5,613.61,322.46,283.15,753.17,382.75,306.49,237.6
9895,3103.3,2625.19,1207.01,571.52,690.21,1046.0,643.11,350.81,418.64
9908,3384.47,2706.53,1362.05,640.88,626.26,1120.34,550.66,747.29,424.02
6431,2244.57,1767.88,848.98,365.43,421.51,854.34,443.42,397.48,271.74
8841,2870.61,2449.93,1067.96,468.18,453.54,933.73,607.41,642.74,391.71
7174,2155.68,1901.33,960.82,465.89,360.83,1043.91,453.33,264.63,341.88
8643,2653.42,2449.11,1101.53,511.32,535.92,1070.64,602.42,648.07,348.07
4947,1563.77,1396.31,562.9,254.95,318.97,732.91,265.88,207.18,207.3
5959,1960.09,1661.91,788.47,392.11,345.01,653.26,385.12,122.59,280.79
4813,1461.97,1230.63,530.45,296.99,277.98,488.67,255.3,117.93,199.69
4583,1591.07,1255.05,617.33,274.01,264.39,593.56,292.55,116.23,217.3
2161,687.75,578.74,216.44,137.15,114.65,251.62,147.81,70.08,97.57
9837,3399.95,2700.77,1253.61,591.28,640.17,1265.23,597.32,306.83,480.2
2593,879.09,767.77,311.3,163.28,140.81,320.71,169.22,60.87,103.98
8034,2713.66,2201.53,925.16,541.09,453.83,987.04,424.7,592.29,384.38
8302,2742.45,2081.3,1044.27,516.97,526.56,1183.52,520.24,578.64,379.58
5259,1742.51,1430.14,695.58,332.33,262.96,576.34,269.6,345.88,235.02
6155,2042.85,1791.3,912.57,383.32,402.08,769.26,312.29,300.04,255.17
4962,1644.59,1434.03,702.88,300.81,337.33,599.41,311.02,225.82,210.09
5888,1929.42,1623.14,799.93,314.65,300.48,787.16,361.85,268.03,281.8
5390,1882.84,1414.81,668.08,305.69,333.28,552.51,304.99,192.46,223.63
7997,2691.91,2185.22,956.5,510.71,465.18,1011.39,481.89,451.79,362.05
8354,2830.73,2323.96,848.99,488.79,430.81,1035.29,532.04,196.69,351.51
6501,2233.89,1950.26,766.82,377.85,413.75,966.56,408.88,386.99,291.85
2663,827.61,751.52,379.26,173.59,165.76,366.94,137.07,135.36,113.3
3132,952.72,891.72,373.34,156.95,196.86,337.47,199.08,216.08,136.28
7195,2332.22,1975.55,885.56,457.46,476.81,902.69,454.66,563.83,345.54
2541,827.61,680.29,288.64,151.91,141.63,353.67,161.08,184.47,102.58
7433,2538.07,2160.38,845.18,427.66,472.3,938.26,497.62,469.73,366.02
7093,2285.29,1948.78,731.24,402.96,460.1,835.8,436.46,326.04,306.37
7236,2377.33,2168.88,945.67,386.82,386.23,859.87,497.53,237.86,332.57
4974,1623.28,1357.19,608.83,281.95,343.91,588.67,346.19,297.9,209.99
2867,865.58,726.5,373.56,165.79,162.84,289.56,186.46,92.02,124.96
9871,3264.94,2804.64,1257.02,579.91,634.45,1347.69,564.36,209.42,440.21
4066,1388.14,1025.98,569.01,257.97,264.62,530.79,214.94,221.17,190.64
2431,748.44,638.2,334.39,143.6,146.06,275.76,161.43,106.11,118.46
9852,3248.37,2637.25,1365.22,649.5,517.96,1295.55,521.49,714.87,479.41
6835,2253.37,1961.47,854.11,429.2,379.43,789.01,361.73,401.53,296.43
7469,2302.01,2051.82,879.06,401.77,408.44,837.79,510.74,439.44,305.39
6278,1922.16,1578.49,920.81,348.7,379.02,860.45,384.2,422.34,309.19
8256,2881.37,2318.64,848.0,425.89,455.94,1159.6,461.24,331.39,332.77
3206,1024.91,867.45,345.07,220.94,195.36,420.9,222.05,248.43,156.49
4528,1409.89,1340.7,547.8,306.69,252.5,630.33,290.46,150.69,182.29
3169,977.85,871.41,414.18,163.82,158.51,374.85,192.35,229.12,157.71
2830,943.47,807.82,284.16,173.99,162.06,293.16,160.15,211.26,113.52
3651,1206.55,952.7,496.41,252.68,226.86,475.52,231.96,81.57,146.66
3136,1041.71,903.32,401.21,203.66,205.33,353.74,202.64,181.6,141.39
4810,1464.17,1375.89,597.57,287.81,243.23,667.98,309.0,312.48,224.47
2475,853.07,730.63,299.91,135.68,136.54,291.82,133.42,191.14,107.73
4810,1536.62,1210.63,605.94,267.34,335.3,642.3,307.57,168.75,221.54
3326,1049.91,905.92,359.5,215.27,183.72,424.54,204.98,178.64,161.17
7066,2283.15,2006.45,745.01,463.61,463.13,995.42,473.43,469.09,338.86
9992,3192.48,2545.54,1143.9,605.25,601.39,1415.02,624.45,288.78,488.02
3019,1036.06,816.73,409.0,158.25,158.33,312.21,159.78,214.89,125.57
7237,2507.35,2150.17,936.57,497.02,454.98,830.49,407.95,320.01,305.74
3836,1209.0,1042.61,475.69,256.61,265.94,550.63,248.87,223.97,175.98
6256,2147.04,1872.23,804.37,330.38,423.76,751.97,405.38,140.9,295.51
4448,1508.21,1124.64,569.18,227.45,283.81,559.31,242.21,148.46,182.7
6293,2180.78,1799.12,725.91,382.09,379.11,686.99,359.28,306.41,262.77
3283,1025.24,916.12,344.3,182.81,185.12,419.02,165.16,122.63,161.62
2659,874.41,731.3,385.13,148.01,151.93,301.08,150.59,205.99,107.05
7871,2469.35,2349.83,1023.2,407.28,448.05,1113.44,397.7,532.83,346.47
7166,2445.07,1837.95,966.6,494.94,490.45,788.35,483.4,515.18,301.75
4010,1204.07,1182.15,494.03,267.08,217.45,473.15,253.97,192.4,191.45
2398,787.12,682.38,330.5,125.36,138.03,251.2,166.38,116.11,116.63
3733,1183.21,981.59,482.4,252.1,218.9,483.05,253.24,255.01,158.54
7678,2427.28,2265.65,788.45,488.77,446.69,1129.42,476.57,332.09,352.41
4125,1370.51,1119.79,596.08,233.1,206.6,448.21,247.74,201.51,199.78
4171,1428.88,1212.56,480.82,281.23,231.15,421.22,282.27,215.7,191.8
2074,685.37,558.82,221.7,128.51,124.38,251.21,116.08,117.03,95.42
8280,2837.21,2422.29,864.45,554.54,539.94,1137.84,451.01,488.51,365.39
6697,2097.7,1887.43,910.94,397.7,411.13,996.21,389.77,407.48,311.61
5471,1783.41,1406.33,739.67,328.33,315.66,561.13,279.37,255.17,271.38
2836,914.69,801.12,382.88,158.31,179.53,395.05,158.93,106.94,121.94
7624,2291.64,1978.94,1111.48,440.32,482.74,902.94,393.96,573.4,320.25
2499,819.27,676.22,293.5,153.33,137.34,269.11,127.58,173.94,123.9
7692,2562.02,1988.5,985.01,530.3,400.56,843.16,469.42,155.43,312.31
2137,704.35,536.6,279.89,132.5,141.18,312.42,137.12,108.51,103.43
4097,1379.93,1067.65,610.35,216.93,248.26,575.5,248.83,149.44,201.15
7890,2592.39,2184.1,912.22,395.6,422.36,911.98,405.64,462.07,332.91
7068,2143.99,1937.18,1044.77,473.7,390.45,1039.06,409.23,354.52,312.81
7738,2366.45,2128.53,831.35,443.28,505.51,814.52,404.07,164.59,319.04
5696,1878.68,1494.54,787.19,320.68,359.22,661.46,358.86,362.64,248.74
3885,1218.91,1104.34,511.44,256.47,267.69,515.33,258.46,141.89,173.17
8397,2552.54,2394.93,1182.67,578.61,497.93,1259.31,439.45,299.05,378.67
9797,3149.54,2624.6,993.75,636.42,500.08,1207.79,502.95,214.71,403.88
8124,2662.37,2388.93,844.14,434.45,520.0,1141.71,472.16,566.24,357.75
4757,1505.29,1342.43,492.28,275.09,262.1,693.54,266.72,260.35,220.02
5920,1989.25,1691.06,767.52,385.91,334.34,594.85,326.87,290.62,266.41
3900,1295.54,1029.08,507.57,265.74,210.34,446.34,211.49,236.14,188.82
4610,1459.71,1152.64,669.86,322.57,258.98,484.13,259.72,187.73,228.24
8900,3005.92,2610.09,1098.08,536.06,592.65,1235.35,616.84,482.1,428.7
5986,1989.95,1742.65,618.97,397.77,368.34,768.32,401.98,209.25,242.28
3449,1144.63,883.49,381.03,175.67,179.98,361.38,213.93,82.01,145.36
2546,834.25,684.12,255.63,141.85,157.17,308.16,168.06,136.67,104.07
9469,2846.09,2680.36,1314.64,543.81,593.43,1190.24,476.24,315.05,419.84
7017,2349.47,1983.04,987.85,487.76,475.03,946.51,366.49,456.12,331.47
6676,2128.32,1956.18,1000.71,334.25,448.58,927.79,372.85,314.51,269.2
7468,2592.37,1919.38,900.71,419.41,382.79,779.61,469.57,261.56,318.66
9999,3408.65,2714.7,1009.55,686.01,673.27,1243.7,676.62,564.95,409.35
8052,2652.21,2052.14,899.7,451.99,410.79,870.07,439.82,217.38,355.1
4003,1251.37,1078.73,517.94,218.17,212.49,551.06,211.29,262.94,197.16
4096,1270.52,1027.09,606.61,264.61,213.94,544.29,274.26,193.05,180.75
9060,2872.19,2671.92,952.92,588.06,485.92,1233.52,527.14,622.95,419.91
9241,2992.5,2553.77,980.27,549.32,610.51,958.75,591.33,261.39,405.4
2703,850.91,790.6,365.14,186.34,172.24,339.27,164.78,116.1,127.89
8404,2737.57,2126.17,1120.76,454.27,535.66,1193.61,449.77,258.86,398.6
4403,1357.31,1150.82,495.45,300.59,301.35,597.34,281.84,104.23,182.2
9749,3401.29,2563.68,1371.27,634.76,563.85,1394.96,569.49,753.8,453.64
3625,1107.06,976.34,385.84,207.95,181.49,399.86,202.11,230.55,159.01
5331,1847.71,1546.75,779.86,352.58,334.76,609.57,362.8,210.77,259.07
6733,2327.46,1813.38,740.98,354.59,453.54,821.86,337.46,234.1,279.95
8886,2899.22,2312.43,924.74,467.58,617.8,1121.08,516.25,286.66,435.19
9462,3181.56,2396.25,1106.83,649.08,541.96,1065.5,529.97,213.66,426.88
7105,2286.41,1804.49,777.23,368.72,472.08,845.93,362.99,185.87,302.35
4978,1650.22,1433.68,628.96,249.31,333.45,668.8,256.91,130.3,215.78
6736,2135.51,1833.81,904.93,389.21,356.26,890.96,360.01,404.0,269.78
4839,1524.57,1385.45,602.68,252.0,303.07,510.63,290.82,269.45,239.53
5384,1770.86,1529.67,716.24,362.13,287.84,803.75,299.64,291.23,227.47
4659,1513.74,1196.28,550.91,318.93,274.57,596.99,311.02,298.49,228.74
3861,1270.18,992.83,391.49,230.3,260.95,479.45,211.58,135.41,187.37
4856,1526.4,1397.4,722.1,284.12,319.47,720.45,312.75,196.9,211.19
7301,2324.26,2088.55,1029.23,443.76,448.33,781.33,395.77,201.52,307.44
2685,816.76,722.0,278.36,146.4,177.68,341.49,136.54,148.38,118.85
7947,2404.87,2017.51,973.18,444.71,421.64,1114.6,439.41,603.77,392.07
9531,2980.08,2388.52,1255.72,495.8,513.71,1143.2,636.21,684.21,462.74
6283,1908.22,1661.27,688.18,370.25,340.4,859.61,324.49,334.88,282.02
9736,2971.32,2438.49,1254.96,605.91,637.91,1411.31,553.88,571.27,442.55
9710,3307.68,2539.2,1230.09,666.15,658.53,1098.03,487.06,772.32,428.08
3619,1092.73,980.66,399.59,234.44,221.69,405.59,226.57,184.72,178.95
7783,2591.33,1993.0,833.25,501.7,538.27,918.66,535.9,562.21,388.29
7080,2220.49,1806.91,976.67,397.61,457.09,856.13,408.43,354.28,303.67
6643,2282.38,1958.5,771.45,450.17,407.04,701.18,408.8,151.94,328.81
8868,2875.45,2476.6,995.01,611.35,551.87,989.35,523.62,674.67,439.0
9069,2859.26,2690.98,1241.49,622.54,607.54,1302.87,629.99,242.26,405.7
3431,1118.1,917.08,469.37,174.21,177.74,440.3,222.05,213.58,151.48
2875,917.41,816.09,327.23,178.5,153.41,326.0,146.29,98.55,139.99
6713,2203.31,1746.95,964.18,422.01,371.4,988.02,350.25,497.18,331.83
4461,1363.85,1253.17,599.61,249.38,302.88,618.81,265.03,142.88,196.39
3365,1177.24,863.05,394.67,235.04,231.84,397.48,210.77,95.58,151.16
3243,1041.9,811.09,393.62,181.04,185.25,448.42,180.99,150.22,140.56
6998,2221.25,2075.44,954.08,380.22,479.2,908.36,444.32,348.51,294.54
2162,725.37,600.48,239.07,129.03,131.75,290.12,133.03,149.47,108.02
3974,1264.51,1177.68,490.54,224.38,236.32,461.27,233.28,261.27,166.46
5291,1807.74,1411.07,702.0,362.33,352.67,584.52,326.17,210.03,254.72
2269,732.24,604.44,288.11,133.42,138.23,255.67,155.04,97.79,100.3
2631,883.96,710.46,343.13,153.13,155.46,274.12,144.35,143.65,107.44
2905,887.11,828.8,369.84,181.61,146.18,358.92,191.22,154.24,125.64
5471,1872.76,1522.53,601.6,282.43,274.96,658.23,274.86,392.4,223.39
5253,1769.14,1556.29,633.04,342.15,328.58,525.97,271.56,253.97,261.7
4014,1246.69,1008.61,508.17,262.39,206.59,573.27,276.94,295.47,171.21
3641,1118.75,1039.18,506.11,216.57,235.71,488.23,232.86,117.62,172.8
9896,3125.3,2637.45,1313.15,683.95,617.97,1210.65,620.15,713.08,437.96
2204,768.76,570.86,267.41,135.74,130.38,326.97,124.93,84.32,103.13
2581,807.44,711.12,383.85,164.94,165.69,379.48,138.57,173.84,109.82
7675,2477.54,2112.57,808.87,525.64,536.19,803.99,442.07,413.86,314.23
2840,856.26,729.46,313.37,179.85,155.99,371.35,175.99,206.0,136.56
7932,2537.14,2063.07,928.56,465.1,484.97,1117.23,497.24,268.7,374.13
7347,2413.97,1986.69,818.67,370.99,491.2,798.23,392.26,456.17,301.92
3719,1292.93,1005.77,488.2,240.12,187.21,395.69,219.09,263.82,175.94
7738,2521.33,2057.36,789.1,536.22,418.39,874.31,474.61,515.36,355.77
4643,1583.06,1195.23,505.49,275.82,280.53,529.23,321.29,250.54,193.68
4297,1406.65,1075.19,492.73,244.05,262.31,637.03,262.07,260.07,207.36
2874,868.06,857.92,385.6,173.55,148.66,399.55,177.07,91.37,135.05
7560,2387.07,2246.64,1087.08,488.14,439.6,778.58,493.7,249.39,340.72
9700,3189.14,2659.57,1357.27,485.13,585.84,1351.44,566.27,349.56,405.33
8339,2898.05,2499.64,909.82,564.92,487.49,904.63,480.97,581.07,378.6
2689,922.21,762.82,344.92,182.12,172.13,316.93,166.23,80.79,111.94
6000,1868.51,1520.66,609.01,364.96,392.56,695.56,394.0,227.61,251.04
8106,2521.01,2074.21,936.46,425.14,479.92,921.0,508.66,609.78,343.8
9686,3003.23,2865.17,1358.94,614.44,566.76,1118.13,520.36,632.63,450.84
5141,1779.43,1447.2,631.49,271.22,329.58,707.97,297.94,328.96,240.58
8782,3009.01,2565.74,944.04,528.25,536.63,995.24,529.13,415.46,357.67
3422,1159.18,1009.19,417.24,177.51,230.67,479.2,206.95,212.65,159.15
8097,2588.1,2205.6,889.87,500.24,482.77,846.55,459.84,436.78,326.68
2671,868.66,674.23,319.61,150.54,164.23,346.58,161.46,64.87,131.01
9927,3208.57,2575.2,1234.84,661.34,521.92,1421.05,629.96,541.93,474.38
9370,2929.72,2373.69,1100.77,618.41,625.17,974.15,556.2,441.65,442.68
3171,1031.37,822.67,465.66,221.87,185.33,417.76,187.17,85.1,134.43
7591,2288.87,2053.57,972.61,418.64,488.72,953.28,501.25,308.62,378.61
5726,1755.54,1465.34,813.92,293.38,335.48,667.63,372.97,421.94,281.97
2943,1013.36,760.28,406.24,173.23,147.21,309.11,172.01,200.78,132.14
8342,2816.13,2271.45,1109.97,431.02,483.9,1116.36,583.27,624.27,336.57
3449,1107.62,920.91,430.59,184.76,182.62,398.25,177.04,217.37,155.6
5737,1869.44,1568.4,574.32,355.38,332.59,670.92,324.25,332.48,238.31
4539,1445.67,1232.15,593.13,280.7,256.12,616.76,230.29,128.7,208.46
5959,2008.42,1681.77,701.96,303.11,322.09,877.57,398.0,157.51,297.15
6991,2371.41,2075.34,740.26,411.48,366.86,815.72,455.2,243.32,332.56
8285,2801.69,2115.93,1012.69,502.11,534.97,1137.83,527.54,321.89,358.1
7432,2498.12,1894.89,1016.53,411.44,483.8,1098.68,403.48,419.33,326.57
6260,1942.01,1831.93,927.01,422.18,346.18,656.62,401.61,454.72,309.53
4361,1381.99,1200.67,517.67,232.1,261.24,551.49,249.04,320.29,179.24
8164,2640.99,2353.85,1037.94,449.66,483.97,820.96,550.02,497.53,399.23
7201,2279.4,1877.81,1026.59,382.66,411.21,1017.21,388.78,391.99,293.41
5652,1908.95,1647.24,659.59,295.77,313.98,646.28,307.22,195.92,249.52
9298,2942.52,2754.0,995.94,628.35,499.49,1084.5,643.53,709.22,441.23
5670,1740.19,1597.66,646.91,315.01,382.49,761.85,342.13,341.71,249.2
3753,1200.78,958.12,544.02,241.88,250.2,523.39,221.16,195.18,171.55
9127,3185.28,2690.32,985.44,534.47,532.5,1095.24,520.56,239.47,409.87
4352,1354.75,1260.45,506.84,272.95,280.37,580.02,289.95,302.69,200.39
3938,1301.93,1132.35,485.29,270.0,236.15,582.11,224.68,161.22,164.25
2370,762.31,596.85,337.38,158.53,122.55,342.1,135.38,175.46,108.5
7976,2421.12,2312.63,1171.56,409.8,529.99,1077.28,418.47,240.12,397.78
6948,2253.89,1784.92,842.73,464.85,377.87,1022.42,419.76,159.22,291.39
6479,2171.17,1691.79,949.81,382.5,415.54,931.66,443.65,298.58,263.5
3931,1280.17,1096.19,424.83,224.08,238.01,536.39,271.83,97.09,172.64
8588,2950.88,2260.78,926.15,544.89,548.01,1252.67,600.39,203.61,375.67
2424,762.22,686.16,357.45,167.27,144.04,341.47,144.13,152.29,100.01
8304,2527.01,2328.47,1042.02,430.83,531.88,1038.94,543.9,294.31,379.62
9345,3241.11,2386.78,1021.37,610.8,473.38,1169.19,570.52,545.1,414.69
6724,2144.35,1901.55,836.46,363.57,341.69,675.36,409.89,364.78,325.23
9875,3247.1,2924.95,1374.21,568.83,670.78,1002.44,652.98,280.9,436.77
2894,982.8,746.81,409.06,195.28,188.09,397.38,193.05,124.87,144.29
8633,2729.89,2415.97,1236.23,525.89,574.69,1102.77,435.07,206.88,412.64
9160,3076.0,2446.57,1176.86,470.36,541.65,1264.52,630.72,414.95,411.05
8470,2598.35,2312.15,1214.15,509.56,501.36,1249.18,562.91,262.08,385.57
2597,816.92,686.52,325.93,170.86,157.59,318.46,167.3,66.95,126.39
5062,1555.23,1355.13,659.85,306.64,277.77,528.59,339.36,197.51,241.67
4336,1476.67,1090.27,598.09,231.27,280.41,569.44,263.39,87.61,201.96
6688,2080.85,2000.23,811.07,393.93,445.35,702.15,437.83,437.84,285.36
3687,1238.35,1036.93,382.26,252.51,251.25,483.24,228.49,108.73,162.61
9740,3381.39,2678.84,1144.53,615.22,587.72,1231.01,592.76,560.54,466.27
2572,839.47,692.35,337.44,166.15,149.93,348.79,139.49,179.92,119.02
9521,3113.38,2637.02,1043.66,625.71,634.28,1119.17,637.41,714.4,471.91
8171,2639.66,2198.04,877.72,423.37,531.55,875.87,552.99,436.78,398.16
9097,2877.33,2437.95,1043.01,560.65,612.64,1017.14,631.55,612.2,402.73
4090,1324.27,1117.38,415.57,235.25,258.14,548.8,214.35,193.4,175.62
7800,2575.09,2057.63,1069.93,411.71,527.8,966.48,435.49,385.4,321.68
8566,2992.1,2218.62,967.41,463.03,443.55,1088.23,545.72,452.34,377.56
5669,1966.51,1575.02,602.12,372.02,360.5,658.45,380.42,341.32,239.61
6272,2151.97,1832.29,846.45,333.86,324.74,889.59,407.84,377.54,251.93
6624,2281.68,1706.62,941.58,372.59,430.42,993.42,391.56,444.62,274.12
3633,1174.88,914.2,366.91,202.35,227.31,420.01,234.4,207.14,161.78
7061,2350.41,1852.39,788.57,359.92,355.31,959.82,363.24,515.16,345.45
3517,1212.5,1051.53,517.92,208.36,218.0,381.79,222.45,220.0,151.97
6293,2011.54,1834.02,750.52,411.05,333.06,862.91,315.66,476.61,279.48
4657,1621.05,1303.0,684.25,234.91,246.11,566.02,237.28,302.83,204.17
5648,1811.82,1674.42,642.24,295.11,299.4,735.74,367.94,363.29,246.76
8985,2965.54,2446.29,996.47,578.67,536.19,1005.22,535.08,643.54,424.33
6948,2330.99,2078.59,769.18,429.88,363.45,990.67,355.68,412.35,313.08
5588,1942.0,1479.79,582.61,359.34,293.44,607.23,333.25,171.97,246.34
3537,1104.36,926.75,512.23,193.13,194.97,517.92,181.29,88.35,174.85
8165,2754.11,2301.73,1216.52,539.51,408.39,841.5,464.76,318.02,349.16
9279,3025.33,2495.19,1370.74,553.0,515.13,1061.51,493.16,638.99,448.44
7176,2249.16,2018.74,1023.31,446.39,447.55,919.58,390.28,152.87,324.0
5137,1740.57,1362.59,731.22,266.32,318.66,734.2,276.95,148.99,228.17
8985,2943.59,2523.85,1195.49,486.09,623.48,1157.73,516.06,236.91,365.06
2097,698.4,553.16,296.33,137.28,109.87,232.36,109.38,46.62,101.88
5215,1648.7,1317.04,575.83,284.1,351.03,745.49,315.79,357.84,222.72
7999,2592.19,2364.56,955.05,414.75,462.53,1038.34,465.08,294.16,374.3
6530,2160.57,1920.87,862.23,404.49,377.05,728.86,436.19,416.19,318.3
6732,2155.89,2009.77,967.65,410.37,383.56,862.32,447.8,191.96,305.37
5750,1782.03,1643.5,764.88,357.41,301.84,769.15,382.29,256.08,266.84
5157,1795.06,1465.29,732.04,321.62,307.2,691.17,306.29,139.18,223.82
6683,2175.81,1857.54,826.67,401.01,439.39,910.23,373.02,134.65,315.87
2343,788.88,600.5,318.33,140.29,158.17,339.24,136.62,133.06,109.1
7413,2376.25,1923.39,1104.53,507.67,513.4,1047.02,472.56,362.19,329.49
8075,2565.88,2135.62,869.47,489.97,530.57,1052.86,489.31,363.36,374.24
6666,2135.51,1963.19,975.54,415.6,416.37,677.32,416.53,164.78,284.15
9817,3145.95,2539.15,1238.1,543.27,588.54,1349.6,627.05,542.8,457.26
2610,854.02,772.93,344.94,175.97,176.17,388.23,178.44,174.35,121.96
3727,1219.38,1029.17,536.29,188.17,241.47,429.64,256.71,89.58,165.66
4290,1393.64,1225.99,516.87,262.31,228.34,559.18,286.61,192.22,182.3
3854,1182.17,984.74,466.08,222.29,245.31,533.52,197.71,149.12,185.11
4608,1496.7,1213.99,582.26,286.06,270.12,608.05,320.66,338.75,219.07
7055,2176.15,2101.87,712.24,403.57,436.82,1030.93,452.03,252.28,286.23
4079,1249.43,1074.03,509.2,262.5,277.24,504.44,260.52,312.68,183.32
8534,2958.16,2260.03,977.61,430.17,538.08,1080.34,430.64,594.86,349.22
4324,1427.99,1123.72,633.02,251.3,297.38,440.67,257.66,112.47,186.78
6627,2206.62,1699.52,691.77,441.53,446.18,960.99,414.39,323.65,293.06
3177,1016.92,831.3,390.66,174.75,167.04,359.36,176.55,187.25,132.7
8526,2945.3,2405.32,1256.51,435.3,428.29,1269.7,440.49,473.91,381.02
3091,1025.89,843.13,448.35,185.25,178.31,340.34,187.47,187.79,145.47
7997,2706.65,2220.67,1080.13,556.04,538.25,901.04,471.23,364.49,354.82
6979,2222.31,1787.45,903.56,357.91,381.07,867.01,355.1,518.43,295.5
8357,2908.24,2424.41,953.0,429.56,533.41,1111.69,504.67,302.7,368.95
7774,2651.11,2248.28,920.04,481.23,462.71,948.69,405.45,199.37,357.01
8519,2919.44,2138.95,890.29,468.56,553.07,1001.76,498.28,670.26,420.53
4791,1478.55,1289.62,667.41,278.86,255.36,608.48,265.46,283.23,215.57
8356,2620.01,2117.73,970.91,556.59,457.76,1235.98,579.99,497.62,408.43
8222,2584.02,2381.13,1096.73,443.8,450.98,1217.66,416.81,567.74,409.83
3749,1175.48,1075.45,441.93,241.38,228.57,436.39,229.44,169.78,170.92
4675,1602.45,1379.59,576.04,280.92,260.83,626.49,247.95,201.84,193.88
8747,2638.04,2290.14,1117.43,595.66,579.35,1190.43,493.21,673.07,426.44
2781,844.88,758.7,389.6,193.17,158.34,368.96,149.28,120.16,135.22
9548,2995.17,2475.07,1055.61,570.01,603.6,1008.75,667.43,235.92,464.85
5048,1564.85,1355.7,605.45,311.43,348.16,640.96,255.67,194.2,249.9
8823,2749.18,2436.14,939.69,572.76,548.25,1219.01,536.68,638.9,377.31
4105,1395.28,1037.2,426.05,231.41,225.13,451.72,255.17,105.49,177.89
5867,1925.29,1676.46,764.08,319.96,390.8,688.85,383.96,369.63,274.99
9193,2760.55,2547.97,1006.22,637.02,461.96,1012.98,574.74,330.8,419.56
6976,2242.55,2033.14,718.46,409.16,384.59,1006.96,381.08,451.67,339.62
6542,2096.02,1724.4,947.64,327.31,377.8,935.03,405.35,332.81,278.33
4113,1257.33,1214.02,521.18,274.56,221.77,446.1,285.85,239.35,191.6
7879,2630.07,2363.19,840.94,488.45,489.13,1087.52,527.65,272.55,389.25
7373,2470.73,2182.15,757.0,393.51,450.93,871.48,435.52,221.83,310.84
5970,2006.19,1724.7,632.78,302.1,347.04,801.82,355.5,142.08,257.12
3991,1342.67,1159.86,493.16,222.82,223.05,497.55,210.16,277.51,175.9
3067,920.11,854.73,409.21,210.27,179.97,379.08,188.31,192.08,125.35
9264,3221.06,2404.08,1223.44,636.16,517.15,1334.61,515.12,348.34,386.95
3577,1218.72,1015.34,383.53,201.1,194.68,471.62,186.58,251.16,156.75
3011,1039.39,860.05,396.47,200.89,171.7,336.59,179.11,210.84,122.68
4274,1285.54,1279.08,513.92,251.47,265.19,451.07,217.55,120.81,186.46
6869,2381.43,1903.16,846.52,433.34,432.53,1007.48,359.95,431.52,291.53
8822,3003.8,2325.2,1235.71,500.11,493.56,949.86,479.75,331.15,429.15
9603,3282.89,2729.02,1119.95,579.25,662.11,1312.77,670.41,461.25,442.55
3814,1161.99,1140.27,409.43,213.11,210.68,475.96,252.37,174.71,186.83
8744,2946.19,2263.48,1256.27,447.89,561.74,935.64,531.94,489.76,367.5
4426,1540.23,1178.64,489.54,233.64,228.51,614.47,241.89,180.7,180.65
7297,2436.67,2021.96,836.98,407.27,461.88,1059.7,440.58,178.01,317.71
7546,2479.07,1950.72,1021.2,524.64,446.72,800.44,475.25,455.47,306.1
8852,3074.14,2222.83,1187.74,613.56,543.35,914.89,443.41,687.22,432.29
6402,2062.38,1708.37,896.41,426.07,343.67,912.24,446.59,384.58,268.13
6874,2268.18,2015.93,750.59,375.66,403.31,859.58,429.87,360.03,284.66
4551,1473.69,1147.64,535.26,267.74,297.3,608.59,317.5,135.7,217.89
8411,2915.61,2283.14,894.04,494.53,549.59,1026.76,499.46,483.72,396.36
5657,1718.62,1629.84,718.73,326.63,309.73,682.36,353.39,320.56,229.5
2007,652.39,597.4,230.06,102.15,114.5,230.77,118.87,114.65,90.51
4555,1522.95,1363.19,612.41,276.45,228.1,583.71,228.61,334.97,202.65
2475,840.5,670.97,247.54,127.35,128.2,267.28,165.82,155.87,108.57
7416,2440.98,2206.4,763.73,489.74,389.6,1007.55,437.4,496.9,306.04
4211,1454.67,1060.21,512.18,268.77,235.28,536.78,250.21,163.39,201.6
2484,862.2,713.64,367.41,141.72,161.91,353.66,142.08,89.98,105.32
9764,2960.6,2754.79,1411.31,614.57,587.84,1426.04,572.69,316.42,435.3
9239,2957.58,2425.02,1383.08,505.01,608.41,1339.93,596.02,616.26,450.96
8710,2623.22,2398.44,1052.53,481.71,567.0,1132.84,557.55,539.28,376.12
7000,2215.3,1795.34,716.3,393.98,432.2,811.56,463.17,283.68,282.5
6654,2174.82,1953.48,767.19,438.77,399.22,784.23,462.41,189.42,325.32
8063,2786.09,2160.04,1078.74,437.13,553.33,1069.37,466.23,570.86,362.34
4285,1466.87,1205.38,457.46,262.48,263.04,581.04,243.3,184.5,192.7
7223,2212.95,1863.09,830.63,390.11,430.9,780.55,432.44,226.69,328.75
7329,2232.79,1907.8,753.48,408.23,493.85,1098.6,389.08,210.08,306.35
8697,2865.34,2605.6,1076.24,475.81,447.28,916.45,566.7,653.85,410.05
8971,2929.98,2580.55,990.81,564.28,566.25,1169.41,552.82,249.48,379.6
6563,2056.31,1956.42,686.24,397.29,342.99,830.56,355.89,272.89,282.28
5525,1905.97,1462.98,666.1,355.95,366.84,715.76,371.73,320.07,255.87
5339,1849.26,1378.68,627.66,290.44,351.59,676.39,333.05,237.5,253.59
8529,2730.39,2346.78,1082.12,428.01,512.35,877.6,432.26,414.92,403.47
4822,1661.25,1324.76,662.79,306.73,304.85,722.32,260.05,328.65,196.89
6943,2216.19,1796.48,733.38,363.1,454.44,1034.95,470.89,555.12,330.11
8530,2873.25,2445.22,1190.42,468.52,508.95,1076.64,491.51,409.72,397.73
4924,1594.38,1320.07,498.87,276.3,335.42,543.7,343.14,210.4,226.75
2258,691.24,585.54,275.83,146.63,132.64,246.45,136.82,100.27,112.15
2282,790.48,608.38,295.23,142.67,154.81,234.71,123.59,96.18,99.19
7745,2499.35,2154.53,1145.1,415.79,477.52,1011.44,479.24,375.06,362.71
3898,1312.55,1116.09,501.66,241.51,228.13,483.01,202.88,155.87,178.26
6135,1953.13,1681.57,662.2,393.64,307.25,741.2,405.83,292.99,269.2
8629,2596.85,2384.02,1086.19,498.57,482.46,1089.5,539.8,662.08,413.18
4976,1517.81,1278.57,596.07,273.28,335.18,714.77,344.73,184.97,219.1
4267,1385.97,1261.9,528.97,271.29,249.94,441.79,272.24,252.23,194.51
5200,1739.39,1541.47,571.25,323.53,303.83,661.46,265.11,255.92,237.15
7110,2252.0,2020.46,889.04,366.58,425.09,960.21,423.25,454.64,320.76
9167,3068.88,2299.83,985.47,580.58,510.84,1361.62,555.76,443.11,408.61
9687,3244.48,2681.88,1329.08,579.0,579.58,1326.97,661.97,287.05,403.73
2612,875.53,735.18,338.76,169.96,150.23,332.78,153.19,188.97,110.77
9071,2944.68,2718.88,942.72,488.15,618.54,1254.87,561.23,549.21,374.04
8011,2769.76,2401.72,1157.44,441.92,490.91,1200.47,430.34,412.99,378.4
2687,871.82,786.97,351.51,163.55,179.18,388.1,147.5,187.73,127.48
5690,1835.1,1440.66,658.93,339.32,362.67,594.35,346.93,447.07,263.93
2612,809.64,777.5,267.16,150.78,141.71,336.27,167.01,116.4,128.45
4307,1358.35,1208.69,566.85,279.61,290.09,600.07,252.86,177.38,183.69
9133,2759.23,2648.97,1083.83,559.81,472.59,1220.11,535.68,595.61,440.3
5013,1662.7,1355.31,728.79,321.86,295.63,605.81,276.32,237.0,209.84
8509,2658.44,2263.25,865.74,451.53,466.15,988.08,544.26,213.97,346.13
3781,1191.8,1032.83,385.49,244.18,229.7,496.64,189.46,156.02,151.24
7906,2676.5,2034.56,1165.86,468.28,442.74,953.61,476.38,541.7,362.14
4591,1452.41,1229.71,680.59,232.65,295.92,549.08,229.88,286.49,219.39
4696,1465.67,1375.37,476.11,256.82,322.8,666.07,290.54,337.03,226.49
7643,2357.51,1925.25,1037.93,386.09,490.54,884.93,386.87,220.1,341.69
8026,2718.75,2067.05,891.49,474.64,458.33,1061.41,552.2,277.98,325.75
8957,2745.19,2295.28,1209.82,506.23,555.35,1286.87,533.47,294.54,361.48
5958,1922.57,1609.58,854.6,415.56,403.78,781.03,379.41,466.39,292.98
9183,2987.66,2753.52,964.6,618.66,508.74,1144.56,615.92,276.73,375.85
7248,2423.51,1874.82,811.33,482.09,379.53,737.59,396.53,404.99,346.79
2574,853.7,662.22,260.5,154.5,135.43,345.12,156.5,149.23,104.75
9276,3158.81,2743.4,947.93,613.53,555.61,1390.25,623.99,529.97,388.05
3910,1181.75,1149.94,396.79,216.37,252.75,549.05,237.55,240.46,162.77
7108,2237.76,1788.46,995.36,435.1,448.84,936.29,411.24,348.54,304.02
5604,1759.69,1611.63,643.98,324.24,331.07,691.85,321.54,140.22,246.89
2669,820.19,754.72,332.72,142.6,172.38,296.84,153.95,165.68,110.09
6364,2001.22,1835.3,887.09,327.44,398.89,856.63,396.53,234.62,316.49
9329,2943.19,2562.91,1163.77,570.6,583.67,1015.6,474.97,229.05,373.35
3283,1070.57,983.48,398.75,170.56,177.44,473.91,191.42,99.1,156.67
2923,973.9,737.16,293.99,188.12,164.42,344.04,178.92,108.83,132.31
3125,997.05,817.87,401.26,213.84,177.78,374.97,205.4,143.58,127.67
3529,1185.65,952.22,374.91,187.89,233.49,391.02,213.86,252.96,145.4
7854,2488.21,2140.13,1085.68,466.68,514.45,974.55,538.18,409.9,360.5
3594,1130.36,1064.07,405.72,232.8,197.86,481.68,211.6,173.66,155.09
2246,734.58,624.39,300.31,125.18,114.78,258.6,141.53,70.69,99.95
5711,1720.07,1440.63,755.63,390.72,373.25,771.51,287.56,442.92,259.8
9962,3028.34,2693.66,1303.37,675.12,579.76,1305.31,545.61,742.28,455.6
3560,1142.4,964.14,403.52,185.39,193.65,422.29,236.06,245.51,163.14
8274,2872.28,2467.92,937.9,418.23,433.06,956.81,510.71,325.91,336.76
4400,1478.73,1231.82,629.87,305.93,221.13,629.49,303.26,236.27,208.58
4243,1291.6,1195.6,427.02,293.32,248.45,426.83,276.04,183.85,182.17
5864,2007.34,1675.13,639.62,342.73,333.05,796.3,345.94,259.04,241.27
3939,1325.93,1136.41,514.07,200.93,251.82,476.08,258.3,95.83,161.59
7025,2322.09,1979.31,989.49,438.2,488.47,954.59,416.97,199.53,297.65
9833,3353.2,2574.87,1159.48,549.35,532.32,1232.82,556.58,763.73,455.14
9549,3057.64,2804.56,1266.89,656.35,523.87,994.94,486.44,540.52,427.02
5069,1576.84,1452.81,648.11,334.01,287.65,755.8,341.21,103.3,208.19
8788,2861.38,2522.98,907.16,553.57,521.29,916.61,513.03,602.43,354.36
2226,728.89,667.42,291.8,123.97,142.36,240.23,141.8,56.15,89.59
8844,2891.25,2565.88,1244.31,566.24,504.47,1070.27,469.27,552.66,391.0
5547,1820.82,1616.72,829.96,309.43,288.91,816.69,369.32,317.57,265.6
9644,3350.67,2869.77,978.69,489.46,623.07,1105.72,641.17,229.31,441.08
2264,781.33,583.11,301.12,136.22,149.18,290.77,135.03,117.4,108.89
3395,1167.15,933.24,409.87,202.93,186.57,428.01,215.39,77.56,146.64
5557,1889.77,1550.56,558.42,362.65,293.05,647.43,335.8,132.61,230.08
7553,2622.19,2012.6,987.31,508.42,457.38,1018.27,461.08,174.25,362.77
2645,806.53,772.26,280.69,151.0,143.27,330.82,179.27,93.44,125.05
8354,2616.94,2406.96,993.53,492.8,480.22,1076.95,579.25,568.96,383.37
9739,3162.77,2785.78,1101.17,578.57,638.36,1076.24,558.53,406.58,476.02
9544,3267.17,2861.84,1126.75,539.09,519.12,1396.55,540.52,557.11,441.95
7514,2443.99,1975.95,936.51,487.42,496.86,792.94,421.36,206.57,340.07
7569,2553.79,2170.58,892.84,457.49,480.48,1018.13,495.13,575.03,340.78
4990,1531.67,1385.08,636.91,340.71,271.43,720.03,321.65,250.77,230.41
7483,2339.34,1987.85,837.59,471.48,452.93,779.74,380.71,160.7,337.98
3899,1312.36,1006.06,513.76,211.47,242.84,395.51,201.85,203.7,166.59
4504,1388.3,1327.75,642.67,240.05,243.24,525.43,283.41,139.95,223.12
4772,1515.43,1335.08,530.66,274.14,252.43,665.68,264.84,151.51,236.6
9895,3099.54,2881.89,1240.77,563.41,599.87,1344.42,512.87,554.34,412.31
7345,2331.99,2036.53,972.73,427.06,469.18,1036.44,428.02,246.67,332.77
7077,2373.74,1847.09,907.49,379.84,419.68,848.35,478.05,232.4,338.96
3154,1004.21,841.73,373.06,219.41,162.12,472.12,180.81,165.45,127.89
2587,847.92,696.1,341.77,136.89,177.22,306.06,165.34,88.29,106.68
6571,2004.13,1962.41,666.38,414.32,419.88,921.71,446.9,174.99,298.64
3821,1300.1,956.33,452.77,192.05,238.52,449.12,203.99,170.02,153.92
2985,950.71,893.36,377.99,173.55,187.67,331.1,185.65,69.01,144.26
6079,2020.82,1817.76,614.17,341.54,352.41,710.23,414.3,451.79,296.24
5348,1798.37,1603.37,670.55,308.26,372.69,586.32,288.09,251.85,253.3
8299,2576.7,2272.51,1101.38,497.62,436.97,883.47,579.06,172.5,400.21
5831,2007.23,1738.75,804.45,361.57,377.75,689.21,334.13,195.22,272.41
3241,1072.16,874.36,342.47,199.87,189.33,347.89,176.15,251.08,134.24
2189,703.62,550.13,327.32,137.06,148.02,273.88,146.13,108.98,88.21
7536,2329.5,1968.53,982.0,504.09,484.91,766.94,447.32,313.0,365.35
2980,1034.4,885.85,352.12,201.85,182.51,362.27,188.97,115.94,140.27
3698,1249.01,927.05,415.86,239.43,254.25,546.94,221.11,166.48,162.66
3715,1153.14,1030.17,477.92,191.62,253.54,438.16,233.56,121.5,178.2
4593,1455.46,1165.61,661.79,317.95,234.46,490.91,232.9,298.3,186.17
6136,2089.21,1621.87,773.31,423.06,330.43,707.23,349.77,309.86,265.02
8450,2828.92,2149.72,1124.47,542.78,536.75,1179.31,533.59,549.98,366.89
7038,2380.88,2061.97,829.67,424.73,481.66,814.18,401.28,248.18,288.9
6433,2071.81,1798.37,768.15,353.89,377.02,766.65,421.46,129.22,305.03
7433,2496.18,2193.52,849.66,484.09,377.34,1036.45,514.5,579.58,355.11
3098,989.27,881.13,419.1,209.29,194.76,350.16,157.22,157.14,141.99
9096,2824.88,2715.62,1072.96,575.81,490.22,1127.13,610.4,225.44,401.85
4326,1434.65,1191.79,473.85,270.73,264.09,446.26,230.93,113.45,199.3
5247,1830.16,1479.32,621.61,282.6,302.72,570.37,358.62,241.79,257.02
2895,913.46,807.17,413.09,165.47,177.06,319.82,199.57,178.67,126.16
9829,3175.24,2695.24,1345.71,633.6,674.75,1210.73,603.34,430.5,426.01
8416,2808.42,2459.98,982.42,423.64,502.57,1187.07,501.43,582.46,389.05
8980,2937.14,2534.39,1305.16,564.17,455.2,1057.18,585.23,356.9,420.59
8763,2998.45,2541.84,909.09,572.52,539.96,1043.01,599.04,199.24,390.63
3674,1242.13,1062.96,376.54,208.29,207.64,422.69,200.78,75.31,178.54
4909,1487.01,1274.14,522.19,252.93,321.85,569.56,283.0,351.32,213.65
9950,3481.71,2810.96,1052.94,660.5,591.02,1195.74,580.59,786.72,461.77
2930,989.23,761.75,305.87,154.81,189.94,424.76,196.07,81.95,136.77
6384,2190.96,1782.2,849.5,366.54,435.24,646.18,336.68,151.44,274.18
2723,905.56,772.98,354.1,174.67,155.88,357.34,170.08,203.86,109.43
4940,1693.5,1481.32,653.96,327.72,344.75,713.26,281.67,128.66,238.43
8415,2571.79,2116.6,1131.13,565.89,445.96,1016.94,569.78,283.62,377.2
8049,2554.65,2048.97,1109.51,487.84,506.11,1066.86,457.15,548.13,329.64
3089,1062.06,784.15,340.9,183.85,156.6,399.36,214.87,246.75,153.14
6578,2039.72,1775.52,862.48,440.5,356.93,769.18,330.96,323.38,282.62
2935,891.98,854.32,378.62,179.8,183.95,313.67,160.81,95.82,131.33
4295,1457.75,1255.01,632.15,264.46,218.72,476.66,254.03,304.36,192.59
2155,736.52,618.16,240.54,126.45,112.14,221.69,118.8,94.08,94.19
3070,945.97,905.17,316.01,176.39,171.37,424.39,198.78,111.62,127.45
3958,1356.48,1053.39,525.13,235.94,243.47,501.24,262.38,195.62,186.2
4501,1504.86,1145.09,616.68,257.89,226.49,626.91,287.84,321.14,188.84
8344,2720.18,2110.26,952.55,474.53,497.7,955.47,579.14,283.53,390.69
7779,2656.63,2276.19,999.93,543.54,486.3,1090.88,459.9,353.4,373.56
6219,1996.07,1781.88,640.41,352.77,361.02,718.05,432.81,290.15,250.2
8144,2522.19,2320.48,1205.33,448.96,418.22,863.81,427.5,569.8,385.36
7063,2219.5,1885.71,745.12,403.15,439.44,894.82,472.65,427.74,327.58
5830,1896.26,1568.24,602.7,360.39,362.14,858.55,295.98,389.61,244.61
2854,932.02,850.22,291.69,194.7,171.58,344.53,173.06,175.82,131.86
2639,898.0,668.17,320.28,173.53,168.53,331.91,157.52,146.62,116.66
4238,1439.09,1223.45,444.39,283.29,229.51,519.43,284.48,118.43,173.11
3602,1185.3,956.26,494.31,241.98,228.98,442.58,230.58,252.06,162.94
8659,2935.74,2181.66,1255.07,592.37,460.91,958.71,509.33,488.69,430.64
2441,755.71,700.88,275.86,133.53,141.22,295.66,165.78,151.51,113.48
8040,2432.13,2143.03,1056.77,475.71,412.86,1003.75,544.45,536.47,348.18
7934,2726.77,2269.98,810.2,457.82,526.68,1088.89,400.62,307.06,362.07
7925,2407.44,2261.66,945.68,456.78,481.56,847.91,534.31,366.44,375.47
8286,2588.0,2293.06,949.97,522.4,575.22,1065.42,501.57,434.83,344.39
9358,3132.74,2703.23,1042.77,543.1,644.27,1245.64,624.92,379.65,423.81
6628,2124.09,1849.56,876.46,413.1,463.77,789.66,355.44,235.37,298.72
8370,2877.74,2212.46,891.5,482.49,435.45,1066.83,443.79,557.53,366.32
3336,1050.5,956.45,477.17,187.56,207.27,452.15,214.99,217.59,158.36
5700,1713.38,1592.9,759.48,325.25,331.46,702.55,316.39,398.48,260.21
2948,928.72,738.88,399.56,194.79,178.81,343.94,180.35,182.19,138.52
5373,1767.2,1585.48,788.58,333.24,301.83,758.86,342.67,207.95,246.94
9821,3130.9,2723.19,1444.85,682.36,500.49,1467.66,610.95,389.11,469.54
8115,2651.52,2381.2,1035.33,540.89,520.62,899.4,519.19,419.28,376.04
2459,845.48,723.28,306.81,146.84,170.45,355.25,153.46,172.46,115.03
9568,3306.93,2604.87,1117.25,524.78,580.28,1217.73,550.95,390.16,404.3
6646,2082.18,1830.2,902.38,421.88,376.11,813.44,344.33,438.35,322.06
2392,772.87,647.72,303.57,154.36,164.49,346.02,160.52,91.71,99.4
5938,1944.44,1617.94,870.77,352.03,340.21,864.08,397.37,239.37,257.7
3787,1315.81,1116.25,423.88,206.76,258.62,430.33,189.78,246.69,185.16
6940,2428.52,2008.49,801.66,424.34,465.77,818.36,463.71,421.36,285.14
9374,2922.54,2402.8,1085.55,516.29,567.82,1336.7,497.01,304.6,456.2
4257,1431.84,1194.15,597.26,292.88,270.48,530.17,241.19,296.38,190.52
3138,1000.71,940.76,329.34,196.37,200.85,358.99,182.84,210.49,131.28
5808,1744.75,1624.95,713.12,324.31,364.87,860.22,369.35,394.04,275.14
6741,2025.42,1950.13,818.22,366.13,358.72,747.25,349.51,325.06,288.78
9418,3042.28,2716.65,976.24,605.9,601.39,1229.21,626.61,374.07,440.57
8362,2712.77,2236.97,1007.95,536.47,418.64,1015.11,575.77,593.59,400.61
4454,1341.23,1196.31,559.73,275.89,285.95,545.9,307.57,246.27,203.52
3466,1158.84,991.98,357.88,215.88,211.76,364.97,179.67,262.93,165.88
5674,1785.61,1560.35,712.05,352.23,313.18,640.35,388.03,199.89,280.01
3377,1107.64,940.59,499.67,193.17,223.14,365.9,207.2,265.22,153.67
9031,2845.18,2579.66,1345.13,620.87,524.75,1241.59,582.85,386.1,375.0
8701,2683.01,2513.53,1101.41,518.45,519.58,1173.65,596.99,374.74,409.78
4597,1472.69,1211.66,578.1,231.72,232.39,642.22,290.62,157.81,202.73
2141,667.16,550.96,244.66,121.97,124.23,288.96,126.61,166.79,97.02
4659,1522.28,1232.72,698.18,245.09,248.54,495.88,281.88,104.28,215.56
6596,2044.37,1816.39,750.04,377.74,366.23,982.34,420.1,319.26,311.17
2839,923.87,758.32,348.19,176.49,156.27,310.66,195.59,119.04,131.72
8845,2723.1,2462.61,885.8,446.26,450.39,1039.49,599.66,261.42,374.4
5618,1873.88,1419.52,659.9,378.68,332.64,760.36,345.74,352.78,266.75
7778,2626.61,2142.74,805.58,483.84,470.19,832.42,421.72,574.79,373.92
7661,2340.59,2056.21,1051.02,428.31,470.55,831.41,436.18,265.18,309.33
8142,2633.04,2253.16,1042.59,457.78,482.37,1171.05,466.02,405.95,350.77
5917,1796.07,1604.26,760.98,350.96,398.75,689.93,330.07,323.62,294.54
7626,2515.89,2014.88,871.85,419.14,387.05,1016.39,495.19,331.19,318.59
2595,812.81,766.06,365.23,129.98,161.61,370.92,173.14,195.38,108.54
3904,1274.19,1012.07,391.04,197.27,262.83,580.37,220.17,186.19,179.25
2280,742.99,647.68,266.03,130.31,115.87,251.97,152.58,180.04,98.91
2423,838.89,717.77,322.2,127.17,145.2,257.19,156.74,91.38,112.84
8999,2946.76,2492.12,1308.42,453.98,555.96,1233.19,529.34,219.53,383.6
6365,2095.04,1870.17,711.17,427.63,342.55,696.4,407.19,346.88,281.71
6249,2000.2,1601.26,793.97,346.71,344.01,806.18,408.6,433.68,312.35
8757,3042.65,2405.46,1111.26,525.97,575.44,1108.92,536.11,379.21,382.98
3750,1270.72,1023.19,538.91,200.96,230.05,479.99,220.73,116.65,153.23
6757,2123.52,1691.99,692.77,344.16,380.52,895.23,351.6,434.44,320.45
3967,1357.55,1079.67,480.89,257.45,259.03,565.47,198.46,143.82,182.03
6088,1958.02,1634.33,664.34,319.61,395.32,691.54,418.52,402.93,270.59
6178,2109.38,1751.4,624.45,312.08,351.58,789.31,341.95,220.8,303.26
9789,3339.46,2906.52,1050.86,604.42,585.12,1143.69,619.25,523.1,405.91
9090,2812.84,2311.49,1352.81,456.95,575.31,1053.86,626.0,665.94,408.12
4946,1657.19,1317.48,547.73,290.46,281.25,499.65,328.25,159.64,207.33
3449,1084.82,938.83,506.15,192.37,215.84,448.27,180.91,238.81,140.84
7394,2328.18,2016.78,815.28,416.94,406.83,1098.94,488.29,265.64,328.47
9880,3110.4,2852.76,1448.06,494.77,551.7,1364.06,637.54,589.24,488.8
4331,1456.42,1178.77,574.86,300.08,243.46,485.68,245.08,149.95,204.51
7075,2203.8,1778.36,747.55,426.9,486.2,960.83,451.33,190.13,299.59
4220,1266.19,1204.83,544.78,259.32,281.36,484.73,280.7,252.53,188.32
9494,3187.72,2793.53,1100.6,601.18,582.01,1307.16,530.04,528.75,455.47
5789,1786.25,1596.0,689.8,381.79,354.74,826.36,390.07,255.23,242.87
9230,2817.22,2575.68,1126.14,573.72,471.86,1077.29,476.05,204.91,388.0
9240,2881.73,2385.28,1119.29,602.85,582.03,925.01,559.47,448.29,386.33
4810,1534.37,1255.57,640.72,283.67,272.07,554.36,262.94,139.12,221.62
7755,2511.03,2029.94,1073.43,445.33,482.72,855.32,500.66,322.36,312.45
7494,2264.9,2034.9,872.74,498.07,500.63,981.19,400.91,413.46,343.8
6728,2344.9,1994.23,983.76,452.84,342.52,770.38,382.35,513.76,324.65
3531,1185.72,974.87,518.79,186.28,219.42,359.46,185.55,178.95,168.88
6882,2175.81,1786.6,702.2,418.79,421.76,871.03,455.85,218.07,321.17
4990,1576.51,1313.89,502.72,317.73,270.14,717.23,262.7,383.1,210.55
9155,2951.82,2464.53,1110.07,473.06,576.11,1122.1,590.16,197.33,440.94
6493,2151.21,1825.59,841.05,445.37,396.7,771.46,416.49,380.29,321.89
3143,965.9,854.9,357.97,189.84,205.38,342.35,166.1,112.34,131.5
2933,907.61,790.8,331.34,184.51,153.14,350.11,179.85,191.97,144.02
3460,1186.68,962.7,463.35,185.33,203.7,403.25,207.38,137.96,167.91
7948,2486.24,2083.11,1033.92,439.43,556.03,1190.18,491.9,363.42,395.75
4723,1506.68,1199.38,511.77,247.58,301.26,479.5,324.68,312.78,204.0
9079,3119.21,2280.83,1309.42,501.89,578.2,1016.33,468.57,670.66,447.96
4512,1503.21,1184.68,604.6,270.03,254.28,466.68,299.64,139.66,188.58
2285,724.54,581.71,269.92,152.35,118.54,326.46,153.65,86.32,95.4
2264,756.59,604.07,303.79,137.37,156.19,273.64,118.92,45.87,92.98
4367,1314.4,1260.52,461.3,239.7,227.56,610.57,275.65,311.78,193.36
8816,2969.07,2519.74,1088.01,448.67,615.83,1186.7,564.6,677.31,353.71
5447,1766.74,1528.14,590.72,340.11,286.05,797.45,332.12,200.27,238.65
8963,3053.33,2622.8,914.87,523.47,478.79,906.95,538.31,386.07,414.62
8232,2862.53,2174.1,962.46,573.66,462.37,908.54,463.93,376.51,335.72
7773,2691.71,2287.23,835.88,509.87,468.3,1050.15,495.77,346.56,374.54
7322,2529.48,1976.66,964.13,484.48,481.85,946.45,407.92,319.04,314.31
6916,2251.91,1867.63,924.69,347.49,480.11,931.81,409.43,335.79,279.85
3762,1196.34,1016.75,404.17,246.62,215.1,484.45,252.61,109.95,164.57
5048,1631.77,1286.76,511.01,272.05,254.46,651.45,261.44,118.43,208.91
4381,1465.42,1308.93,611.77,270.38,273.08,642.38,265.35,277.81,210.08
4269,1469.39,1096.81,427.34,251.65,274.14,623.55,254.95,302.22,185.02
2040,633.11,544.77,239.08,125.32,118.22,207.88,117.44,139.97,83.99
7827,2707.43,2081.71,976.26,412.24,420.07,944.59,484.89,450.82,348.59
2067,704.35,524.47,291.31,122.24,116.0,259.47,104.0,161.49,92.02
2987,1042.29,769.49,423.94,151.56,188.53,352.15,178.77,60.02,127.71
7895,2715.98,1991.46,1075.67,401.22,472.78,809.06,471.44,309.27,341.62
8657,2718.27,2290.82,972.7,546.73,561.57,1070.13,522.21,334.17,412.84
9804,2993.14,2875.84,1333.44,676.81,532.98,1458.69,531.86,401.77,454.78
9789,2991.64,2613.39,1099.57,641.65,654.29,1014.24,530.09,665.65,412.57
7717,2427.47,1976.98,854.51,458.26,409.91,1086.82,485.74,317.09,381.85
6008,1986.9,1695.97,765.16,307.11,340.04,659.57,311.54,310.16,258.63
7751,2637.01,2323.98,1038.19,394.53,479.2,998.64,434.97,440.54,351.39
5198,1793.12,1359.88,533.59,276.31,336.5,620.39,346.27,367.62,237.61
7374,2442.18,1946.58,759.53,512.61,407.96,866.08,384.0,419.96,310.72
6790,2038.91,2027.44,945.23,393.64,468.25,974.51,403.06,291.14,291.37
9183,2840.45,2377.84,1312.94,614.05,588.83,1365.27,581.95,566.45,411.46
4524,1379.76,1246.64,589.12,290.0,245.9,539.86,239.02,230.42,192.56
3085,981.54,808.22,374.65,191.6,199.03,407.29,173.53,159.51,132.83
9024,2933.41,2676.68,1283.81,622.26,576.87,1153.45,552.04,361.94,416.29
4479,1353.42,1339.56,611.12,244.59,291.38,465.13,253.26,90.01,212.02
3693,1172.25,1073.68,476.32,218.25,252.3,376.9,192.77,152.71,177.3
4315,1333.16,1146.66,500.49,290.38,277.17,598.36,235.81,164.67,177.85
7154,2377.66,1932.83,786.22,436.65,408.05,856.52,373.36,186.15,338.88
2778,897.89,728.16,335.95,152.59,182.82,320.52,193.55,88.67,137.13
9743,3164.19,2869.68,1114.03,527.86,622.75,1454.43,533.07,768.27,446.3
6589,2117.6,1948.55,770.67,428.66,405.13,686.98,399.37,242.4,303.4
3585,1246.87,971.33,450.93,180.17,204.62,406.73,209.98,183.16,177.65
3492,1085.09,987.63,378.72,238.45,238.93,498.8,214.37,184.94,170.04
7886,2569.52,2036.78,1106.48,397.2,475.17,952.23,472.86,422.7,359.42
2660,895.89,722.85,285.36,166.57,166.42,343.7,171.69,60.75,126.77
3348,1097.62,942.71,415.32,207.89,195.21,342.9,225.86,221.93,139.98
7423,2571.71,1998.79,1019.17,457.02,487.07,1083.87,413.51,473.74,327.59
3299,1052.05,883.74,409.9,196.25,187.45,352.48,177.06,259.41,155.56
5940,1919.71,1485.3,701.22,398.27,393.3,657.37,413.94,184.62,254.74
3986,1213.44,1156.8,493.25,251.86,207.91,429.85,268.34,212.16,177.53
9851,3255.26,2900.79,1403.11,646.59,632.23,1230.14,564.25,672.13,411.06
9156,2878.74,2732.82,1369.02,478.95,545.13,1289.56,621.65,251.43,448.44
4044,1245.61,1156.44,532.02,206.24,258.72,458.37,256.43,272.46,197.98
9368,3065.46,2599.05,1308.45,473.75,567.96,1003.46,550.36,339.1,419.53
5516,1801.61,1453.27,555.6,292.04,290.62,664.66,372.16,203.27,231.23
8024,2437.64,2406.92,1155.6,508.24,477.75,1196.24,509.57,615.73,375.46
7443,2492.74,2080.23,1099.35,445.69,515.73,748.42,495.18,289.03,313.61
3058,1012.77,868.65,393.74,198.91,199.07,382.86,178.45,168.36,129.31
2976,920.93,845.54,409.77,160.21,166.67,397.2,196.34,138.1,147.97
6577,2127.47,1922.21,826.32,377.12,453.04,922.99,377.12,162.38,269.63
2727,916.32,683.07,311.72,184.81,178.83,374.44,176.44,210.06,119.42
4527,1477.94,1181.6,645.61,311.07,259.35,469.55,265.78,148.59,206.2
5136,1642.36,1454.91,666.87,351.48,318.8,632.21,298.42,185.21,210.98
7127,2252.97,2100.74,919.16,472.99,417.17,740.76,469.9,303.86,287.86
9468,3129.36,2691.44,1258.83,603.72,491.71,1240.24,497.08,472.57,430.07
2342,812.57,633.92,334.44,159.9,154.85,243.22,160.58,67.12,96.36
9598,3201.77,2573.01,1311.04,616.99,516.58,983.03,577.55,554.73,408.03
3447,1046.98,988.94,381.09,238.11,203.93,397.44,216.2,175.39,155.02
4379,1414.57,1257.04,540.11,221.12,280.49,643.46,254.44,167.19,190.38
8581,2956.51,2405.71,1278.7,587.22,589.04,1162.72,539.9,528.24,404.21
5659,1724.43,1497.22,722.81,345.85,290.05,567.04,363.29,287.73,280.83
8317,2906.32,2463.98,1221.87,434.45,481.26,950.1,560.31,585.86,395.32
8702,3023.54,2415.62,1224.1,472.5,542.07,877.81,583.8,620.66,435.1
2526,767.69,731.34,336.72,169.35,165.67,289.77,144.38,199.06,110.86
3896,1350.63,1015.75,457.66,234.24,266.56,523.13,242.79,93.66,167.73
6754,2148.83,1804.68,778.17,470.46,337.77,931.98,443.14,299.27,284.52
4073,1393.93,1196.36,538.33,213.22,254.79,571.06,265.96,204.02,198.96
6915,2219.16,1746.07,841.06,402.8,346.71,1006.13,468.97,235.31,303.56
8748,2817.23,2411.09,1224.17,495.46,575.14,1034.8,582.96,658.92,412.11
2405,797.77,659.18,331.94,145.08,127.45,344.23,154.78,60.82,112.43
8375,2836.81,2408.33,968.2,524.85,568.6,1142.21,544.18,382.82,339.78
8676,2617.46,2291.29,1172.44,548.61,460.72,1100.88,573.91,269.92,423.36
9986,3291.96,2605.88,1245.53,499.56,651.95,1475.25,666.64,608.43,448.03
3573,1105.26,1058.7,415.06,185.01,199.32,526.61,203.85,222.6,150.91
7907,2508.87,2202.78,953.97,400.89,483.47,1145.57,518.99,572.08,393.7
6600,2094.83,1684.55,955.47,444.13,410.31,726.74,455.3,293.95,313.71
5740,1856.62,1490.4,677.18,322.97,310.74,633.66,313.74,381.75,265.0
6274,1987.02,1881.83,717.56,359.76,351.18,910.04,319.75,332.36,312.97
6227,1901.53,1617.65,732.24,367.44,324.74,746.59,320.37,428.02,296.19
3846,1181.8,1078.89,425.87,257.63,192.71,537.95,208.97,96.62,158.5
3478,1049.21,942.56,442.51,174.89,190.56,467.26,237.88,166.27,173.59
4395,1421.84,1293.36,471.9,230.18,265.11,607.03,230.9,127.6,202.06
8683,3019.27,2498.61,1223.19,553.14,558.07,879.71,563.98,585.42,373.32
2771,847.33,775.46,308.35,191.97,182.53,336.67,186.6,80.8,133.49
7525,2613.53,1885.29,977.52,472.99,386.75,1074.98,508.32,154.14,304.61
8219,2767.07,2416.3,873.28,453.87,455.73,1023.23,479.46,622.77,382.54
2578,855.57,701.82,383.92,155.7,168.61,346.76,154.44,126.52,107.23
4901,1628.43,1453.53,601.49,340.62,292.18,675.35,276.73,387.73,200.33
7611,2597.91,2091.33,1073.98,460.93,408.28,807.05,402.98,359.09,331.38
2193,669.62,624.37,303.58,126.03,126.85,236.38,118.96,121.6,95.54
4007,1303.23,1015.63,543.69,231.08,221.99,545.86,211.15,259.05,184.34
3185,1066.51,914.92,450.26,220.85,162.48,327.19,185.21,117.36,145.41
4394,1447.12,1172.76,461.47,282.88,286.81,514.51,234.67,122.91,205.99
4998,1707.51,1337.3,669.36,318.59,279.06,729.23,290.22,298.22,208.62
7480,2271.03,1914.38,847.42,408.72,515.39,962.81,501.34,378.8,364.34
3792,1268.56,975.84,528.2,232.03,256.96,551.83,239.24,263.95,184.24
9751,3185.67,2528.32,1441.62,557.12,627.24,1125.96,616.8,221.39,411.13
3110,991.96,828.54,451.18,170.44,175.82,410.0,206.0,163.85,139.13
6005,1903.67,1769.06,635.01,407.81,333.87,686.59,305.2,187.03,269.51
9429,3121.39,2530.87,1117.13,543.71,561.08,995.29,621.28,537.82,464.02
4261,1468.13,1219.58,503.72,237.15,243.27,637.17,229.78,279.63,209.03
5736,1863.1,1457.73,608.67,393.69,390.18,624.14,326.48,205.24,233.31
5793,1976.78,1619.46,607.72,312.51,303.96,633.89,325.34,283.32,287.22
3936,1259.94,1078.84,469.35,255.49,253.83,559.29,205.12,177.96,160.14
8716,2659.42,2605.19,1303.94,549.59,542.29,1221.21,466.08,569.09,396.54
6875,2083.64,2009.63,883.07,470.32,454.62,1023.63,475.25,384.95,296.42
6357,1923.42,1733.82,833.33,423.64,386.82,658.5,394.17,173.18,279.1
2729,870.57,788.02,337.17,174.95,170.81,285.74,162.32,214.51,126.26
6378,2020.95,1656.06,849.02,359.03,441.71,780.89,415.56,476.69,292.36
9815,3296.83,2729.72,1450.98,588.03,508.8,1271.9,650.49,537.11,409.04
7586,2557.55,1924.8,981.89,522.6,395.21,773.02,396.03,505.6,377.01
5451,1649.16,1457.62,562.83,275.08,315.46,588.27,353.32,115.55,219.6
6457,2008.49,1687.17,804.83,425.43,383.9,872.77,443.26,207.2,280.45
9616,3016.67,2749.65,1438.91,529.23,519.24,1283.03,593.39,635.35,461.7
6536,2139.76,1794.16,780.2,350.99,337.61,682.91,407.08,172.36,317.06
4140,1271.91,1190.47,536.93,226.23,208.84,606.85,279.07,93.41,198.61
3644,1117.6,1004.89,383.83,186.55,237.92,410.82,231.72,207.5,159.33
4800,1666.51,1220.76,513.88,335.23,286.57,692.94,335.55,105.86,224.32
6962,2368.54,1996.48,1000.68,469.22,465.54,1017.49,387.46,215.73,331.69
7543,2331.03,2200.0,867.57,455.76,431.59,939.13,504.7,187.06,345.32
2141,685.82,631.97,246.8,137.67,137.17,258.2,133.27,111.45,100.18
7410,2354.76,2064.42,884.46,452.99,442.9,844.05,424.7,449.16,337.42
3455,1173.15,993.93,512.46,228.83,215.04,484.98,233.77,107.1,140.1
8892,2894.44,2557.36,926.72,594.83,510.44,976.6,621.77,427.93,379.98
7971,2442.25,2054.82,1123.42,435.66,411.49,1045.05,407.77,169.07,374.85
7943,2676.39,2050.97,929.95,470.19,547.65,1019.54,544.18,284.99,336.91
7808,2497.35,1979.67,1112.43,489.54,520.96,877.97,422.12,240.3,347.88
8796,2754.43,2339.7,1315.77,611.93,494.67,1311.94,475.9,263.51,398.86
6796,2166.39,1859.9,798.08,432.59,470.11,967.18,345.48,227.67,317.44
7093,2304.43,2127.15,755.18,481.99,397.28,716.58,485.47,484.6,302.1
4096,1299.07,1112.27,439.17,274.11,241.09,496.08,267.01,315.33,188.22
3325,1037.72,951.99,458.64,204.96,216.47,392.18,169.8,207.36,152.83
6976,2231.8,1985.86,748.15,473.48,391.91,1005.52,437.19,169.76,337.99
3213,966.98,836.1,363.14,184.9,181.5,363.79,168.37,185.36,146.26
3159,1069.72,798.99,348.18,181.91,183.86,473.61,205.42,202.32,135.68
6650,2051.84,1844.05,783.26,436.37,394.8,731.53,386.9,177.34,300.76
6499,1963.97,1852.31,674.07,342.44,341.02,729.15,331.68,244.75,266.93
6987,2324.47,2095.49,998.0,392.09,351.79,931.4,465.25,319.33,321.94
9008,3050.98,2413.52,1288.21,560.04,616.0,973.34,553.53,348.1,442.85
6697,2281.61,1974.4,807.97,391.11,382.16,967.32,438.37,342.21,303.36
7926,2573.38,2132.86,1035.17,545.42,412.42,836.16,503.23,220.78,340.2
2340,726.03,665.66,309.11,161.86,152.53,349.05,137.33,109.24,103.09
5828,1963.23,1631.33,801.13,349.98,325.79,837.67,372.84,372.97,285.68
3968,1329.22,1002.51,500.1,241.18,212.82,563.39,199.57,189.1,190.98
2703,844.18,686.34,339.27,174.32,187.19,325.34,153.52,88.19,129.83
6413,2213.58,1609.91,843.73,379.3,438.72,806.0,420.42,436.9,292.69
8761,2674.02,2352.69,1184.07,471.36,456.58,1076.01,571.75,382.54,385.17
7482,2612.22,2149.5,877.9,485.88,508.67,1117.6,506.89,340.47,309.19
9989,3426.35,2583.53,1163.9,646.84,677.43,1016.29,621.52,414.12,497.01
4429,1481.04,1241.42,502.63,243.15,277.64,527.43,304.91,165.57,185.09
8376,2905.95,2214.96,1067.46,558.33,507.54,1243.16,512.23,470.03,356.16
3800,1277.24,1101.43,448.43,236.64,206.53,450.18,228.03,118.82,181.04
7463,2309.97,2163.67,947.92,408.42,391.27,894.96,402.59,493.71,324.7
7668,2469.92,2214.29,922.45,483.4,476.39,1008.84,502.84,374.98,351.49
6912,2098.31,1909.38,980.38,377.89,459.23,1004.75,441.27,504.68,329.12
6648,2123.92,1756.59,689.11,367.67,423.96,762.7,393.66,507.46,302.89
9696,3268.33,2816.42,1247.01,649.25,519.86,1429.0,501.69,416.72,435.42
2855,911.66,740.32,367.67,195.82,159.31,325.84,149.93,84.31,115.65
3812,1206.55,1008.23,454.34,210.18,232.26,536.61,199.33,191.8,171.07
4866,1604.65,1261.25,589.03,333.62,304.12,553.71,279.85,176.28,216.78
5642,1938.65,1600.69,789.92,309.05,290.25,584.79,300.04,257.23,275.36
2182,659.79,620.37,248.82,114.22,135.9,306.82,146.67,93.05,97.04
5112,1632.13,1444.78,733.93,261.55,330.88,626.24,347.55,240.41,236.68
7670,2361.69,2076.88,1110.75,420.64,411.32,916.85,514.93,382.84,366.15
6492,2173.31,1655.52,860.39,374.62,356.57,788.74,403.65,374.24,290.04
7823,2388.25,2312.15,1084.6,536.27,431.66,1021.52,484.46,158.25,333.33
8922,2973.17,2457.0,1165.64,489.31,613.8,1009.39,605.08,315.71,436.64
3517,1105.42,950.82,444.07,201.56,204.48,393.42,204.43,106.27,172.18
9826,3045.53,2745.79,1457.53,635.58,595.57,1220.11,503.55,615.37,481.46
7002,2428.42,1818.0,799.16,392.4,451.53,712.68,415.97,489.72,299.18
3356,1009.91,861.24,361.47,213.73,192.73,443.47,204.97,213.26,144.83
4174,1343.56,1128.13,477.4,244.77,217.51,589.13,254.57,327.57,205.31
5629,1694.79,1471.2,735.89,303.57,355.11,767.63,299.35,138.67,232.24
5628,1824.48,1475.74,614.91,364.03,356.51,694.86,369.58,269.5,262.03
6096,1981.52,1796.04,886.61,308.1,336.57,781.93,394.04,450.87,261.66
5239,1655.96,1448.78,631.57,292.58,265.64,530.76,286.03,205.08,247.35
5691,1744.91,1560.32,810.96,325.09,360.28,828.71,347.29,387.78,275.08
2018,643.38,574.07,226.95,119.39,129.29,258.11,132.8,108.38,88.96
5403,1802.51,1607.81,624.9,343.62,272.97,625.78,270.98,425.29,224.29
6679,2264.98,1707.22,687.68,395.32,426.55,765.94,370.71,282.26,316.07
6551,2139.15,1910.77,739.53,405.42,450.57,871.17,389.4,294.99,265.69
5004,1648.78,1397.12,623.08,309.83,268.09,646.6,334.77,149.26,200.91
8132,2521.17,2092.43,1197.9,467.31,491.39,889.58,536.54,240.53,396.61
3132,984.6,829.53,374.1,215.1,200.25,377.39,166.06,224.44,150.86
5339,1644.92,1463.52,704.68,369.02,291.52,714.41,316.36,237.25,244.63
8588,2683.45,2443.79,1042.46,529.34,558.49,986.61,481.72,491.47,400.66
5311,1653.02,1392.17,543.53,273.17,357.76,666.34,308.19,345.93,263.03
8048,2623.43,2227.24,1007.42,481.45,533.51,907.36,489.42,372.58,326.97
5372,1762.74,1526.9,554.9,288.41,296.42,556.45,322.25,414.86,226.52
8745,3036.68,2382.46,1260.9,521.76,577.91,1044.26,462.01,667.16,413.57
8246,2554.43,2417.33,1135.08,443.38,480.47,1126.44,432.37,501.42,351.61
2987,991.93,876.6,355.25,191.4,165.27,330.64,157.13,238.1,125.67
5321,1813.73,1455.48,702.43,274.61,283.93,732.84,355.58,107.27,236.37
9620,3155.48,2872.98,1015.89,664.42,655.89,1284.03,484.84,197.74,454.42
6615,2068.84,1678.75,893.87,356.6,387.23,829.31,357.53,159.1,278.53
9320,2918.35,2331.57,1315.39,589.15,627.37,1384.7,644.18,714.02,412.83
6954,2099.85,1870.86,981.12,475.23,369.89,1002.56,356.88,391.44,314.24
2173,685.09,608.56,248.19,119.42,141.98,278.49,110.23,164.42,90.66
7462,2516.41,2100.25,844.6,512.53,389.52,954.31,430.91,206.14,334.06
5741,1735.94,1572.01,723.77,331.68,289.07,653.83,304.41,125.84,279.35
5052,1570.99,1294.55,749.66,349.65,353.14,737.64,309.76,265.72,239.77
8574,2874.96,2216.59,1252.03,595.27,441.31,1241.48,486.76,261.62,386.13
2726,924.48,797.65,321.62,146.55,161.46,373.74,147.69,195.15,112.46
5760,1859.13,1689.96,800.59,383.74,389.19,612.83,403.04,260.49,231.75
7806,2614.26,2214.52,1140.19,420.5,518.22,1055.23,443.55,516.97,317.49
3875,1237.67,1097.44,438.05,211.3,230.27,436.54,243.43,197.57,184.07
8993,2769.8,2517.0,1272.64,464.78,559.52,984.2,606.87,465.12,423.06
7777,2487.92,2023.16,881.87,413.2,486.79,1072.92,532.32,473.7,369.1
6033,1984.85,1637.43,706.85,377.93,314.9,892.8,351.14,242.09,259.85
7443,2585.72,2119.73,818.29,439.03,414.56,784.83,517.46,572.6,304.41
2989,906.97,827.54,374.68,196.73,167.44,323.41,192.76,131.59,140.91
5744,1868.92,1441.34,816.6,325.34,330.64,637.36,354.21,252.06,282.75
4686,1482.87,1394.92,592.32,325.08,259.97,694.21,299.27,292.62,208.63
2419,787.18,706.93,256.83,123.36,133.12,326.13,138.37,140.73,115.25
2593,781.01,682.03,291.94,132.91,148.05,347.24,151.66,206.78,122.6
8628,2723.44,2422.94,1105.62,552.43,496.84,1080.67,532.57,612.71,418.78
9826,3350.6,2910.09,1269.12,665.72,587.05,1246.72,555.53,364.3,395.83
3774,1236.73,961.62,486.26,248.74,201.8,432.16,246.73,98.48,187.01
4459,1438.16,1226.9,463.07,266.63,293.25,480.36,245.34,117.71,216.95
2935,922.4,800.7,404.1,162.58,197.27,408.01,193.52,122.38,143.12
7203,2268.24,1948.49,1047.83,362.09,395.9,889.82,382.07,350.29,359.89
7232,2308.13,2110.15,907.8,435.29,379.43,815.77,393.04,421.1,335.53
5808,1985.05,1562.54,789.55,345.65,374.3,764.56,377.88,415.06,237.06
2331,812.03,590.17,339.63,132.6,159.64,257.51,128.82,185.02,112.42
5449,1754.21,1380.19,719.98,335.45,276.28,678.07,359.13,242.61,225.31
9922,3171.74,2501.71,1326.73,640.73,498.96,1086.57,651.65,523.23,470.09
4702,1609.62,1271.69,639.8,301.01,252.35,648.8,259.3,263.52,208.02
8184,2629.89,2339.97,925.0,452.29,521.29,949.67,421.16,437.96,327.9
6006,1967.57,1562.68,775.58,370.61,416.19,733.24,320.28,152.67,266.41
7889,2457.79,2227.25,1121.1,417.92,512.85,1086.66,513.18,212.23,378.41
7054,2378.43,2005.84,809.86,369.86,433.54,938.04,472.19,517.24,288.33
5868,1916.49,1541.88,850.03,385.63,375.62,704.07,338.36,355.22,234.85
6200,2110.8,1736.17,812.32,396.02,338.61,642.02,330.36,376.5,276.07
2201,746.22,625.62,266.67,143.85,140.36,321.52,113.37,151.62,88.07
4497,1397.44,1229.17,589.82,238.56,253.76,451.48,244.26,112.64,221.92
3842,1290.07,1025.18,461.4,262.38,209.19,525.32,267.38,172.62,185.37
3866,1314.45,1086.18,548.59,203.59,211.59,569.35,206.47,134.54,179.0
3996,1267.95,1194.37,495.97,269.33,253.17,460.87,206.69,238.35,160.53
7385,2279.24,2003.86,1071.27,421.3,482.57,766.36,485.26,242.94,337.48
2909,873.08,784.23,365.05,151.58,179.3,327.2,181.25,178.98,135.88
6305,2033.65,1722.61,838.68,351.41,323.3,729.31,382.69,272.84,289.24
6658,2114.72,1689.87,997.95,357.06,337.96,816.04,392.54,308.69,329.36
5189,1700.67,1440.77,557.03,310.37,281.99,655.17,332.29,358.46,250.7
8856,2740.06,2359.55,1211.82,611.02,493.54,1206.78,566.49,362.12,386.57
9544,3273.43,2443.94,1020.67,539.78,554.47,1384.32,558.21,337.82,448.07
9718,3040.64,2656.05,1379.41,604.87,500.68,1197.64,531.42,690.13,433.53
7659,2384.41,1916.05,994.31,519.54,494.03,1051.71,511.81,468.15,377.46
2770,897.58,748.15,406.94,173.41,177.92,294.62,147.62,122.53,127.92
5155,1675.08,1316.0,738.7,295.09,293.49,600.24,312.81,257.3,236.21
4501,1398.7,1130.72,466.95,314.25,275.73,476.67,287.4,183.96,202.58
4714,1478.28,1372.83,503.76,253.37,245.21,634.44,295.93,250.18,206.37
6724,2074.25,1989.04,874.51,406.57,392.04,977.55,419.42,190.44,278.92
5585,1876.13,1454.24,703.24,368.24,375.04,806.77,353.25,409.42,238.7
3628,1228.09,1004.83,393.38,181.45,229.33,422.02,244.94,193.17,157.18
7797,2519.34,2057.61,830.13,499.33,406.06,871.01,446.83,336.18,323.89
2386,800.99,655.38,305.88,132.02,159.75,271.29,149.24,129.55,114.83
8031,2704.81,2183.08,822.74,428.81,510.88,918.48,513.5,238.29,321.42
5421,1663.78,1428.18,778.93,300.78,320.17,564.39,335.05,133.94,266.48
8439,2939.38,2405.28,1184.45,585.13,538.76,900.16,574.36,446.32,348.39
8401,2865.17,2153.38,1169.99,569.91,449.09,930.19,530.07,203.55,340.32
7200,2233.61,1819.11,725.76,390.78,439.27,722.94,421.12,429.5,359.65
6008,1858.32,1732.61,615.11,314.46,374.65,614.99,402.01,408.63,300.39
6093,1866.18,1726.13,776.81,349.03,417.7,822.11,364.31,483.19,255.4
6363,1952.93,1749.36,952.68,393.53,326.66,833.34,385.62,420.94,263.03
4466,1506.86,1220.96,523.04,300.75,256.78,657.71,275.31,350.35,187.47
4282,1385.15,1177.0,501.93,296.84,294.33,514.22,241.74,91.34,193.17
3856,1307.75,1048.26,411.49,250.73,209.55,471.27,248.52,206.41,166.62
9478,3197.05,2555.69,1267.37,587.45,628.05,979.9,492.5,283.24,411.0
9980,3295.7,2744.35,1320.69,527.41,499.32,1073.97,672.42,346.39,480.0
3998,1336.6,1105.15,420.05,205.82,201.97,538.05,260.23,256.16,195.51
9129,2747.08,2598.07,1126.25,565.27,516.27,1020.18,521.02,321.06,453.7
7476,2359.34,2134.85,996.95,454.4,488.71,1036.65,407.65,230.18,337.52
3236,1074.0,870.1,403.45,216.56,168.54,437.78,186.9,136.92,137.4
6669,2003.82,1805.15,891.77,376.48,384.52,916.07,440.83,166.69,303.77
6144,1853.33,1650.8,865.16,312.08,323.35,826.55,311.08,176.88,299.28
3150,1079.17,872.0,423.02,184.19,171.59,426.46,186.98,90.68,126.97
6318,2111.48,1722.71,826.43,438.37,379.46,804.53,348.01,212.05,310.29
9064,2839.47,2669.17,1293.25,597.42,511.05,1213.78,611.81,654.8,383.09
9446,3158.72,2690.39,1369.95,478.68,512.33,1193.11,550.48,356.25,407.17
3431,1165.25,1011.91,409.81,231.57,198.55,378.45,219.44,125.0,149.73
7624,2404.15,2176.32,828.44,453.12,488.1,845.35,435.77,210.11,374.63
9461,2855.35,2824.58,1332.99,542.07,495.65,1137.83,535.44,198.36,395.09
3819,1323.81,1076.14,422.72,217.43,227.58,384.56,215.84,113.13,161.28
4324,1371.83,1289.32,633.24,267.67,239.96,624.67,274.85,274.05,204.57
7557,2307.33,1949.01,764.34,458.04,435.07,857.06,523.59,590.89,372.91
3130,1015.98,790.71,457.18,197.6,207.93,321.07,169.53,202.29,128.48
7777,2631.92,2169.44,1006.8,478.07,533.46,942.74,489.0,553.67,351.7
8563,2663.8,2561.83,1188.01,452.8,469.76,1205.5,473.61,575.47,420.83
4658,1460.16,1261.76,558.61,256.86,291.59,558.34,284.08,175.9,227.59
5500,1716.75,1433.31,822.72,367.51,349.43,622.24,334.58,351.31,272.17
2374,829.91,655.41,264.41,150.19,158.7,302.08,140.07,154.39,116.38
4120,1276.67,1163.65,466.45,242.95,280.08,530.32,247.09,146.32,177.77
6020,1979.23,1599.87,617.48,322.99,357.35,830.52,406.98,452.94,253.32
4021,1392.32,1148.95,591.18,201.67,280.07,562.89,208.18,321.18,197.09
5705,1753.4,1704.4,700.58,320.84,396.02,771.95,379.99,306.23,268.82
7149,2491.73,2107.87,956.13,365.29,429.86,716.52,423.55,278.78,313.02
5259,1826.84,1391.42,706.66,313.68,319.96,526.45,298.04,218.02,247.85
5435,1870.88,1447.54,781.15,361.08,344.33,809.12,291.01,298.63,234.1
3889,1208.42,1044.5,518.19,216.65,223.53,440.27,257.83,79.6,178.17
3823,1268.1,1031.17,489.73,255.97,241.77,436.27,236.42,147.19,161.84
3474,1174.37,885.93,470.78,222.65,209.43,474.59,224.31,79.69,158.47
4242,1481.74,1222.11,583.48,222.73,215.11,547.55,238.82,243.71,208.84
7275,2248.13,1951.64,795.13,457.53,487.82,896.12,420.93,409.17,347.12
5243,1773.71,1541.39,553.05,278.06,360.77,554.82,357.95,290.79,244.12
8990,2849.29,2664.16,932.64,567.23,454.22,935.63,622.32,261.24,381.72
7160,2210.87,1798.75,849.91,378.44,471.02,967.9,463.95,548.98,290.94
5134,1648.37,1537.25,641.24,297.0,296.32,545.39,333.65,267.24,241.84
4070,1382.55,1161.99,532.28,249.62,251.17,495.69,260.02,217.14,186.25
2359,762.53,651.13,348.9,120.33,141.54,322.73,145.65,124.21,99.38
9242,3020.99,2490.5,1077.06,490.44,564.0,1350.81,572.09,475.64,456.07
8703,3043.94,2401.38,1201.39,490.92,521.34,1250.44,602.91,664.09,396.16
8815,2820.41,2346.83,1115.7,522.26,591.2,1262.32,573.14,494.71,403.01
4041,1336.64,1136.06,448.57,271.43,257.29,476.53,255.01,198.44,173.71
9992,3180.08,2544.45,1306.61,537.02,582.06,1462.41,537.38,659.34,487.55
3141,1003.99,882.8,466.0,178.88,200.31,421.47,218.43,110.21,153.64
3635,1216.93,958.79,386.09,216.34,251.91,524.62,219.58,114.58,171.4
7499,2601.36,1881.36,940.1,419.31,386.99,783.24,516.49,347.6,307.4
6000,1962.71,1665.81,615.48,375.09,346.57,611.87,385.63,125.65,245.06
3943,1334.39,1099.79,457.63,217.39,265.79,479.0,200.31,148.3,176.23
6774,2062.41,1837.98,887.6,443.34,438.83,957.85,411.72,306.22,280.59
5361,1664.9,1359.63,761.55,322.21,368.29,645.61,363.76,293.36,232.23
8583,2790.39,2529.13,1171.72,443.97,435.98,1237.95,438.04,451.4,358.03
9835,2960.34,2759.42,1211.11,615.08,661.46,1098.95,662.24,413.5,423.9
4980,1556.96,1273.81,724.4,305.7,327.86,507.8,310.09,202.17,246.16
2006,653.7,552.75,230.96,113.88,133.0,276.96,102.09,40.28,95.35
5267,1584.04,1447.7,725.26,264.53,326.27,691.6,302.7,383.79,217.96
8564,2682.48,2166.86,1059.37,462.58,437.09,1044.85,433.37,290.12,399.85
3591,1169.59,1006.71,520.45,208.69,218.27,510.87,179.67,148.96,144.74
6928,2276.94,2012.0,969.03,374.1,402.9,978.29,470.61,146.98,345.27
5264,1822.86,1513.14,763.67,324.0,318.69,611.82,342.01,407.49,238.55
4606,1530.42,1198.24,509.94,295.92,298.5,653.59,256.97,228.8,207.52
5219,1673.93,1529.77,696.25,350.3,323.16,611.97,272.82,111.67,221.3
7906,2739.57,2111.91,1082.51,497.6,441.56,1036.44,403.91,277.28,352.44
9836,3336.81,2924.49,1348.72,627.34,609.74,1078.27,672.24,715.63,445.2
5273,1634.63,1337.17,660.18,327.82,272.42,596.95,329.62,224.32,245.63
9611,2946.18,2636.4,966.51,669.98,481.58,1176.33,511.41,589.77,388.85
2913,972.33,815.22,329.38,160.86,169.04,337.12,185.35,165.55,126.49
4011,1315.58,1052.42,465.94,221.91,261.29,427.0,280.68,193.8,175.96
3442,1168.5,993.25,490.84,180.8,228.73,427.21,226.35,240.92,142.81
7546,2542.55,2123.03,1071.87,450.6,460.28,947.54,444.69,169.19,319.93
5054,1674.19,1268.08,531.85,262.42,340.44,545.5,335.0,377.76,214.12
7598,2654.13,2130.62,1120.64,420.95,399.03,826.02,493.0,479.31,365.49
5546,1811.76,1522.79,605.2,330.84,384.24,562.74,287.13,398.33,259.95
6221,1901.48,1616.22,750.99,430.19,425.74,631.54,426.23,130.74,306.24
8538,2914.99,2559.58,945.65,591.48,529.23,1006.9,577.87,214.2,367.98
6912,2160.64,2038.06,988.53,448.41,353.72,741.88,427.24,223.62,337.42
4928,1669.93,1304.07,677.45,284.76,291.17,719.26,296.48,274.06,239.69
3829,1331.94,1060.84,450.58,257.7,205.18,421.08,208.89,97.81,170.31
2575,862.21,684.5,345.29,173.84,161.11,265.99,171.72,195.42,119.22
8468,2792.76,2445.34,924.86,577.55,455.57,1017.93,496.54,549.71,389.35
7511,2426.2,2227.14,894.67,471.69,447.93,823.38,462.57,514.17,323.56
2929,932.07,784.8,348.13,158.27,158.5,301.95,156.41,161.19,124.84
5759,1829.35,1671.72,644.41,298.44,308.89,792.65,312.58,333.2,240.09
5699,1891.03,1566.77,819.61,389.22,313.21,728.65,397.24,189.57,275.7
3463,1168.98,934.42,463.84,177.0,175.17,356.17,207.36,258.35,157.0
5275,1761.46,1566.26,601.33,294.97,339.3,650.94,349.81,310.88,228.85
9653,2991.66,2659.6,1082.16,576.66,541.87,984.04,642.84,435.01,435.35
6928,2249.52,1893.91,699.02,349.45,443.13,815.53,482.4,505.05,282.7
3054,1037.08,866.18,358.32,208.09,192.61,360.87,212.74,219.37,125.4
9555,3093.77,2513.55,1207.16,532.62,490.38,1348.68,565.07,191.41,454.76
7744,2530.98,2061.76,881.93,391.61,435.53,1059.1,534.39,584.6,379.55
3900,1320.37,1156.75,526.59,272.5,239.22,564.9,223.51,163.04,168.49
3457,1151.4,981.53,416.87,194.38,236.35,369.99,214.86,156.7,152.43
8980,2877.8,2616.16,1040.03,606.47,521.08,1137.66,596.58,225.57,392.76
9069,3126.72,2390.19,1332.72,535.7,545.01,916.06,619.19,658.9,406.2
3399,1047.33,942.17,384.56,215.03,220.95,480.2,205.56,177.95,150.03
5415,1894.04,1616.76,649.33,296.86,357.75,640.75,316.0,402.56,237.51
2442,747.11,649.41,290.88,146.66,167.2,252.66,157.68,163.25,113.8
5650,1699.22,1457.83,633.14,311.61,338.68,656.72,334.02,417.42,241.37
8218,2831.11,2264.42,911.16,567.22,442.76,939.69,521.32,631.93,406.19
6652,2077.07,1791.99,765.77,340.71,434.3,919.97,439.59,486.62,286.6
9939,3344.32,2564.05,1423.38,551.55,521.91,1056.82,664.15,323.91,418.89
9833,3348.64,2895.11,1360.44,667.29,573.92,1256.55,541.66,238.02,488.89
3178,1089.89,951.93,426.01,189.41,198.83,443.95,195.22,181.83,134.39
9597,3354.92,2672.08,1179.04,595.03,612.64,1314.57,484.66,281.22,435.38
8133,2559.47,2348.27,1019.78,512.65,525.88,1193.89,536.41,583.84,352.07
6458,2166.74,1891.88,732.06,332.06,347.9,646.0,339.06,496.28,263.32
8591,2626.87,2448.86,891.02,432.6,598.22,1011.08,579.32,234.33,425.5
3257,1043.35,821.44,379.61,223.94,174.47,385.89,189.35,111.23,142.47
5634,1929.07,1452.91,703.01,312.29,292.53,572.78,300.55,324.03,261.69
3841,1222.91,973.88,395.11,221.27,243.06,541.06,253.18,243.96,186.76
4309,1420.05,1079.38,449.91,274.23,293.87,579.32,232.71,218.63,196.19
7946,2583.95,2108.07,899.1,434.85,486.2,1004.41,459.98,334.86,374.48
8268,2747.44,2229.2,978.55,534.62,511.87,994.23,507.14,317.17,395.59
2910,1014.56,762.57,348.23,172.17,176.84,421.28,166.45,174.48,127.5
6340,1919.67,1605.48,671.37,425.62,322.42,717.84,339.7,410.03,293.46
6637,2181.57,1835.09,738.64,368.82,422.29,774.72,385.75,247.76,279.15
6009,2062.0,1584.37,679.51,324.95,343.5,887.12,317.79,237.71,243.69
8628,2796.07,2500.41,891.98,574.92,592.86,890.68,555.5,410.73,430.25
4169,1267.07,1043.93,484.88,235.66,224.02,579.62,222.75,196.0,170.62
4172,1368.53,1218.75,432.27,242.97,233.81,566.99,248.85,294.37,184.77
7668,2427.72,2283.05,1036.51,505.12,460.82,1112.58,469.34,354.37,311.89
8313,2558.3,2375.91,991.76,521.32,495.02,868.94,572.78,654.27,409.22
2123,727.03,608.63,246.98,124.91,123.15,315.31,109.47,82.07,87.24
9202,3000.59,2730.03,978.41,506.09,517.96,933.47,631.34,566.56,440.45
5158,1788.09,1343.42,574.22,336.73,273.08,602.89,279.38,338.04,243.24
8789,2990.9,2634.31,981.16,471.17,583.75,916.18,587.27,508.22,355.52
7827,2619.29,2259.45,1168.26,536.66,461.6,802.73,405.52,328.91,369.53
2785,836.2,797.42,394.82,147.62,171.16,412.84,194.32,98.71,138.4
8139,2615.8,2181.7,820.11,537.98,495.92,1106.77,538.42,457.88,367.96
8344,2585.59,2313.7,1091.74,488.0,513.24,1045.37,427.71,496.62,357.92
4416,1525.9,1248.39,498.1,237.23,283.05,465.49,239.71,156.58,200.71
2796,863.21,785.72,294.19,162.3,174.99,353.14,170.47,112.37,115.22
6172,1939.88,1760.56,834.95,335.95,342.41,715.97,373.23,442.68,305.88
6154,2005.23,1563.85,655.9,324.44,375.85,698.97,385.15,422.35,268.64
8574,2685.1,2295.97,1047.63,469.71,470.63,1122.38,508.18,266.02,382.14
8781,2726.44,2385.8,1155.65,591.38,542.46,1225.36,567.98,667.37,386.49
7619,2513.93,2004.04,973.13,397.09,446.77,930.76,434.05,439.48,306.88
3936,1198.3,1017.97,586.0,273.36,199.9,490.68,210.69,196.03,158.79
4156,1258.89,1067.87,578.88,208.22,268.81,550.97,210.61,133.21,189.61
5807,1850.18,1558.13,805.49,366.8,322.25,616.89,328.07,370.55,261.45
9151,3075.04,2513.52,1077.8,614.31,625.96,1294.23,535.68,688.59,456.31
3301,1081.87,835.64,331.49,226.71,183.57,468.24,208.56,78.88,140.73
6163,1979.21,1832.4,842.61,325.9,430.99,783.02,407.55,315.82,269.23
5140,1687.4,1481.67,770.93,328.78,304.59,562.2,281.68,373.31,256.38
5236,1666.48,1500.34,629.86,273.04,264.57,654.7,313.45,403.96,211.95
9656,3348.77,2497.46,1441.41,550.9,497.53,1016.75,527.94,234.91,448.29
4352,1317.55,1219.39,466.04,281.31,224.74,601.29,300.39,293.6,178.5
3932,1311.99,1087.14,451.49,223.81,201.02,454.37,247.52,145.03,194.49
4721,1626.69,1412.16,512.4,265.64,261.33,545.53,300.06,247.81,202.44
2364,804.22,679.37,292.57,123.69,133.55,348.1,143.32,158.44,113.81
6916,2138.44,1928.1,967.2,354.99,361.19,837.48,384.78,364.53,339.66
7498,2360.34,2193.47,877.51,392.19,440.6,1045.81,404.96,199.47,363.43
4390,1474.39,1131.54,637.92,296.37,251.58,578.86,277.15,243.35,200.05
2946,896.21,738.74,374.85,147.96,184.79,341.17,201.61,79.74,146.52
9042,3079.64,2572.55,1114.62,577.4,487.52,960.17,490.6,369.34,422.86
7673,2577.71,1955.97,1069.25,501.6,523.91,1073.35,471.39,410.46,367.24
3377,1136.29,863.74,354.83,207.21,203.7,466.45,204.6,268.42,143.32
3439,1048.94,987.8,476.95,222.21,214.85,372.99,216.08,218.77,151.95
5180,1739.9,1365.07,580.92,326.58,263.09,582.52,319.9,197.87,238.19
9730,3249.73,2738.33,1109.62,575.15,595.3,1345.77,539.59,706.33,403.39
6857,2341.98,2028.78,891.22,395.33,393.33,1022.94,437.67,230.18,340.5
9664,2919.3,2568.92,1402.21,665.14,661.82,1374.05,535.9,415.93,397.16
2340,704.7,610.41,301.67,162.49,158.45,314.05,147.56,137.64,110.75
4989,1589.75,1273.83,660.78,314.43,313.07,727.25,279.38,222.68,202.45
2382,732.32,611.04,330.69,128.5,155.68,272.17,123.03,151.91,97.72
7099,2327.9,1796.84,801.95,418.54,446.47,713.33,373.01,419.1,328.21
3556,1229.9,904.58,502.68,213.11,179.01,412.67,237.12,213.49,158.33
2299,734.7,624.41,277.94,149.8,147.28,341.62,120.53,103.95,92.04
2138,731.73,568.8,232.58,135.45,114.47,308.08,121.03,49.83,93.94
2358,707.43,672.8,277.08,142.18,150.09,241.74,131.47,170.63,100.22
6931,2137.7,2034.33,778.4,440.86,348.01,867.05,354.57,169.4,337.65
3522,1061.96,1018.7,392.48,177.79,198.0,366.11,218.33,168.5,165.82
5456,1726.32,1508.76,622.68,357.55,329.21,760.85,359.96,207.96,258.48
3627,1252.8,925.33,395.51,196.7,205.52,430.27,253.33,137.03,179.57
8078,2462.56,2306.18,1077.48,509.95,516.02,1176.13,555.13,271.4,380.46
3303,1091.05,885.67,426.09,172.68,199.68,339.29,168.41,119.9,137.42
9804,3162.52,2492.99,1298.27,512.64,678.37,1340.21,540.69,758.05,484.05
8626,2992.56,2519.86,1010.85,437.45,493.03,1034.85,502.4,675.62,354.8
7004,2144.11,1869.44,969.96,477.71,451.32,794.33,472.77,380.01,293.65
3134,973.42,817.7,333.71,194.59,209.09,394.48,179.27,161.34,134.3
9009,2716.01,2644.8,1158.17,515.67,496.15,1119.59,553.21,206.32,376.13
4186,1346.62,1235.32,476.25,275.25,272.44,491.61,264.52,285.59,168.21
7091,2225.81,1892.93,896.16,443.34,410.33,939.15,396.81,214.38,316.2
8578,2946.5,2296.67,996.61,535.28,450.98,1141.44,528.74,244.94,402.13
8652,2857.3,2413.75,1207.18,516.88,433.23,898.57,441.41,393.18,382.52
8416,2783.21,2412.63,1216.65,422.13,545.99,1092.15,501.62,343.81,356.4
5170,1688.5,1308.82,708.96,285.23,277.76,700.73,297.64,133.38,252.45
5835,1777.3,1631.86,634.73,304.48,297.72,605.64,333.27,168.49,256.06
4151,1337.66,1235.51,472.15,262.54,248.83,551.9,227.05,330.17,200.86
3237,1132.87,851.67,472.5,177.95,184.3,453.82,214.79,207.46,135.26
7880,2693.08,2328.08,960.26,464.95,503.03,1115.79,532.99,440.6,341.47
5735,1976.7,1706.21,843.38,327.29,299.06,585.44,388.62,219.17,275.48
8905,3038.04,2346.09,1065.24,470.75,468.88,1201.03,515.8,407.02,358.91
4834,1475.11,1390.79,713.44,334.36,280.77,676.03,266.76,278.82,237.86
6260,1949.19,1639.74,915.76,429.86,378.16,750.21,325.32,419.78,275.22
2998,899.87,860.07,398.81,154.97,199.32,381.17,190.22,230.2,149.24
4567,1439.41,1323.84,458.72,303.92,281.84,517.24,258.51,124.96,214.71
3307,1010.06,867.63,396.9,197.65,225.05,382.0,183.65,104.17,163.68
8660,2802.72,2474.97,1260.56,567.01,470.72,1083.2,497.33,468.11,352.13
2656,886.72,771.85,383.14,140.83,164.47,285.67,162.27,202.68,125.42
4660,1601.76,1248.55,509.66,245.33,294.07,552.33,248.09,219.73,227.2
4211,1421.05,1088.06,505.15,285.57,271.68,484.57,291.51,244.39,210.03
3909,1356.15,995.22,554.2,265.64,272.74,437.47,252.73,147.07,157.67
5730,1734.44,1597.35,738.56,339.89,340.14,711.63,291.86,393.68,233.96
4046,1216.26,1209.37,576.01,272.71,232.19,574.26,227.13,227.85,191.44
8207,2733.48,2389.45,1159.88,519.91,550.23,920.11,418.6,352.15,331.47
5162,1623.28,1402.99,750.42,277.2,276.35,686.48,281.79,271.3,207.07
3140,981.8,869.25,332.4,177.66,159.33,353.91,175.0,193.69,142.72
7985,2527.61,2107.85,856.48,420.98,470.09,855.23,513.91,261.99,361.68
2266,710.37,584.98,235.98,148.38,124.5,333.48,145.87,91.74,104.54
3845,1251.82,1053.93,564.31,268.02,222.74,506.24,195.74,134.69,154.34
3708,1194.0,1012.93,458.9,225.92,258.53,390.19,229.02,287.78,166.98
5630,1833.25,1554.42,581.11,355.35,320.74,741.09,389.7,127.11,241.34
5211,1738.58,1551.0,604.87,338.31,334.33,567.05,326.04,121.87,247.84
4293,1371.0,1202.88,504.73,233.9,236.15,619.87,297.12,177.49,186.67
5732,1791.62,1606.61,805.22,325.12,321.38,644.13,330.23,299.68,249.72
5829,1797.14,1494.56,797.25,339.52,319.8,818.04,345.05,231.61,271.3
8538,2710.59,2559.9,1148.1,528.43,524.6,938.84,511.51,609.75,397.93
3510,1183.19,1013.13,354.84,235.2,191.37,448.98,240.36,105.87,142.45
2475,836.14,727.3,360.2,136.33,159.31,360.4,142.57,103.65,114.49
9684,3228.12,2621.6,1072.77,575.4,615.96,1111.72,674.67,477.2,451.07
2976,927.62,818.72,391.2,193.53,173.87,309.71,181.13,95.62,132.66
3207,1056.4,885.47,330.61,165.95,161.99,409.31,174.34,119.96,154.83
7139,2345.41,1854.03,743.0,430.18,360.18,775.41,371.75,548.59,286.21
3960,1283.88,1126.52,397.9,209.43,240.2,540.21,211.69,202.81,196.75
2557,837.41,754.7,328.05,155.42,170.77,331.24,129.86,184.56,111.89
7113,2308.81,1836.47,935.14,464.88,440.85,834.49,454.14,257.22,326.89
9691,3181.29,2464.58,993.55,530.48,568.99,1311.02,584.74,549.89,390.97
7701,2585.81,2209.5,881.95,515.89,520.91,861.95,498.71,506.68,362.63
9696,2961.95,2556.45,1382.39,549.73,523.0,1414.18,636.5,439.18,440.56
2882,972.62,810.4,302.8,155.1,164.82,338.19,197.78,165.67,142.96
4194,1286.7,1194.4,464.81,248.73,257.12,579.39,219.51,301.1,185.48
6761,2050.82,1799.07,819.57,456.51,377.49,763.49,363.21,192.33,319.25
9471,3303.52,2753.76,1345.96,486.61,662.54,1285.61,577.4,391.01,385.87
4667,1623.41,1295.09,526.17,263.93,275.57,474.06,245.44,324.05,189.69
7867,2383.87,2308.57,1178.92,496.12,401.49,902.94,407.94,266.33,389.34
8963,2887.54,2582.82,1055.51,512.25,479.71,937.93,567.6,478.33,381.22
6959,2152.5,2041.97,830.36,357.81,422.06,852.9,448.82,322.07,341.85
6677,2165.13,1675.98,708.47,378.19,407.3,812.96,446.48,399.91,272.93
9166,3130.27,2403.1,1228.33,608.8,638.71,1081.13,626.17,550.7,425.1
6790,2359.73,1728.06,761.66,470.96,420.98,1012.11,399.59,371.47,309.05
9929,3293.57,2701.72,1305.1,504.35,628.83,1114.08,691.03,762.61,493.09
7347,2334.11,2163.68,816.68,451.0,398.75,1025.29,372.92,224.23,323.56
9269,3060.31,2533.93,1106.66,482.97,483.26,1134.27,624.75,649.81,375.25
3610,1139.32,1055.87,515.63,229.62,223.97,421.43,203.71,178.21,161.51
5488,1896.06,1461.78,751.56,275.27,369.33,604.63,375.57,327.68,264.75
7335,2519.72,1958.29,790.2,368.91,452.92,965.8,399.41,267.18,297.25
4454,1460.52,1312.94,580.74,291.9,262.14,519.71,288.71,114.36,179.77
6494,2053.66,1761.76,853.52,334.37,399.8,913.35,379.96,432.91,313.12
3946,1241.69,1142.32,412.47,221.38,234.3,585.68,227.41,138.52,190.35
6810,2054.38,1783.08,839.61,470.99,359.82,758.34,348.59,295.67,286.02
6799,2317.04,2022.29,768.51,473.92,440.74,723.64,435.94,155.37,316.66
4808,1550.67,1340.13,593.1,255.92,291.66,556.65,257.26,283.73,195.41
8642,2733.09,2488.6,1199.97,529.05,501.12,1066.04,512.12,529.3,411.84
5825,1884.71,1482.32,628.59,356.39,356.45,670.16,307.71,431.63,250.78
5536,1887.43,1520.37,587.73,326.89,303.51,822.23,343.73,406.68,234.2
7810,2391.66,2304.36,886.17,534.94,457.35,1085.28,426.59,486.63,365.32
8068,2766.38,2370.8,1190.95,525.07,503.84,1196.54,499.31,317.3,396.26
9117,3144.23,2300.59,1252.6,595.25,497.09,1081.84,628.46,387.27,368.46
5802,2015.24,1538.6,585.84,321.38,377.01,668.59,396.96,248.92,240.42
6177,1975.86,1681.17,741.55,362.51,373.22,743.51,333.62,171.58,262.88
6699,2082.43,1732.45,756.12,400.26,450.4,845.02,348.24,514.73,330.11
3970,1265.17,1137.4,523.67,222.23,265.77,544.2,201.89,274.29,193.62
7806,2471.74,2023.52,959.86,405.1,467.5,1124.49,519.65,224.16,383.05
8142,2514.31,2176.62,1206.85,427.68,438.93,1002.76,447.7,625.21,356.49
5822,1923.38,1648.58,645.94,312.14,376.87,666.38,324.16,411.0,246.37
4819,1560.54,1320.91,623.54,260.58,281.3,558.73,262.76,362.06,202.0
2902,996.21,832.67,391.8,159.16,179.61,391.33,193.86,107.78,141.67
2364,713.0,704.61,333.98,130.28,123.27,303.49,164.48,94.88,100.03
6258,2078.87,1600.97,753.14,369.94,391.95,778.02,407.42,301.61,283.54
5119,1730.98,1461.36,687.72,308.12,294.19,563.8,340.27,171.24,221.74
4558,1540.49,1192.0,524.9,256.06,258.36,655.32,284.46,218.44,205.06
9496,3269.51,2570.79,1156.36,647.11,660.91,1320.43,575.22,195.16,412.67
3863,1299.71,972.1,559.29,235.89,226.56,413.46,248.9,280.66,165.84
2115,732.62,543.12,311.95,139.06,134.43,250.35,107.26,62.9,93.64
9084,2876.29,2416.24,1234.89,622.12,568.25,1154.64,465.36,454.66,393.6
4384,1425.5,1170.96,520.46,233.5,228.35,537.99,279.46,332.0,212.17
6976,2097.71,2057.78,983.64,408.5,453.15,836.35,395.55,483.15,319.55
8880,2667.09,2549.36,899.48,520.94,501.39,1207.16,530.82,591.12,370.84
5935,1851.76,1772.25,623.99,338.83,391.58,609.67,389.57,334.3,251.4
6935,2115.45,1941.48,922.83,347.99,431.03,856.96,426.8,320.23,281.11
8290,2594.86,2172.69,949.72,549.79,467.07,937.67,548.01,387.66,356.44
9742,3008.84,2595.1,1437.62,508.84,556.52,1015.42,568.77,245.67,454.9
9973,3006.12,2652.74,1214.74,697.21,644.56,1229.12,555.98,238.23,417.17
7442,2570.95,1981.99,903.97,487.15,453.97,807.97,407.05,525.45,305.06
4490,1348.85,1273.58,601.23,276.58,284.52,506.97,236.32,199.89,194.01
8980,3024.5,2483.33,1242.64,476.77,477.43,1125.65,455.61,208.7,414.2
7132,2193.86,1920.44,882.78,430.12,468.85,1060.42,364.18,426.37,319.0
2942,1016.79,757.43,325.68,162.46,165.95,394.85,163.05,179.46,127.45
9661,3329.57,2425.94,1339.65,531.8,602.82,1101.17,536.84,325.06,471.74
3724,1238.96,971.75,432.05,247.98,194.74,443.6,214.64,166.25,166.41
4334,1445.87,1106.79,471.35,249.69,244.56,521.41,267.98,235.79,193.08
4767,1431.37,1378.96,627.25,281.32,300.21,513.32,310.74,265.89,192.19
3137,1095.58,801.9,327.89,209.74,174.05,338.9,169.25,158.94,145.54
4527,1556.8,1295.68,672.57,234.3,306.05,486.29,295.09,189.46,201.87
6117,2108.87,1647.2,805.12,378.6,386.74,771.25,322.85,147.6,253.55
5420,1804.66,1374.89,809.18,333.68,365.34,724.7,378.17,115.65,230.01
7845,2488.74,2280.04,917.43,458.97,454.29,1016.21,436.97,373.2,329.68
6778,2336.26,1890.94,1006.94,451.38,343.51,1009.17,452.41,218.09,279.4
5906,1857.88,1546.12,633.58,406.67,363.35,627.77,317.8,450.68,261.96
5637,1849.7,1661.42,575.17,334.31,320.09,841.74,389.03,329.34,245.96
4953,1510.6,1249.46,503.47,292.84,292.05,610.87,329.54,273.06,215.96
7929,2744.21,2062.26,977.2,476.07,504.46,879.58,453.44,351.99,337.1
4367,1340.84,1255.96,454.82,281.51,279.55,642.67,255.16,173.68,193.74
6221,1936.25,1775.9,781.41,394.17,314.48,767.86,311.53,191.54,282.9
2276,746.32,601.92,264.87,123.94,148.82,267.13,125.25,53.73,104.96
3999,1352.48,1012.15,467.01,205.06,239.42,442.65,223.09,232.22,168.75
3227,1068.03,945.2,425.26,222.61,197.28,365.92,190.57,215.41,152.57
8337,2597.87,2215.01,901.69,460.38,466.54,1241.89,440.04,595.81,335.73
5752,1725.87,1494.29,795.66,361.06,336.01,662.62,342.68,365.01,273.25
5735,1937.61,1581.73,740.4,381.77,368.23,853.89,363.42,423.34,245.63
9714,3392.72,2870.6,1415.79,544.04,636.6,1131.79,557.83,767.1,424.5
2695,917.64,679.62,318.66,169.0,155.62,300.68,147.27,209.4,123.45
3309,1068.84,953.95,493.49,172.59,211.19,361.24,201.7,183.76,152.56
6152,2123.6,1714.09,792.32,426.94,339.35,741.89,311.17,205.8,271.99
9901,3173.2,2685.87,1471.98,506.57,659.81,1107.33,562.54,261.2,488.9
9470,3089.56,2719.82,959.81,556.49,589.0,1277.0,573.43,754.15,460.08
5234,1695.06,1561.26,713.91,317.89,342.85,586.15,296.86,201.53,221.14
6114,1971.04,1598.57,861.04,402.36,364.05,866.78,347.94,134.74,280.57
9537,3230.75,2452.75,979.06,499.95,520.55,1351.4,638.65,414.5,450.24
4311,1406.85,1274.52,555.9,253.56,252.56,492.65,296.08,279.72,181.79
4841,1528.96,1372.17,678.21,271.07,278.99,666.49,322.16,355.56,194.53
6208,1942.53,1687.95,794.95,349.14,351.71,886.98,322.68,302.04,308.89
5559,1678.19,1549.09,573.64,364.54,301.54,719.93,310.16,209.25,275.63
5398,1776.8,1550.74,726.96,270.49,351.86,638.67,346.69,360.07,233.21
2541,791.52,733.46,261.8,165.12,131.44,310.12,176.57,127.62,107.72
4694,1442.97,1389.4,661.26,310.78,318.02,653.93,257.45,118.11,195.02
6674,2220.38,1810.94,681.76,454.01,357.06,765.28,453.59,488.97,312.82
3088,1031.58,817.3,330.01,193.12,214.92,360.44,200.04,183.27,146.84
5363,1810.59,1512.28,610.07,303.92,374.17,579.41,373.63,119.11,237.07
2024,658.16,548.07,266.5,118.49,117.33,242.78,104.99,41.58,85.87
3572,1231.28,999.2,531.58,247.88,249.17,372.65,206.8,90.24,158.91
8144,2824.48,2207.02,862.38,550.73,548.75,945.13,485.08,564.52,367.81
4958,1687.55,1277.43,531.18,293.86,256.07,588.39,314.54,242.34,225.26
7668,2544.09,2096.98,908.22,528.03,528.68,864.75,483.69,307.63,340.72
6236,1965.5,1774.43,884.33,414.44,317.1,655.2,424.84,218.0,249.67
3767,1315.24,1092.3,464.7,256.24,202.06,474.96,251.54,189.9,168.45
6743,2115.33,1852.07,782.73,429.26,415.99,965.96,344.62,168.46,293.14
4235,1313.41,1093.74,542.33,284.39,218.59,494.57,252.96,241.53,192.97
9295,2993.99,2516.48,1050.58,630.53,494.82,1039.55,540.42,398.12,378.25
2200,666.25,636.49,264.13,114.05,151.95,251.35,153.87,157.31,107.34
5198,1813.71,1406.8,606.24,360.24,363.31,743.8,304.32,339.25,253.43
2256,743.18,642.57,316.31,127.85,148.81,285.14,143.6,47.61,102.97
5747,1884.14,1582.5,840.28,337.91,346.57,612.28,320.04,172.35,272.24
6642,2210.39,1740.61,916.45,437.3,451.7,899.73,413.75,321.75,294.77
4241,1377.69,1229.07,517.21,268.45,221.54,456.83,229.58,252.43,194.67
8846,2667.98,2248.75,1107.67,600.3,609.12,911.25,549.09,556.48,408.48
5175,1710.94,1429.57,549.86,300.21,295.14,583.66,348.61,356.94,225.31
5606,1882.54,1460.05,769.95,322.15,376.89,607.72,282.46,128.68,278.11
5336,1711.99,1351.89,692.74,270.18,338.13,695.01,320.65,112.64,245.59
6897,2330.25,1897.69,1000.91,408.68,477.31,856.8,480.36,386.44,344.2
7037,2190.97,1935.02,774.29,453.76,473.54,958.46,374.26,446.35,311.91
9551,2970.97,2725.33,1317.91,535.08,647.16,1199.4,512.59,641.84,385.13
9427,2904.18,2707.79,1265.42,558.59,590.46,1140.2,560.12,276.62,405.59
2413,768.78,691.06,273.37,131.24,160.86,304.79,162.68,188.51,112.22
4014,1374.2,1085.7,535.34,262.74,261.48,488.6,245.88,135.54,197.1
3381,1154.26,952.04,494.37,173.14,179.98,344.37,203.45,118.4,156.04
3098,988.7,863.87,452.07,198.61,195.09,415.24,160.28,90.64,138.54
5426,1787.63,1470.87,737.83,312.42,287.38,803.63,375.69,122.6,221.42
5655,1900.31,1582.61,579.09,287.45,381.09,684.83,322.01,387.84,234.39
9938,3101.26,2955.19,1427.23,666.54,510.01,1204.35,546.95,202.13,402.83
2909,897.16,755.31,386.57,173.83,202.88,297.56,169.41,139.13,137.05
2187,762.4,645.8,252.65,135.56,126.87,316.06,127.47,55.81,105.66
6044,1999.83,1527.15,660.99,390.69,322.83,885.18,357.63,137.12,251.7
5756,2009.25,1527.75,609.04,363.21,395.51,809.62,367.06,437.91,248.96
4015,1272.3,1061.6,411.59,259.44,204.4,422.85,270.45,279.14,179.84
7409,2483.14,2084.29,1020.26,483.4,440.11,1074.39,378.94,323.72,306.94
4092,1273.14,1049.85,457.45,252.82,267.64,414.1,244.76,194.43,180.71
5644,1766.91,1660.0,571.24,323.47,317.95,689.86,328.93,406.86,280.33
4130,1344.71,1203.6,495.04,226.58,250.18,516.38,207.4,280.06,194.9
7242,2288.33,2046.61,898.95,492.88,463.55,1026.19,480.36,445.36,301.77
2357,726.85,643.27,255.64,163.57,162.73,324.19,122.77,123.02,96.61
7647,2394.61,2268.47,781.54,437.05,398.06,1069.47,399.9,431.82,339.92
7185,2168.34,2094.7,786.44,375.39,381.84,1030.29,366.19,313.28,358.38
9079,3043.47,2496.41,1216.18,494.36,546.35,1124.01,490.34,469.26,435.18
7776,2524.13,2216.89,809.58,493.1,453.88,1080.96,416.3,407.32,333.83
4422,1347.44,1230.85,564.92,236.39,257.43,457.24,251.87,317.9,178.04
6257,1930.81,1748.19,671.5,410.47,350.01,764.78,395.35,207.23,276.01
9913,3024.72,2642.3,1088.29,678.65,606.81,1006.24,506.41,344.95,412.43
9547,3156.52,2607.33,1142.34,661.35,646.01,1391.63,641.61,311.77,399.09
9823,2993.17,2494.12,1031.82,492.98,522.77,1453.02,555.31,537.81,408.86
9525,3216.73,2551.44,1034.99,658.78,517.26,992.48,591.81,587.78,449.54
9355,2816.09,2664.22,1098.72,606.24,593.26,1184.64,470.0,320.97,377.55
8465,2645.05,2519.7,986.03,437.48,432.76,984.12,485.18,513.13,386.4
6545,2254.97,1951.41,899.7,381.6,415.45,766.59,327.52,377.55,311.05
3497,1174.74,971.42,362.78,223.81,196.84,428.5,186.42,137.31,145.35
7132,2165.62,1999.32,1020.04,493.06,407.64,757.8,420.48,240.98,348.96
8327,2839.98,2159.08,1172.54,443.69,483.89,907.96,505.46,607.11,339.59
4158,1349.9,1184.05,575.05,218.52,236.97,535.83,220.62,225.28,194.71
8046,2754.46,2039.93,929.06,478.31,537.67,812.15,522.22,500.73,335.68
4555,1503.32,1203.59,642.91,315.94,313.94,592.1,244.97,344.0,218.91
7409,2475.29,2099.85,808.62,514.39,451.65,859.04,387.62,239.49,338.69
4342,1518.29,1152.87,461.21,236.89,267.63,614.87,246.05,178.17,199.26
9618,2997.13,2428.47,983.42,542.33,494.46,1250.34,586.97,443.07,418.0
4951,1639.76,1443.68,727.63,337.46,318.17,670.39,345.47,168.2,212.06
3238,1045.93,859.74,373.67,209.49,199.73,342.33,189.02,228.04,144.52
2973,897.76,752.63,433.7,206.46,151.65,336.82,173.98,74.34,141.45
6727,2022.97,1706.9,764.39,456.51,363.05,1007.93,344.33,231.07,280.4
5965,1825.06,1566.34,867.18,323.91,322.34,725.84,389.61,187.67,287.29
7686,2555.25,1989.91,1115.98,501.09,410.58,906.51,412.24,593.39,344.32
3050,1001.49,880.58,445.86,155.46,192.68,438.26,197.93,175.81,135.79
5701,1868.06,1516.95,711.53,378.3,390.91,579.53,388.88,359.01,228.99
4780,1441.61,1387.32,684.96,296.51,311.94,605.81,312.44,126.7,197.14
9398,3039.93,2431.19,1386.56,649.61,559.63,1038.6,590.66,297.36,416.52
3588,1242.28,985.42,417.04,248.29,208.39,424.85,222.74,246.11,178.73
5878,1880.25,1671.71,710.91,299.87,339.33,646.51,347.23,317.79,249.82
4368,1446.88,1234.39,593.88,232.42,270.92,445.06,231.03,99.19,175.17
9056,3069.9,2536.19,1041.6,540.5,517.86,1094.2,593.86,488.48,401.71
9400,3188.44,2784.67,1294.29,635.34,512.51,1310.93,559.74,456.12,377.5
7789,2538.93,2036.25,807.68,516.32,483.36,1149.64,486.91,227.61,337.75
2436,835.3,669.13,307.36,168.78,140.84,319.59,140.02,135.38,106.06
4828,1542.88,1420.4,512.33,301.08,242.76,576.67,260.78,146.91,193.23
3556,1224.81,902.85,407.75,196.05,179.38,492.48,235.16,244.25,169.96
9570,2985.95,2419.24,1080.75,483.31,530.97,1198.75,544.04,546.54,470.16
7172,2252.09,1876.66,1018.04,390.58,432.1,849.03,482.92,518.38,358.51
5858,1772.96,1649.91,642.48,372.02,334.4,638.26,406.04,266.42,264.12
9480,3221.11,2493.18,1331.2,649.62,478.56,1325.37,631.37,480.78,408.27
3304,1060.1,857.43,461.56,186.41,179.95,413.07,173.67,216.86,155.87
8869,2762.3,2420.71,1108.13,598.78,460.55,1314.3,595.11,468.08,420.08
8174,2546.93,2294.28,912.97,473.26,563.78,1145.14,493.6,444.0,357.95
4384,1512.79,1150.48,488.14,246.23,246.63,530.47,240.37,233.23,200.16
2182,745.58,578.31,268.92,131.31,109.74,299.03,113.17,107.96,105.21
9190,3011.35,2579.43,923.05,540.79,580.91,1127.33,510.69,628.06,384.99
8687,2873.71,2582.53,1099.49,593.11,474.74,903.39,458.23,426.64,349.26
7565,2448.91,2146.47,1116.89,449.1,464.0,951.93,382.13,560.17,343.43
9241,2953.27,2671.99,995.58,513.31,489.91,1324.11,644.61,633.17,431.04
9177,3173.17,2462.56,1180.78,613.49,639.46,1310.22,611.47,564.81,419.85
9651,2955.91,2544.13,1429.21,675.33,669.83,1242.55,625.18,713.4,443.58
7575,2430.99,2065.8,1083.42,476.95,478.13,901.43,407.99,395.61,332.78
3589,1138.53,1042.09,511.5,197.43,230.21,360.71,181.44,248.76,166.94
3587,1165.44,978.59,506.1,196.48,209.9,414.55,214.16,123.79,145.02
2659,858.54,777.32,306.98,136.02,184.12,397.5,172.39,64.82,110.38
2159,703.71,646.49,312.04,111.29,126.25,294.32,149.53,131.91,95.96
5953,1827.55,1509.69,875.49,406.59,326.16,808.89,398.12,226.79,294.26
9181,2989.86,2316.1,1145.69,476.77,480.24,1267.48,623.11,533.2,426.41
9345,2916.77,2406.15,1100.17,557.77,506.15,1224.25,511.86,230.3,407.0
8555,2645.35,2303.16,1032.69,547.2,525.66,1106.1,454.33,661.63,381.38
3011,913.06,772.48,351.41,201.76,165.31,369.39,165.47,153.28,145.9
2052,693.85,602.33,226.99,109.63,129.45,250.75,108.29,42.21,93.21
8551,2748.05,2147.65,1119.52,502.42,492.91,1227.43,564.11,415.28,346.13
8990,2978.68,2389.45,1151.89,494.72,608.96,1075.86,611.87,605.78,397.08
7141,2402.09,1851.2,879.27,393.59,436.81,1014.13,400.94,513.53,313.35
7149,2387.52,2120.23,749.16,400.89,446.47,1014.35,482.83,340.83,350.29
8846,2861.9,2507.61,1237.07,546.17,540.77,1225.57,452.04,243.76,380.86
4307,1375.63,1273.16,468.37,216.78,291.63,438.81,273.7,320.31,175.07
3228,1029.08,963.93,341.29,187.79,165.49,346.68,195.45,254.59,140.57
9226,3063.05,2535.81,1210.02,495.77,473.73,1067.77,512.36,219.5,373.09
7590,2464.77,1986.42,910.29,526.31,486.02,1080.64,496.11,187.35,366.77
8919,3054.37,2316.14,918.57,549.9,582.94,1281.33,483.77,481.05,409.4
7585,2607.23,1980.79,893.35,510.94,445.03,774.26,442.38,394.68,339.0
3035,936.38,866.28,420.62,163.63,173.13,352.78,194.84,167.89,132.32
5702,1749.44,1437.03,745.61,377.47,316.8,812.64,323.67,222.53,251.89
8046,2667.41,2032.16,950.55,469.05,440.02,905.05,539.94,185.22,385.23
6045,1904.55,1695.06,662.47,323.73,412.51,899.5,406.88,331.39,252.68
9457,2845.88,2667.85,1244.44,616.83,528.67,1177.07,511.16,275.07,385.04
6945,2392.08,1967.26,1002.7,453.09,437.27,1019.98,408.42,281.1,316.81
9927,3090.72,2666.33,1313.48,694.07,652.62,1205.55,582.12,545.46,482.34
6449,2234.35,1872.13,907.02,423.18,325.28,749.31,375.34,209.65,294.22
9806,3293.56,2713.14,1236.31,518.79,496.94,1158.29,588.75,515.28,470.31
7194,2432.53,1836.44,977.65,406.11,407.63,1037.48,370.4,452.38,351.99
9016,2795.62,2613.33,1305.62,532.26,576.31,1050.67,607.69,215.9,367.57
7835,2442.25,2332.11,1086.39,411.6,432.62,1045.72,437.18,447.91,359.56
9728,3171.94,2461.2,1415.35,639.72,486.69,1201.33,486.75,491.91,470.13
9758,3011.37,2630.44,1186.15,590.69,544.13,1435.24,621.6,252.21,453.12
7560,2383.45,2074.28,1097.8,520.8,391.63,816.24,476.35,471.6,347.12
7086,2239.69,1823.39,928.82,437.82,385.4,860.47,493.63,273.9,339.28
3264,1005.25,957.61,468.39,197.33,184.95,346.74,210.15,100.98,153.65
9161,2842.28,2420.4,934.14,471.14,481.51,1180.92,519.01,338.47,412.39
3884,1318.34,1123.06,516.15,205.8,249.07,466.64,268.2,204.97,157.07
9321,2874.22,2642.97,1327.3,624.42,513.76,960.5,534.16,510.82,430.01
3809,1148.12,1066.15,414.08,265.92,240.81,542.75,253.01,114.95,160.48
5167,1712.69,1341.39,687.67,301.25,320.25,613.71,293.04,393.72,219.81
5797,2021.99,1513.22,818.81,383.77,393.97,722.78,295.5,230.35,271.27
4341,1374.19,1095.53,496.6,271.54,224.68,522.55,280.76,156.7,193.31
8352,2555.15,2188.52,1004.43,577.8,453.45,1039.26,476.1,260.61,393.95
5414,1778.6,1447.01,695.57,296.49,364.38,545.82,307.39,147.43,237.81
7207,2488.7,2101.97,907.78,438.88,478.85,1014.55,463.53,568.81,350.98
2817,955.54,755.86,287.22,163.88,151.67,328.51,158.99,170.38,124.71
7895,2614.24,2271.64,828.45,480.29,411.76,1075.48,413.38,530.72,354.79
8056,2543.7,2191.01,846.07,446.12,540.76,831.74,467.97,355.18,332.41
4437,1451.32,1283.37,501.88,266.02,237.66,559.91,294.96,199.12,199.82
8468,2579.03,2530.35,950.9,529.22,570.93,1231.58,445.45,670.78,359.03
9083,3033.24,2379.67,1245.38,468.9,628.75,1089.16,554.88,291.03,432.62
2888,971.1,846.52,371.5,187.31,157.15,317.28,152.04,114.41,136.14
7951,2768.95,2234.96,1098.82,509.9,531.19,834.49,405.37,252.12,319.3
7276,2277.53,2116.33,753.03,491.92,425.48,1040.14,418.91,268.9,326.97
2667,802.56,753.64,331.4,156.07,175.42,298.54,168.44,159.53,107.89
9818,3213.24,2662.62,1140.74,503.01,570.9,1460.46,544.9,378.34,448.61
6728,2256.16,1758.72,958.72,398.49,345.87,756.17,396.38,487.99,329.78
4624,1569.94,1172.19,626.04,243.93,297.11,573.61,276.64,105.98,225.06
7738,2396.36,2141.69,1110.12,487.1,410.22,951.0,517.1,319.45,328.39
9826,3076.4,2943.05,1005.41,500.56,673.48,1013.07,652.25,703.96,406.81
6232,2029.32,1787.97,847.81,358.21,363.67,788.92,311.89,356.99,298.58
8042,2545.53,2142.13,1021.34,415.42,415.29,1074.67,468.67,532.84,365.6
7793,2673.2,2270.57,1100.76,390.17,425.26,1068.47,491.91,307.19,344.75
6523,2111.42,1881.55,817.71,451.46,438.67,822.74,437.35,275.0,313.79
7571,2573.98,1999.36,961.6,529.38,427.17,1064.7,385.95,554.91,321.96
8755,2880.67,2195.01,898.16,535.02,587.69,1204.73,547.76,568.85,369.86
9054,3066.18,2316.99,1208.04,495.97,483.9,993.21,605.17,389.83,417.56
2818,892.27,828.11,320.29,192.25,167.29,338.39,155.28,92.77,120.4
4188,1430.5,1222.18,422.92,286.71,282.96,448.66,226.59,110.47,185.39
3106,974.44,822.35,320.92,208.38,158.31,331.32,184.36,222.73,138.37
4224,1382.54,1116.23,624.58,257.19,236.91,572.8,292.52,261.29,177.62
2197,682.61,636.35,257.72,113.13,149.83,277.97,140.3,124.0,89.24
4671,1512.36,1386.76,669.84,241.81,289.28,607.45,273.21,311.07,222.65
9735,3075.37,2813.0,1440.62,661.32,626.2,1329.89,490.81,729.15,465.68
8091,2535.19,2267.74,1190.7,546.28,540.82,921.26,494.64,531.54,372.05
8834,3077.32,2315.69,1272.86,518.45,534.21,1060.68,503.32,399.65,366.49
5492,1691.56,1517.37,794.92,310.64,367.45,715.83,295.0,167.99,245.83
4448,1509.5,1163.93,509.08,279.7,279.22,466.29,266.89,279.47,185.83
9865,3444.94,2864.8,1061.21,652.47,628.53,1397.4,560.6,343.33,481.54
2470,743.46,665.29,325.95,159.65,131.05,289.42,125.41,165.38,116.02
8361,2800.53,2438.78,1040.15,520.99,575.07,1111.49,539.37,337.15,337.06
3948,1234.32,1062.33,414.29,215.68,260.26,591.32,255.24,116.1,157.99
7024,2121.42,2045.44,940.35,388.08,386.91,869.35,438.13,247.8,350.06
5899,1888.53,1573.06,755.92,380.38,363.38,653.33,394.15,212.35,238.31
4010,1390.51,1090.75,574.05,264.87,230.69,444.39,216.8,171.34,195.12
5800,1743.41,1628.49,756.66,303.47,366.61,597.51,323.2,205.54,287.44
8775,2890.43,2224.59,1129.32,471.62,613.15,1214.06,519.24,294.26,378.04
9094,2956.18,2704.65,1109.81,578.46,463.02,1042.82,465.64,395.63,412.88
7001,2406.03,1951.04,862.1,404.52,483.42,760.56,473.76,504.67,325.37
8318,2530.34,2290.7,1228.73,509.61,427.94,1128.63,497.52,201.52,376.01
6118,2043.88,1786.27,654.15,381.13,362.28,706.36,345.63,231.1,257.78
5796,1935.9,1699.9,708.91,379.78,345.69,753.62,345.21,311.47,265.53
5988,1996.72,1653.36,795.15,395.89,331.58,723.9,338.34,433.94,255.01
2234,775.46,662.08,271.77,124.21,137.02,260.72,124.49,82.77,93.05
9180,3131.8,2324.71,1048.0,558.38,612.12,1142.65,541.26,375.69,413.61
7220,2181.15,1845.87,825.74,378.84,403.45,835.28,430.59,490.07,315.66
2928,947.37,819.37,327.01,195.71,150.52,420.25,171.78,124.0,117.92
5607,1793.67,1501.01,657.11,375.16,351.25,581.18,341.79,398.62,277.53
2522,795.71,689.04,362.12,141.21,164.02,256.0,165.61,119.33,101.88
7904,2549.57,2105.66,990.06,420.59,546.09,951.01,404.25,427.97,387.53
5523,1763.0,1492.51,618.64,283.89,293.77,600.03,365.79,296.32,231.4
6526,2098.87,1899.93,778.07,401.35,443.95,895.28,356.13,177.24,270.3
6888,2403.66,1926.39,725.25,357.0,410.82,810.52,379.13,284.45,280.28
3629,1104.78,1088.22,526.94,230.85,198.56,410.34,224.96,125.18,160.61
7832,2710.75,2266.14,943.05,497.82,542.4,923.93,544.43,477.61,359.24
6628,2147.55,1747.69,987.7,412.79,363.01,735.54,333.71,503.85,325.02
9122,3021.09,2401.07,1070.71,616.02,589.91,1048.87,578.91,298.7,436.37
7842,2678.11,2092.21,1112.14,451.43,515.2,1006.91,501.4,199.78,326.2
7771,2471.36,2270.4,876.72,528.78,455.46,1112.82,477.71,391.62,323.87
3316,1066.16,833.52,344.23,168.25,211.56,393.09,166.44,144.08,132.91
4857,1556.55,1270.15,493.41,253.8,298.46,563.58,301.75,107.55,227.69
7008,2233.71,2069.08,913.2,408.17,377.32,974.74,366.52,527.68,281.54
3124,1081.77,880.95,361.07,193.31,203.68,315.9,161.08,238.7,129.29
7621,2602.16,1991.69,931.1,385.98,522.5,877.21,487.14,541.28,353.2
7423,2267.36,1937.09,1046.14,455.39,443.69,910.12,475.11,273.4,308.07
9014,2752.93,2642.28,1013.22,506.12,629.95,1172.12,611.13,246.49,374.37
4587,1474.23,1351.73,529.49,310.74,268.61,494.49,229.66,254.81,194.21
3023,921.81,794.46,430.07,183.39,180.15,367.73,174.05,111.52,132.57
7672,2539.08,2079.31,956.22,473.81,487.0,984.43,385.48,246.29,307.48
3378,1037.67,985.46,477.59,232.79,181.45,423.98,193.54,197.54,160.32
5374,1752.56,1550.67,638.02,350.83,365.64,691.78,321.54,349.43,256.55
3519,1056.97,1022.96,421.99,206.8,232.34,468.45,213.23,181.71,153.67
7777,2456.21,2145.83,842.69,463.02,524.55,925.22,444.21,304.86,373.15
9935,3316.89,2936.56,1448.69,625.49,617.87,1025.11,640.87,504.21,425.69
8093,2623.77,2155.15,1172.18,437.05,547.69,831.78,471.92,453.08,403.49
2226,776.68,573.94,332.14,115.25,141.57,318.17,134.32,51.45,97.89
7355,2527.95,2099.39,883.5,413.53,443.0,984.62,485.44,342.95,343.39
6968,2215.5,1929.91,982.01,456.88,478.25,963.04,372.69,389.51,301.19
2891,873.88,846.28,349.08,159.43,169.97,423.36,163.1,80.28,128.67
7574,2592.44,1924.24,929.44,398.51,454.53,1041.63,457.69,355.45,351.82
6072,2098.25,1774.15,859.19,330.2,324.19,817.38,396.82,247.76,263.98
7132,2432.24,1887.59,776.45,453.45,491.77,947.04,417.27,514.03,332.11
4257,1304.33,1203.64,472.59,265.12,231.67,480.74,219.05,210.14,176.5
4788,1675.3,1206.61,554.15,305.31,258.69,707.98,334.09,218.22,214.68
2396,749.78,672.03,334.02,135.23,124.65,304.54,153.72,82.98,102.38
7219,2427.1,2063.65,856.41,491.02,426.41,802.06,465.3,559.1,355.18
4078,1408.55,1094.69,480.83,240.75,226.22,450.58,241.83,316.74,196.75
9041,2818.84,2357.63,1355.61,544.94,586.0,1272.64,550.97,379.77,405.71
9695,3348.78,2684.37,1155.55,668.72,544.38,1090.79,677.5,734.32,431.79
6744,2127.56,1966.95,757.95,469.28,434.42,688.37,417.47,385.19,326.0
6424,2240.82,1709.92,842.58,406.2,346.38,780.01,349.33,429.53,301.31
5237,1644.75,1375.36,733.67,360.81,285.94,737.72,362.86,132.97,245.27
7578,2634.66,2000.19,784.17,460.97,501.08,914.83,460.4,161.25,344.67
5893,1783.68,1752.91,771.66,330.87,338.39,826.07,297.09,299.63,286.54
7047,2364.01,1888.34,717.29,396.76,368.1,996.17,433.16,173.04,295.23
4005,1308.06,1001.97,505.9,245.02,277.26,572.26,205.9,294.38,194.72
4016,1300.76,1160.96,453.2,249.4,215.05,519.85,243.18,277.94,181.55
5171,1609.08,1473.55,596.38,304.02,274.08,697.95,343.91,325.2,238.97
4668,1565.09,1197.01,575.82,315.91,266.86,527.92,283.71,102.15,231.65
3878,1200.4,1160.47,567.57,226.99,201.32,407.13,222.87,184.21,171.58
3196,1047.14,896.17,433.16,177.28,169.75,404.74,216.22,78.89,149.19
3772,1179.36,1037.45,553.89,189.2,252.46,379.2,258.58,285.61,170.57
2161,751.55,581.55,287.41,150.0,115.46,266.42,123.07,122.65,106.57
5976,1801.36,1762.52,599.72,397.32,312.12,628.11,358.43,175.65,268.18
3751,1162.76,983.51,424.91,233.73,253.56,395.43,261.29,201.19,159.65
2775,866.12,733.4,403.18,184.85,163.38,398.32,148.63,75.24,124.4
9430,3024.23,2415.22,1246.38,624.32,501.14,1245.0,527.73,271.02,463.65
7923,2469.1,2281.48,1181.18,543.81,488.3,1047.91,464.04,196.94,356.59
8417,2731.88,2354.89,907.34,485.84,427.84,1011.92,437.83,608.58,348.98
9170,3151.03,2571.76,1053.06,560.26,536.88,1106.48,508.39,483.63,416.47
7147,2398.56,1864.82,844.19,371.45,441.73,823.02,435.21,283.55,313.58
8469,2786.28,2392.99,985.18,586.96,585.57,1030.83,462.15,169.72,393.79
2939,894.78,847.23,330.93,204.86,166.14,380.18,187.29,142.02,124.65
5220,1747.13,1398.41,637.74,343.38,340.87,570.7,297.3,265.0,225.62
2539,782.83,736.48,335.44,150.01,133.69,287.12,131.51,102.05,114.68
8631,2928.66,2308.27,997.42,517.27,506.39,1076.61,563.52,423.43,355.45
6917,2161.58,1991.45,719.26,406.08,376.72,824.78,424.35,180.14,291.24
3461,1110.47,871.09,468.71,193.35,207.14,487.91,230.15,260.7,166.17
7184,2281.09,1993.98,883.28,435.03,419.15,1013.55,410.95,255.04,354.83
2355,807.63,702.91,301.03,120.27,163.9,275.06,118.66,181.12,117.03
5604,1716.66,1675.94,688.0,391.37,383.03,686.71,285.43,277.81,276.68
5323,1747.45,1405.74,769.27,311.29,328.13,792.22,350.83,380.08,263.06
2234,686.07,607.8,285.81,153.13,119.59,315.83,130.05,122.05,107.7
8370,2805.96,2118.86,1223.39,539.74,511.73,927.25,581.95,591.47,396.37
3548,1224.96,1041.93,445.38,197.97,233.61,404.51,236.32,73.12,150.15
9480,3050.0,2639.5,1086.69,516.1,481.21,987.57,477.06,295.67,421.08
4096,1328.76,1102.87,482.39,286.37,240.36,548.42,276.07,168.9,180.14
6213,2152.0,1588.28,783.5,406.59,315.95,719.74,337.1,234.65,293.9
4101,1337.13,1219.38,518.77,225.53,225.06,520.13,244.93,314.97,183.54
3673,1191.45,1015.62,493.53,188.6,190.42,508.37,220.83,160.44,160.15
8708,2864.2,2300.19,968.55,556.77,602.69,1234.81,445.8,682.07,419.21
7163,2395.75,1916.18,952.26,401.56,382.34,832.83,376.15,423.05,340.24
9982,3047.95,2630.6,1386.79,543.29,529.07,1116.61,583.56,700.07,436.1
4100,1398.33,1148.37,548.7,265.26,284.71,583.95,257.69,178.89,181.19
5657,1820.28,1677.29,701.99,359.7,341.23,673.54,312.77,177.66,276.81
6653,2019.97,1948.23,995.18,396.71,433.51,938.74,402.69,153.2,314.87
5596,1898.77,1527.81,672.87,385.3,316.43,601.5,322.23,332.31,262.45
5748,1832.74,1674.54,605.43,365.53,348.66,836.88,359.87,450.11,270.83
5173,1577.86,1402.69,729.78,351.08,259.36,642.26,302.56,140.16,212.21
3815,1265.39,1001.88,421.98,205.29,221.94,413.95,255.73,252.95,174.1
5841,2009.34,1747.46,792.42,326.7,356.9,740.37,406.97,244.6,250.64
4005,1379.27,1062.1,436.34,208.62,241.45,574.72,273.39,318.83,163.6
9011,3134.78,2398.6,908.7,505.44,523.69,1076.51,480.94,650.61,426.32
6493,2229.6,1944.55,701.18,450.85,426.97,707.11,384.02,219.76,279.48
9305,2792.5,2388.56,1105.89,644.44,558.61,1198.74,550.64,613.62,401.05
2674,853.04,770.18,281.65,174.37,167.72,378.97,178.65,171.28,124.07
2386,813.45,708.14,262.18,144.16,128.11,253.08,136.35,157.01,111.34
4158,1323.54,1145.9,574.77,272.83,279.54,424.41,253.6,103.82,186.03
4661,1538.49,1165.84,645.52,284.65,266.87,479.22,289.85,319.58,212.38
4064,1342.4,1092.21,572.51,203.49,242.39,453.24,212.26,145.03,197.06
5851,1862.09,1495.39,831.18,351.24,333.76,587.24,357.84,324.29,240.31
5253,1813.46,1422.56,635.73,325.57,356.35,637.89,288.58,141.43,213.55
6979,2269.3,2020.43,1000.63,386.04,474.68,941.38,377.79,373.29,324.96
9703,3136.39,2638.59,1225.46,524.6,528.67,1314.98,533.73,721.76,446.71
6636,2321.78,1802.31,819.74,368.14,431.7,874.86,344.99,203.26,277.78
6266,2034.41,1740.94,851.72,391.45,326.19,719.4,322.04,446.78,283.34
8552,2641.88,2386.73,946.63,452.58,432.71,1169.89,538.24,394.48,405.85
2739,891.96,802.02,382.02,176.41,182.78,352.85,188.5,107.75,129.6
3401,1158.72,902.69,413.13,198.8,178.97,486.54,216.85,79.67,156.3
5259,1781.98,1530.81,559.37,300.12,279.23,651.59,295.75,271.95,217.22
9001,3055.2,2504.95,953.8,595.37,559.25,981.18,510.37,288.0,387.4
4277,1434.51,1133.52,462.97,257.14,283.72,563.42,260.16,326.79,188.44
5904,1846.25,1563.12,853.3,339.88,317.59,634.91,397.49,202.44,282.7
5923,2032.21,1587.7,885.77,400.18,309.68,877.54,320.13,326.99,269.13
6214,2141.79,1746.97,732.31,356.47,320.31,839.91,368.93,332.52,294.12
5227,1618.84,1367.07,599.05,351.15,263.95,720.36,313.51,210.17,257.35
4831,1480.81,1430.06,535.94,290.27,252.8,647.18,331.52,343.6,223.38
5758,2008.28,1605.02,812.98,311.85,396.46,603.89,349.64,178.47,243.97
4512,1549.49,1335.56,498.4,280.9,234.2,556.17,296.06,311.43,186.78
4151,1430.69,1047.38,606.89,231.24,257.16,550.3,214.84,134.69,166.06
5675,1954.01,1515.97,756.86,300.45,388.28,632.58,320.86,126.81,236.97
4745,1552.02,1191.66,687.34,245.46,296.83,635.71,295.27,363.61,202.57
8091,2688.8,2132.89,1033.22,443.66,409.85,1140.78,514.21,471.2,345.47
5866,1919.75,1719.33,789.18,379.71,363.27,667.24,397.15,339.22,273.77
9669,2925.46,2434.95,1266.38,645.5,658.08,1063.4,597.63,347.14,401.29
5764,1944.05,1566.7,815.95,387.54,325.38,830.93,321.58,163.41,255.66
7801,2537.4,1996.11,1106.13,432.2,438.98,782.13,474.16,486.5,312.42
7818,2598.59,2117.44,1012.35,494.25,429.81,881.77,502.15,399.69,333.14
4222,1372.71,1232.58,555.72,230.55,253.79,508.06,277.33,164.97,170.61
9901,3213.77,2783.7,1446.47,618.37,542.17,1322.9,682.1,386.21,466.29
4792,1478.76,1374.53,702.0,324.63,308.97,718.1,257.88,351.52,208.66
3697,1160.62,988.78,492.49,187.87,232.53,438.25,233.72,271.29,165.63
7540,2321.89,2241.04,756.92,525.57,437.44,1111.7,407.21,275.04,359.01
9301,2881.29,2655.09,978.66,618.9,599.46,1100.67,524.18,629.2,452.3
5462,1904.32,1480.69,780.5,356.3,283.86,736.15,288.7,183.53,246.7
6063,1865.32,1645.03,631.98,386.98,394.04,656.43,396.88,415.18,281.92
7855,2462.26,2324.56,869.36,513.76,487.47,966.33,536.34,216.62,372.01
3524,1161.26,982.56,393.02,246.3,220.61,505.92,178.31,230.78,151.01
6760,2234.24,1928.76,878.88,442.13,346.74,784.16,447.99,360.59,318.21
2032,625.24,550.37,261.79,115.89,126.72,213.89,111.42,54.98,94.56
8198,2784.74,2141.19,938.43,510.56,490.92,1034.06,489.74,466.84,364.24
6025,2044.04,1724.22,665.04,341.85,359.8,734.91,391.41,190.06,261.53
4566,1423.98,1280.27,631.14,316.89,257.69,509.0,274.59,144.5,227.1
4803,1510.22,1321.15,704.95,326.62,240.88,697.78,262.36,224.98,239.49
5896,2045.32,1657.96,605.17,361.73,344.64,766.98,401.66,459.04,276.82
5709,1948.39,1486.71,608.92,374.66,331.23,670.0,353.23,419.8,250.29
8155,2731.03,2362.48,1077.34,556.12,476.71,1221.67,559.64,567.5,387.49
7647,2325.54,2274.28,1072.28,419.61,475.95,817.3,511.84,543.46,357.82
2719,872.56,800.9,379.46,167.46,152.26,387.18,183.62,135.51,123.58
8698,2852.64,2314.29,1182.79,518.7,481.76,970.1,497.82,369.52,359.39
8516,2634.6,2301.88,1229.47,557.22,510.58,953.58,593.96,622.0,421.25
6579,2121.14,1910.67,729.4,378.83,406.89,821.77,441.11,163.5,278.47
2972,980.91,831.43,313.14,190.74,182.32,395.56,168.67,237.06,130.57
5718,1809.0,1586.15,747.73,331.99,386.72,769.2,388.41,304.07,248.3
9395,3185.35,2784.04,1325.76,490.62,614.27,949.89,611.67,492.56,390.25
8766,2998.17,2426.44,1131.71,457.08,447.45,1002.33,565.43,328.87,352.79
6402,2024.19,1765.33,948.46,335.34,392.25,851.66,320.9,193.48,315.61
6552,2240.34,1651.77,915.83,331.86,382.35,946.68,330.56,398.48,310.53
4207,1283.89,1066.35,568.11,255.19,240.73,561.61,268.81,175.44,169.15
6426,2196.96,1608.88,661.96,407.65,444.41,728.03,357.12,245.13,301.24
8919,2743.82,2637.01,939.95,468.56,527.43,1118.34,456.39,265.26,368.33
6320,1922.2,1709.05,880.01,393.34,406.94,836.63,352.14,329.32,298.56
5030,1670.41,1375.34,552.86,311.63,348.79,537.04,335.79,278.15,226.61
8872,2870.95,2593.01,899.99,469.7,470.39,1128.92,527.11,413.29,441.64
5575,1925.57,1563.58,811.37,323.81,284.84,688.98,347.39,115.53,247.1
7575,2410.06,2124.6,1094.89,493.15,426.26,885.01,500.03,374.97,359.73
5116,1608.25,1354.85,567.49,257.51,260.35,671.1,288.89,185.8,206.75
5285,1717.82,1541.61,734.67,279.78,276.59,696.62,265.43,149.66,260.84
7178,2317.04,1854.02,735.02,501.86,501.27,1066.46,405.32,392.31,327.49
2643,838.42,667.77,301.97,170.93,182.91,320.9,182.72,159.3,114.02
6711,2246.08,1742.04,880.37,397.85,428.34,849.37,400.28,343.11,276.96
2194,741.52,577.87,303.12,137.34,142.74,236.68,134.7,124.75,101.82
5996,2054.52,1583.64,602.72,401.28,316.65,764.0,390.99,338.13,284.59
2488,867.42,705.41,289.38,166.31,154.02,253.29,130.12,68.31,101.64
4204,1317.25,1096.79,465.46,237.5,223.18,451.9,271.91,138.52,175.08
4657,1563.84,1321.81,698.27,278.61,268.09,505.57,260.58,95.79,204.23
7345,2348.29,1869.72,980.92,460.98,417.98,966.84,424.27,579.62,356.36
8555,2856.12,2201.72,1029.03,440.05,532.8,1098.16,473.86,279.52,426.29
5276,1708.36,1453.23,547.56,363.6,272.21,738.12,280.0,363.42,250.35
3102,1084.73,918.49,403.05,181.95,161.52,382.23,177.53,207.44,124.25
7243,2436.87,2122.04,956.69,415.87,450.5,896.27,375.86,451.24,355.16
8614,2994.44,2570.74,1213.03,586.98,540.29,930.98,576.24,404.73,346.85
3241,1107.61,915.66,370.86,169.72,184.08,444.45,181.88,178.36,158.72
2515,868.04,713.73,374.91,127.72,133.14,251.96,158.63,78.42,110.92
7721,2630.71,2171.54,941.76,491.83,522.88,936.13,431.87,203.57,366.12
7223,2332.73,2030.68,829.18,416.77,368.8,790.31,391.59,296.91,295.21
2392,747.71,615.6,280.87,156.17,153.92,331.41,153.74,166.33,99.63
2630,837.7,729.0,331.33,135.11,138.87,351.55,164.32,141.6,117.06
5716,1720.58,1539.34,839.31,329.67,358.66,773.59,310.73,376.29,230.84
3847,1254.89,1046.87,526.11,210.46,243.41,413.28,239.44,282.44,168.87
4655,1514.05,1285.62,599.82,301.61,307.63,621.17,233.22,249.66,221.2
2979,971.94,763.87,322.15,162.48,172.49,400.81,159.49,125.23,138.66
6529,2276.67,1749.6,701.66,386.25,329.3,653.76,421.48,465.78,284.13
5402,1866.78,1367.64,675.84,358.57,357.73,625.98,314.41,182.47,216.56
9310,2868.28,2783.54,1270.21,635.95,548.19,971.63,503.42,200.03,397.51
5871,1869.59,1502.54,807.56,378.4,393.02,787.12,352.95,135.27,280.41
8683,2788.96,2282.99,966.38,508.69,568.91,960.39,514.94,476.99,376.89
2277,724.15,670.72,239.1,139.9,136.54,257.83,142.72,167.45,99.68
2232,758.71,611.87,266.11,142.39,156.21,231.94,114.84,120.21,90.94
3552,1158.67,912.09,518.27,239.76,210.43,441.12,235.81,158.25,163.45
7690,2526.97,2070.24,978.69,521.16,491.62,781.7,393.46,420.06,355.42
7209,2470.17,1844.01,836.28,494.68,457.02,1025.69,425.89,434.46,319.42
9659,3286.92,2511.44,1122.2,639.56,583.03,978.63,620.2,632.76,459.82
5270,1615.84,1331.21,561.8,278.97,325.2,543.24,299.84,215.22,257.01
4409,1480.08,1198.86,545.22,286.38,290.87,582.08,300.7,190.53,209.45
5512,1773.61,1600.31,769.3,365.4,338.61,803.91,358.86,118.06,250.48
2025,637.33,565.58,300.57,136.8,119.48,292.83,118.5,119.43,99.95
9192,2780.59,2576.68,1149.73,629.62,581.32,957.64,493.39,612.22,402.81
7513,2436.94,1953.6,814.11,452.16,380.99,859.66,382.18,380.57,349.71
8650,2748.73,2311.23,1160.38,545.83,451.39,1090.35,571.19,368.43,395.76
9468,2959.47,2767.14,1305.07,475.21,497.15,959.4,510.19,378.62,458.4
9506,3181.98,2418.26,984.68,584.2,556.25,1201.86,526.57,558.02,427.73
8410,2846.57,2463.26,1198.48,500.09,567.13,1029.29,422.25,335.1,382.95
2460,768.11,674.49,348.01,170.35,154.65,318.37,123.9,137.62,109.56
5764,1743.45,1682.27,712.59,392.15,400.32,841.63,314.76,435.86,238.66
8599,2944.62,2286.48,1100.85,567.12,436.82,977.97,580.07,342.56,420.18
5431,1632.0,1449.76,736.83,277.74,349.97,716.65,356.36,130.88,264.05
7187,2492.85,2066.84,961.89,417.14,404.51,873.16,470.01,520.63,337.97
7102,2353.47,2054.25,716.07,453.97,358.41,864.71,472.57,258.61,308.78
9006,2846.73,2354.91,955.73,455.64,599.07,1192.07,483.91,714.3,392.22
5483,1712.47,1637.46,592.87,300.01,291.99,809.11,381.51,386.04,221.29
3994,1200.0,1015.37,550.31,270.59,216.8,571.75,218.25,182.18,162.86
2490,776.32,631.03,303.79,130.96,141.46,328.62,131.97,143.65,112.39
10000,3068.86,2797.75,1272.75,510.27,657.67,1230.77,558.93,366.52,404.98
3072,1015.63,879.01,425.88,189.27,191.97,372.33,186.19,76.95,125.93
9854,3038.26,2936.93,1153.4,679.23,544.9,1373.22,517.22,507.96,418.91
8707,2842.24,2353.04,1196.73,580.69,464.69,965.7,563.97,396.0,380.82
5173,1704.53,1299.79,631.7,359.5,269.98,669.3,297.09,404.5,232.23
2215,697.51,620.52,263.27,144.13,117.39,277.42,135.93,123.7,95.79
9605,2898.34,2540.38,1120.44,564.27,647.02,1272.35,621.3,622.68,474.55
3723,1123.83,1011.34,551.92,256.64,254.85,407.19,253.31,104.67,184.32
3592,1082.33,985.73,497.85,210.25,249.14,484.16,238.46,227.8,145.69
4606,1552.02,1166.36,465.25,262.55,307.2,605.0,279.81,107.69,229.63
2158,681.71,591.94,319.11,127.24,146.2,235.24,150.68,122.54,90.05
8632,2933.28,2342.0,1197.88,572.12,572.49,1057.26,523.05,606.94,373.88
6781,2180.68,1936.84,728.68,463.51,468.98,908.19,411.74,332.16,328.0
5313,1714.24,1499.77,551.58,303.66,355.51,770.81,282.49,174.82,249.06
4841,1576.44,1255.08,558.7,286.8,286.78,513.65,256.45,225.7,196.46
3776,1267.42,982.92,495.45,256.64,213.21,379.25,201.54,266.08,180.29
4052,1271.01,1063.85,530.11,206.41,249.94,438.66,250.56,254.72,188.95
9763,2988.25,2528.1,1110.96,641.21,606.9,1459.21,569.22,549.92,483.32
7939,2602.43,2245.63,970.81,469.07,488.23,1098.9,458.22,489.28,389.81
8504,2690.23,2548.83,940.5,489.24,545.4,1111.63,446.9,595.72,423.09
8602,2770.92,2430.97,881.95,506.99,550.35,917.41,495.66,250.42,383.21
4295,1427.43,1204.03,540.52,250.72,222.24,518.85,247.22,302.86,202.14
7685,2495.37,2078.76,901.83,500.54,428.13,1043.33,479.67,525.62,381.32
3696,1223.43,981.76,469.92,253.39,250.58,535.16,213.51,179.81,147.92
4993,1633.76,1475.7,735.6,298.73,308.57,594.62,291.47,220.55,239.11
4469,1506.01,1333.77,478.94,297.88,252.81,670.28,247.81,339.44,181.17
3946,1323.08,1084.51,394.99,255.07,264.42,422.17,207.68,272.93,197.26
5809,1897.86,1536.54,603.23,328.87,319.38,693.29,325.31,460.77,233.17
8158,2724.32,2353.63,1004.54,503.73,474.67,1172.87,414.88,477.29,371.57
4783,1643.81,1227.43,647.36,302.94,265.58,633.73,258.64,104.71,216.24
5644,1815.19,1627.05,728.29,284.85,380.56,793.24,318.88,164.99,242.96
7241,2321.74,2106.75,903.28,419.39,467.52,1052.77,383.14,501.21,342.67
8420,2847.75,2157.58,991.02,588.16,498.5,1055.58,532.98,491.22,358.44
7677,2526.71,2294.22,886.68,481.69,527.0,857.81,426.96,244.76,329.4
4500,1365.98,1346.74,534.66,255.08,308.47,606.08,280.4,93.22,188.12
9557,3293.4,2836.86,1247.97,525.64,613.85,1224.96,600.92,341.88,450.52
9461,2852.86,2599.9,1025.46,512.69,641.83,1311.6,557.69,267.31,394.53
5645,1904.73,1480.7,782.22,327.6,363.47,708.93,332.95,409.68,276.47
4645,1569.73,1296.42,598.1,250.2,290.61,652.88,286.27,338.93,199.17
8589,2986.01,2327.59,974.49,452.67,501.73,1246.27,474.53,605.87,388.1
8353,2528.51,2174.26,1044.61,478.47,463.34,1148.36,421.2,214.47,373.8
9757,3218.28,2645.94,1445.39,606.3,499.61,1338.49,613.72,274.2,458.81
8857,2846.57,2508.25,894.77,468.78,584.72,1145.74,550.64,249.16,375.01
4349,1376.6,1102.67,478.29,221.31,228.08,537.46,258.89,154.41,210.43
3932,1197.36,1048.55,481.35,199.32,228.87,584.41,265.47,95.83,186.29
5294,1737.13,1328.21,698.39,293.01,289.54,700.16,318.55,417.66,229.9
3757,1217.09,1080.04,415.57,202.14,222.01,533.56,210.65,267.91,154.8
8146,2486.39,2297.45,1193.96,495.16,458.62,1020.45,523.55,196.74,366.96
7085,2342.47,1793.45,936.13,418.83,471.82,905.06,490.62,202.78,352.87
7637,2572.89,2277.64,1098.75,431.45,531.26,1016.82,494.4,272.94,307.33
3116,1054.34,782.52,362.91,207.75,214.48,425.11,212.44,207.22,150.97
4567,1576.84,1276.47,645.99,274.47,285.2,559.08,238.65,287.02,214.64
5499,1762.28,1588.21,653.89,285.02,382.65,647.87,288.26,318.01,230.03
2492,866.35,721.17,280.69,139.34,144.57,279.03,132.31,186.23,111.55
5306,1821.4,1335.6,772.46,368.59,320.75,642.99,339.89,117.67,245.54
2619,824.53,773.45,273.98,182.12,144.4,289.56,151.36,77.72,123.01
5232,1611.27,1548.27,769.86,288.25,355.56,632.22,311.59,164.23,257.49
9888,3181.66,2749.55,1215.49,527.47,529.94,1421.23,546.2,233.15,481.85
5823,1863.91,1596.11,871.3,348.88,362.25,866.77,376.88,332.48,252.04
8474,2786.13,2137.51,1076.03,505.3,559.19,1091.92,566.97,276.1,349.13
4380,1441.76,1218.07,603.89,254.93,271.16,469.98,233.03,214.44,179.77
8193,2765.13,2215.95,822.2,496.39,422.56,994.45,441.23,500.81,407.09
3546,1154.2,1023.52,442.66,193.77,220.66,461.35,201.37,197.6,175.73
6958,2123.87,1880.01,952.36,363.89,454.65,824.79,386.89,260.28,335.34
7787,2670.28,2212.9,1083.49,478.19,418.6,858.58,472.13,349.25,387.83
5563,1755.06,1418.96,600.26,381.91,360.14,619.39,361.88,224.69,237.77
3605,1256.58,925.21,436.02,190.18,243.6,445.93,237.45,256.49,173.96
5752,1759.5,1478.18,695.73,368.68,401.08,637.44,311.58,259.97,258.97
8415,2927.68,2122.9,885.11,494.45,489.76,946.49,450.3,199.44,403.85
6675,2032.88,1849.42,815.37,373.0,337.11,958.89,382.3,381.55,307.77
3890,1211.94,1126.93,545.98,260.87,227.1,540.53,205.99,123.94,188.52
3275,990.13,918.7,376.65,193.65,206.99,336.56,169.76,132.04,144.01
8703,2917.73,2425.94,1058.53,536.68,590.3,1009.62,477.37,345.18,434.2
4743,1624.55,1347.16,702.19,279.18,326.14,600.45,274.52,115.47,200.12
7951,2557.86,2122.78,807.71,410.47,542.19,819.19,491.03,612.68,371.52
9866,3417.84,2645.05,1278.4,610.69,623.13,1323.61,636.02,521.16,473.82
9257,3050.32,2459.71,1269.8,540.39,589.21,1103.64,504.1,271.92,424.5
4493,1489.43,1283.23,620.23,232.45,224.86,538.53,298.22,239.68,192.76
9160,3135.2,2364.03,1243.9,567.15,524.64,1037.52,464.17,431.39,417.81
7451,2345.87,1867.6,1015.74,374.02,507.69,869.51,438.72,303.2,335.65
7258,2305.96,2030.86,747.22,393.17,463.0,1038.51,454.8,350.91,304.12
2356,813.52,700.01,298.52,154.6,139.85,328.5,131.52,141.78,112.22
7720,2663.77,2165.23,1074.23,391.86,402.1,1133.21,491.56,246.82,329.43
8417,2936.05,2433.74,881.29,529.71,462.31,1135.87,566.81,439.98,406.72
9186,3170.01,2605.51,924.13,633.78,561.25,1184.02,475.72,631.81,387.13
8102,2482.2,2227.01,1140.18,432.84,550.53,915.22,488.16,270.2,364.78
8454,2884.39,2417.16,1146.49,493.23,438.9,1127.28,425.87,430.58,396.93
2869,919.49,835.47,346.03,176.47,152.27,416.89,159.49,223.62,143.33
2885,1008.42,753.67,424.15,170.24,182.04,298.48,152.15,196.27,123.22
4001,1294.78,1067.49,553.46,249.69,223.59,488.74,250.0,222.38,185.47
8297,2718.86,2167.06,1231.22,481.91,443.01,891.66,456.12,538.86,344.6
7509,2451.6,2047.02,1099.81,397.75,402.25,1055.25,417.86,387.0,361.91
3283,1037.71,966.03,407.3,170.0,196.49,429.1,177.65,259.99,159.6
2619,795.52,699.95,360.73,169.94,161.53,377.09,143.72,78.96,128.02
2882,993.66,774.46,384.63,157.85,196.23,297.29,157.08,182.07,142.53
2796,951.01,819.28,393.04,187.19,169.43,406.22,178.82,56.92,121.78
5642,1731.96,1555.89,786.41,365.94,360.1,583.16,389.95,155.39,263.28
8268,2801.52,2288.35,890.15,421.58,443.28,945.7,494.46,523.44,356.83
5425,1797.26,1589.74,605.9,293.08,348.66,584.86,336.39,355.67,260.61
3296,1056.23,904.84,373.39,184.05,207.56,353.56,218.73,73.71,145.54
6714,2099.47,1907.3,946.17,415.53,364.73,729.03,399.63,268.77,305.82
7930,2719.88,2016.46,1114.46,524.94,502.66,983.41,444.4,214.84,327.75
2244,751.76,581.04,279.98,114.91,121.69,312.41,154.88,164.73,108.85
4895,1602.56,1322.72,631.66,269.19,302.86,709.35,333.46,231.21,219.44
8593,2839.8,2360.86,1214.59,494.31,544.6,1102.86,467.52,400.02,398.76
2929,892.04,873.68,338.68,157.19,187.07,316.0,187.64,203.37,136.76
7366,2384.34,2198.99,755.08,448.63,502.25,765.77,463.64,454.65,314.84
2519,780.1,736.96,312.68,150.03,173.7,314.14,158.68,189.78,120.79
5212,1617.9,1385.25,759.31,293.59,345.06,720.66,347.18,397.78,251.9
4409,1468.48,1314.77,615.16,266.03,297.94,577.61,279.89,171.03,199.1
2007,693.54,570.93,237.49,114.63,101.13,259.18,121.14,118.22,98.39
4525,1448.85,1220.15,467.15,257.31,259.07,463.4,302.82,237.6,188.28
5423,1683.23,1546.01,715.0,299.93,275.46,653.89,299.87,302.33,239.39
4019,1336.07,1008.07,569.59,244.39,219.02,512.5,255.55,231.17,162.54
6590,2264.06,1695.66,878.1,388.03,379.81,856.14,421.96,155.53,289.87
7725,2606.54,2251.72,936.69,416.58,520.29,774.36,520.71,569.36,386.02
8976,3082.7,2533.73,952.96,451.13,540.67,987.16,628.02,255.07,400.62
9594,3135.59,2573.2,1396.3,508.66,604.2,1415.01,586.68,436.2,423.98
7158,2416.5,1968.69,814.57,364.03,409.84,897.84,427.25,268.6,335.55
8736,2681.98,2579.37,971.57,512.21,542.14,1180.95,541.75,464.97,353.69
6282,1993.99,1768.88,884.5,342.38,416.56,725.0,396.86,488.04,273.5
5667,1810.48,1529.57,844.73,331.0,317.49,732.57,364.16,253.57,256.89
5671,1846.28,1451.87,754.29,320.92,389.29,668.18,315.45,318.66,254.29
4801,1663.32,1270.76,630.09,291.71,260.53,551.38,286.81,136.68,222.89
7973,2740.44,2383.27,924.64,514.08,545.24,961.3,457.8,380.96,330.0
8236,2526.2,2239.11,832.01,490.75,416.46,1012.96,418.19,617.26,362.6
2085,643.51,570.44,228.49,106.83,126.88,243.02,129.67,158.34,96.61
5115,1625.97,1406.27,660.97,257.54,356.53,577.48,345.24,270.0,220.03
6232,1960.2,1833.49,670.35,338.18,387.6,817.58,426.45,412.03,287.47
4468,1477.74,1251.92,644.25,261.38,272.98,531.86,269.64,90.22,221.54
8217,2836.01,2339.25,899.0,418.23,523.01,904.62,536.72,426.38,405.13
5619,1956.06,1514.16,708.59,317.78,313.46,774.96,361.01,359.32,265.53
3636,1209.63,914.29,456.68,246.3,185.72,495.18,198.45,144.68,151.9
5583,1908.87,1655.63,726.89,289.2,307.18,805.85,286.17,413.53,267.1
9323,3041.72,2773.19,1084.93,643.01,499.01,1191.02,605.6,622.57,414.57
6009,1865.29,1787.42,863.35,403.4,411.44,684.86,334.42,397.69,297.55
5326,1737.52,1582.8,650.92,354.9,357.08,762.61,324.82,113.31,245.6
4218,1382.47,1226.43,569.46,283.76,237.7,480.92,255.11,130.9,177.9
7847,2645.4,2230.35,1034.2,404.91,523.56,1041.92,520.71,492.92,338.4
4217,1311.46,1232.31,446.4,223.6,228.71,461.84,265.22,226.47,182.13
7883,2510.07,2207.46,1033.71,415.34,425.62,1036.29,527.71,431.26,337.1
6967,2216.91,1788.56,888.54,363.85,455.3,989.61,453.17,145.53,332.45
4369,1520.29,1177.71,633.2,247.09,247.02,554.85,305.82,203.26,189.47
5638,1816.55,1683.31,812.12,375.52,289.21,696.54,379.31,378.8,236.55
4503,1520.91,1204.81,484.29,247.84,289.99,673.98,244.16,269.34,206.96
2943,993.38,863.45,306.32,161.52,205.4,297.6,203.74,159.94,131.4
7722,2419.13,1966.49,885.94,490.48,473.51,900.28,438.63,477.19,310.59
4837,1589.41,1290.07,722.31,251.23,267.36,705.86,300.65,343.71,206.98
4660,1606.37,1246.77,471.03,266.58,267.75,615.74,320.73,330.73,188.18
9322,3018.09,2354.55,1245.84,521.18,587.03,1184.87,506.03,441.5,444.38
4936,1714.06,1263.39,643.78,330.45,316.04,650.98,331.43,189.88,244.38
6444,2002.3,1673.24,852.73,388.51,436.43,748.13,445.04,270.54,289.99
9618,2921.06,2807.41,1066.77,605.26,655.72,996.02,645.13,493.24,438.4
5947,2049.17,1505.6,662.11,312.7,399.79,676.52,394.78,150.83,288.14
3676,1258.6,973.9,446.75,252.09,231.48,429.45,203.25,203.87,147.74
3196,1117.42,800.63,334.92,180.41,188.55,396.28,185.82,150.84,133.03
6105,2038.88,1738.59,633.28,391.56,388.19,730.74,398.09,400.1,284.15
4787,1660.3,1345.22,499.85,330.75,303.17,603.4,250.66,174.42,226.99
9432,3219.59,2662.17,1213.42,567.55,512.72,1035.67,639.18,226.16,436.34
3461,1184.43,930.04,414.93,208.18,208.18,377.95,187.6,254.99,170.95
9927,3260.59,2585.12,1138.44,519.63,537.69,1167.27,608.49,239.09,436.03
5318,1697.07,1521.03,615.78,307.41,361.53,657.76,277.07,402.24,242.24
2666,924.38,774.62,294.23,178.75,150.54,312.15,143.17,132.9,132.14
8689,2794.43,2232.47,1047.68,457.93,574.42,1119.39,536.2,203.12,425.73
7618,2490.64,2089.93,839.14,520.69,438.37,879.88,477.59,209.88,307.07
4176,1345.95,1095.93,563.35,264.53,272.59,454.59,231.33,217.06,181.75
5743,1885.09,1484.02,609.89,335.5,312.52,822.06,300.83,120.3,272.16
2600,841.17,745.46,383.27,158.42,169.71,286.08,158.58,194.76,104.02
4652,1406.76,1288.16,486.09,246.6,249.3,690.04,310.81,315.29,226.23
6422,2209.83,1674.92,945.15,349.03,384.14,959.26,346.97,322.85,289.13
5824,1876.61,1546.27,825.06,324.56,304.44,785.31,371.75,440.15,238.0
5906,1945.72,1761.95,791.61,340.76,357.66,738.84,340.88,210.16,262.37
2979,914.43,871.16,433.79,203.5,197.85,416.38,205.14,212.12,133.84
4451,1336.05,1308.58,476.08,255.27,289.81,639.43,229.9,304.04,194.37
2628,820.63,717.45,285.97,158.93,134.07,356.04,133.5,144.3,117.06
3629,1216.55,1020.44,408.65,193.21,217.17,381.42,190.47,142.0,177.51
9842,3001.41,2645.91,1104.67,636.97,659.85,985.67,646.12,526.55,425.57
9778,3377.76,2482.49,1129.77,598.47,616.03,1071.62,669.36,757.14,485.08
5696,1770.04,1538.22,733.54,334.91,291.54,623.29,378.5,142.82,266.97
5430,1684.55,1518.77,550.65,374.36,306.86,592.55,349.46,174.09,265.85
5674,1753.69,1499.96,675.85,384.77,346.86,712.02,290.23,332.69,238.82
5929,1782.84,1733.62,665.94,374.65,316.92,747.08,321.8,359.92,266.32
4765,1613.38,1227.25,621.03,326.1,303.24,648.76,327.39,142.32,217.54
9184,3157.02,2464.59,1370.79,562.94,575.81,1010.91,573.59,627.98,375.19
6369,2106.28,1632.03,801.75,423.79,344.24,666.41,378.11,482.19,286.2
6780,2097.8,1832.24,822.31,394.52,413.63,903.8,427.45,168.01,329.57
2115,664.67,532.94,250.44,109.42,140.09,262.68,113.3,165.93,85.7
6956,2252.33,1833.79,968.61,486.11,399.95,927.35,472.02,256.49,322.92
4003,1391.91,1080.96,414.71,213.41,219.92,476.51,252.69,154.24,199.7
2692,840.89,737.36,398.39,148.14,172.35,370.26,159.97,61.09,121.88
5162,1737.44,1430.83,624.06,274.94,265.41,692.38,305.32,257.3,222.14
3105,999.72,818.94,359.2,176.21,206.96,411.47,206.32,239.97,142.36
8467,2666.19,2338.18,1259.07,472.34,583.12,858.37,475.48,251.12,384.52
5008,1616.56,1379.45,735.14,310.61,347.03,715.67,264.14,273.5,205.59
4161,1263.11,1106.03,549.65,290.98,244.05,494.45,223.5,151.74,175.36
7888,2681.4,2299.43,796.1,402.68,492.72,842.29,407.2,166.58,368.32
9225,2879.72,2557.93,1267.76,604.87,619.43,1271.02,554.95,730.88,423.66
2153,723.99,574.02,251.42,113.16,117.27,267.67,136.81,135.58,93.53
7996,2426.13,2377.75,954.83,402.97,404.23,812.4,549.16,512.77,398.08
7523,2616.16,2198.64,812.01,472.23,434.01,1046.4,489.12,449.71,349.43
5699,1764.7,1704.74,719.06,384.49,385.75,693.86,351.41,163.13,241.11
7385,2541.45,2101.86,1013.43,395.29,443.85,1017.26,496.86,239.29,330.2
6410,2182.44,1723.72,728.5,364.29,388.47,883.17,434.88,276.53,302.01
5786,2015.8,1527.75,850.18,308.83,369.32,607.51,371.74,461.31,270.32
3064,992.41,867.62,336.23,208.75,188.41,400.35,156.65,184.93,130.11
6200,2085.49,1854.05,640.54,343.52,316.76,731.64,346.18,288.57,288.17
8020,2554.65,2256.31,1060.39,472.33,490.96,1021.11,454.92,393.65,347.5
3913,1209.97,1150.74,557.47,265.67,246.36,408.62,273.71,294.78,174.42
3216,1036.05,856.92,474.86,196.36,202.07,416.18,190.65,102.22,150.16
7520,2318.32,2033.01,1040.46,516.3,485.54,1044.36,490.59,295.18,344.49
9445,3297.27,2789.24,1038.78,647.26,570.46,1410.52,625.98,399.07,445.12
4401,1341.48,1266.8,655.23,260.68,299.27,510.58,277.55,325.05,192.84
9159,3017.53,2739.19,1336.96,564.63,542.99,986.94,461.3,610.05,435.24
3772,1249.75,1089.12,407.97,205.97,227.69,446.21,190.06,209.15,151.47
3960,1294.54,1078.81,506.64,276.45,259.8,399.82,262.85,153.98,165.84
4780,1592.26,1321.93,610.77,265.61,318.66,575.7,309.67,153.59,237.72
7699,2354.42,2271.4,940.25,505.56,484.78,1121.97,467.5,306.77,314.64
6804,2230.02,1888.67,1015.25,382.79,357.4,746.52,374.07,515.52,317.2
9423,2962.22,2476.08,970.39,530.15,533.71,1167.38,487.49,703.08,463.31
6746,2340.92,1833.43,886.16,351.31,340.02,867.74,359.46,305.71,327.83
4871,1646.9,1343.5,537.1,298.1,272.33,530.92,300.09,192.56,239.3
7042,2455.02,1794.56,889.87,386.58,432.41,820.43,428.97,514.6,350.97
2660,802.99,763.92,369.71,140.89,175.84,387.21,183.08,124.42,115.9
8242,2590.1,2105.56,925.88,449.46,508.64,946.07,569.9,183.98,356.89
4635,1435.79,1252.59,554.66,255.03,235.45,610.75,285.15,188.85,191.0
4329,1301.11,1256.41,638.69,260.09,238.88,462.54,289.3,244.32,181.88
5954,1858.34,1627.7,822.09,343.66,366.54,794.82,394.42,456.53,277.03
4450,1486.03,1299.85,572.43,229.22,285.61,507.11,289.46,202.37,192.74
3132,975.79,836.54,347.96,190.18,210.87,349.42,183.99,107.76,135.96
2699,878.39,803.98,327.29,177.47,187.18,286.66,155.97,116.25,125.39
8342,2872.91,2172.87,1157.06,512.91,565.89,853.73,461.17,195.4,342.41
9470,3169.49,2385.62,1335.53,658.08,562.01,1405.28,650.99,700.12,384.1
4038,1291.08,1185.64,453.19,209.91,262.22,487.37,269.29,88.86,193.94
8470,2698.74,2436.06,1127.38,562.6,464.25,1176.32,453.5,169.89,405.7
8297,2678.16,2170.49,869.11,498.76,425.44,1211.4,456.74,471.67,363.83
6647,2052.94,1989.03,672.41,401.69,339.67,732.51,409.63,194.36,305.3
9812,3254.64,2699.42,1250.38,592.47,537.95,1407.95,571.76,370.55,415.84
6500,2068.35,1934.1,722.92,367.29,329.88,880.11,352.81,321.48,283.9
6557,2246.55,1804.82,681.57,370.41,439.35,845.19,431.6,442.77,264.67
4179,1411.78,1143.35,570.4,261.76,249.9,586.96,209.08,180.74,178.59
4838,1599.08,1318.15,604.26,246.23,320.36,510.57,275.12,374.59,194.31
2873,914.22,766.35,401.69,177.48,197.66,325.17,197.05,135.58,127.1
2083,646.76,576.34,277.45,134.34,145.56,221.95,135.84,156.64,94.15
3422,1159.4,932.93,467.07,195.49,235.24,495.5,198.56,161.31,153.83
8897,2885.48,2240.6,1026.43,483.53,572.35,933.65,610.11,453.47,386.19
4675,1455.04,1229.63,529.04,253.7,275.08,696.56,317.98,362.24,196.67
5180,1604.55,1350.2,673.63,267.48,320.95,546.46,264.45,313.36,230.74
6316,1947.03,1852.94,694.79,327.13,418.94,840.6,331.96,182.93,307.58
5975,2024.68,1672.66,841.1,318.67,406.01,794.82,345.02,334.08,297.75
8696,2708.36,2506.05,1096.97,438.13,601.15,1274.51,596.44,291.43,375.03
3391,1106.59,1009.98,377.59,187.61,219.1,393.89,226.8,130.82,168.68
5218,1683.21,1472.53,684.91,292.88,317.25,608.42,265.88,366.77,231.39
6207,2041.98,1856.7,913.99,433.9,430.56,883.35,373.95,378.18,286.35
2614,898.84,694.25,272.13,182.55,180.82,389.3,168.35,97.27,125.57
7677,2636.18,1990.75,809.67,412.57,457.17,779.27,426.22,155.7,334.67
4971,1603.41,1342.99,706.84,269.73,313.04,655.01,320.38,257.85,209.19
5565,1673.78,1522.25,586.99,333.0,368.32,624.29,319.4,194.83,237.8
5576,1791.69,1643.63,568.58,295.39,327.1,760.56,309.36,120.99,269.8
6570,2170.13,1826.44,771.3,394.73,437.48,910.84,380.08,156.35,324.19
8979,2944.11,2375.92,1107.43,520.67,468.97,1240.24,619.69,542.29,370.7
8009,2663.53,2299.64,1028.93,452.45,477.52,975.3,545.46,359.26,375.98
2270,698.49,624.91,284.58,150.85,135.41,244.91,154.99,81.15,91.59
6066,2015.89,1565.67,883.57,403.77,386.36,783.96,414.6,441.5,295.71
4468,1381.2,1245.86,618.52,311.68,233.8,623.07,239.33,310.55,217.0
8016,2705.61,2369.29,1195.91,436.57,417.35,1167.21,544.46,384.54,382.73
8850,2805.05,2585.36,1095.83,599.73,601.91,1085.3,480.07,323.34,426.96
3390,1137.33,946.96,353.29,205.97,190.09,380.64,226.33,170.96,156.09
9447,2856.71,2539.87,1396.04,584.1,534.12,1000.83,574.74,615.71,391.8
5354,1715.38,1361.78,536.5,363.68,350.89,748.92,293.4,110.53,263.13
6135,2056.77,1677.81,851.57,422.41,357.66,777.7,355.65,348.19,254.05
8078,2515.03,2323.26,820.43,521.32,538.47,1080.1,473.92,505.74,341.31
8332,2830.92,2233.09,1150.32,474.56,483.5,899.54,538.78,574.97,369.33
9331,3093.59,2442.6,1370.7,557.93,608.49,936.17,579.65,307.89,419.7
7089,2334.96,2102.38,846.87,441.65,428.93,1051.86,470.25,228.31,290.39
8108,2575.73,2360.06,908.49,539.77,557.15,1139.53,469.75,267.11,386.08
5607,1817.36,1580.69,624.14,354.13,317.06,672.85,363.74,425.49,231.98
4583,1511.78,1177.09,570.98,262.65,262.39,563.06,301.82,130.43,213.33
6073,1965.36,1562.25,659.19,354.41,421.46,889.41,311.32,400.08,270.37
5075,1699.7,1294.94,678.25,258.87,328.61,560.19,291.88,401.97,244.15
5906,1899.87,1658.49,699.37,404.47,386.56,827.68,399.95,453.45,253.7
2289,709.85,585.48,265.88,118.48,128.0,230.95,146.72,102.07,110.71
4480,1391.92,1308.75,551.33,275.96,271.67,644.16,261.49,315.22,190.5
8614,2586.7,2581.17,1095.09,580.87,484.72,1115.2,462.22,518.64,394.03
5252,1654.63,1409.2,562.47,306.81,289.9,650.61,272.75,378.71,235.61
9415,3177.05,2567.32,1274.68,621.41,571.54,1274.06,513.94,279.34,409.8
8771,2979.58,2504.85,1264.32,579.56,611.82,906.77,481.47,577.98,351.87
2278,706.46,676.24,259.46,116.63,123.68,250.07,130.79,125.73,100.18
4924,1713.32,1451.13,536.81,286.79,270.08,592.6,263.62,258.05,202.79
2580,838.81,652.43,356.11,164.66,141.55,337.7,136.54,164.43,109.01
6958,2406.42,1798.32,759.65,406.67,458.07,746.09,465.35,253.16,326.21
2253,755.52,648.26,229.95,137.22,135.65,268.05,123.89,55.14,102.99
6276,2109.5,1785.17,821.92,388.42,362.1,709.47,384.29,314.6,284.12
9997,3041.61,2565.84,1119.54,530.09,668.56,1322.39,539.7,381.17,456.26
6776,2107.33,1864.1,735.81,394.63,379.12,989.05,405.44,239.76,279.17
2824,848.44,816.25,421.0,142.81,163.35,305.84,156.83,225.67,117.61
9676,3249.26,2524.85,1108.8,512.76,498.05,1059.16,500.6,308.39,439.56
5832,1850.04,1712.07,846.64,351.35,305.47,758.31,406.16,199.07,257.01
2699,915.86,681.9,293.95,165.91,142.33,331.11,159.66,108.05,120.46
8709,2760.29,2517.86,1227.52,460.92,495.89,1183.6,503.91,433.88,424.93
7445,2538.5,2090.49,931.38,484.76,450.29,851.67,401.9,537.13,311.59
3380,1036.09,898.27,351.28,194.21,169.05,430.07,202.49,103.37,165.98
5896,1819.91,1686.53,805.87,403.36,317.2,703.64,369.71,335.82,286.4
3673,1164.5,1061.93,531.13,212.13,196.55,418.95,206.03,154.68,180.04
4727,1514.65,1402.48,511.23,250.51,260.3,645.07,281.77,320.56,219.4
8534,2708.99,2290.43,1163.01,556.07,455.05,1193.01,467.16,478.87,415.09
7734,2615.5,2198.78,945.5,474.53,416.88,900.61,468.33,523.64,386.02
8053,2454.94,2255.89,1108.85,464.93,561.11,1056.14,529.44,574.22,360.08
5156,1637.34,1424.4,699.65,294.51,319.13,561.64,264.01,385.3,250.67
5388,1841.95,1586.88,545.97,285.65,351.59,751.89,325.2,429.64,264.21
6307,1913.16,1577.75,687.06,358.34,418.7,719.39,365.73,360.33,271.82
7634,2649.89,2016.18,943.19,386.18,483.64,828.65,393.0,444.7,339.16
2383,832.42,659.89,349.54,143.09,152.71,350.3,163.97,67.76,108.99
7810,2377.59,2022.12,914.58,530.57,489.26,945.98,431.09,205.45,339.67
2341,736.39,691.52,307.71,154.29,147.45,309.42,143.49,115.31,101.18
7934,2527.93,2240.4,798.19,401.23,544.03,1114.41,455.83,488.9,347.57
3987,1350.87,1092.02,540.46,269.62,214.16,535.48,220.97,139.11,176.38
6059,1998.24,1761.56,788.6,357.76,336.24,776.96,366.83,240.12,257.65
6939,2305.26,1891.18,942.11,373.44,359.89,822.83,442.57,430.27,310.4
5109,1726.21,1419.96,742.0,332.33,341.01,745.54,335.72,167.06,244.15
6082,1860.48,1521.34,652.75,343.37,358.69,648.81,381.21,311.9,281.26
7630,2606.87,2047.01,862.8,420.16,519.92,1100.22,461.81,399.18,334.18
6515,2184.36,1673.96,975.88,346.77,379.39,882.73,427.03,488.74,270.78
4798,1577.9,1364.96,517.29,286.6,282.37,616.88,289.56,211.77,231.46
5240,1805.11,1435.51,712.8,271.79,308.99,609.08,364.1,171.0,236.39
3988,1336.04,1057.17,543.38,262.06,248.25,427.92,241.41,121.37,198.25
8028,2489.36,2194.79,1076.95,476.97,524.41,980.68,452.34,301.77,341.41
5414,1740.53,1410.25,602.97,319.1,308.74,753.56,319.03,198.88,226.06
3849,1249.78,1140.28,426.3,192.59,240.96,528.33,230.17,250.23,154.27
2305,697.86,582.47,307.3,152.95,124.65,304.89,128.32,128.21,94.1
5613,1951.82,1646.13,613.57,335.98,342.85,839.85,298.47,342.09,246.15
4749,1455.23,1308.67,631.99,279.23,289.36,705.85,278.42,274.58,199.37
6964,2332.06,1956.52,867.9,454.25,471.98,835.68,473.14,340.36,281.2
8680,2823.7,2301.33,1035.8,444.92,589.52,951.56,478.36,657.05,366.76
3135,944.52,935.28,360.56,179.74,187.3,386.21,179.44,216.46,148.25
7530,2607.17,1988.62,1109.76,463.21,380.2,1070.98,490.61,245.85,356.6
2205,755.42,616.17,276.52,130.56,147.5,271.06,113.88,100.15,91.5
9352,3050.74,2802.52,1197.64,501.57,467.72,1092.31,621.92,348.59,461.66
9549,2974.01,2807.93,1408.12,534.61,568.79,1308.8,615.01,618.21,397.15
6591,2017.38,1824.5,874.59,369.12,332.16,873.35,402.02,268.04,269.53
5450,1734.02,1632.38,806.01,380.62,310.93,808.97,295.33,318.35,226.88
9214,2881.88,2626.62,970.4,520.81,578.04,1174.44,477.78,345.83,381.51
8005,2604.3,2084.78,1139.37,433.1,459.68,1187.73,437.35,242.54,370.77
5811,2024.09,1570.6,678.55,386.16,398.27,665.63,379.05,119.42,241.52
5622,1848.22,1499.53,790.03,328.46,353.15,805.3,386.06,447.95,260.54
5599,1928.84,1496.06,799.44,329.65,352.34,658.14,362.58,185.72,239.45
4551,1513.41,1310.79,516.88,277.51,261.63,639.34,275.57,318.27,193.34
7141,2311.99,1993.86,860.07,442.13,362.55,1044.72,492.83,495.05,349.71
6308,2161.94,1589.01,859.78,389.9,408.53,827.35,419.93,215.47,265.84
2309,747.12,678.55,242.34,117.04,148.53,315.01,145.74,103.76,112.32
4708,1616.88,1246.87,648.65,312.5,285.32,696.46,238.97,330.34,202.61
3991,1255.48,1196.72,421.14,215.1,232.78,473.96,222.52,245.0,199.2
8896,2726.1,2648.42,1296.35,496.81,540.58,1117.15,499.64,375.35,443.1
2271,778.42,674.55,258.48,121.43,147.47,329.1,129.32,174.75,109.64
5642,1858.31,1639.32,726.58,368.66,362.53,754.0,326.04,228.73,274.66
6086,2096.35,1588.63,644.25,375.34,384.41,874.43,418.64,199.16,293.54
3822,1325.82,1057.29,433.7,248.83,260.18,500.35,247.81,110.09,176.95
9081,2748.65,2372.09,1091.52,572.72,564.82,1243.98,579.72,563.74,436.71
5273,1713.98,1386.71,655.71,274.63,265.18,530.74,308.63,114.64,244.05
8175,2605.77,2293.48,817.53,458.05,509.8,956.34,463.94,578.38,395.85
6538,2165.99,1647.85,944.3,393.23,407.0,905.65,342.54,250.1,322.69
8305,2821.04,2478.82,833.69,465.9,426.82,998.26,490.58,350.37,394.76
8910,2798.0,2636.77,1235.68,482.44,521.72,1052.65,482.09,606.86,442.35
6349,2081.46,1708.12,784.29,427.9,400.13,936.97,367.1,437.13,282.42
2520,845.3,694.94,318.01,163.69,161.51,321.62,133.88,110.88,124.12
2976,912.8,813.36,328.59,169.35,201.95,326.24,169.27,158.41,125.77
5722,1949.5,1682.9,745.97,373.65,382.39,707.3,291.02,347.63,230.67
5551,1833.53,1578.87,704.21,347.22,290.49,699.06,278.22,340.37,229.15
6105,2121.35,1611.14,660.63,305.71,379.58,912.31,411.47,317.72,253.98
4773,1512.93,1299.89,534.13,274.95,295.59,648.7,299.87,337.19,230.27
4552,1390.21,1235.63,470.43,254.05,255.25,573.42,281.1,320.85,200.33
4832,1571.97,1439.78,499.21,262.66,259.39,587.57,291.25,342.72,204.55
5907,1797.44,1528.53,594.77,325.07,318.92,861.09,381.21,213.2,284.26
7679,2675.95,1954.14,852.55,528.68,411.22,1015.91,497.01,271.95,322.68
8579,2590.29,2522.49,1149.44,512.39,567.29,1010.64,589.42,243.55,349.84
7230,2441.39,2131.65,837.31,484.08,382.96,890.96,396.84,503.09,322.91
2152,702.1,631.8,252.08,116.82,118.98,245.13,141.39,50.87,87.57
7754,2469.11,2136.61,826.54,414.75,421.47,1147.76,541.41,218.03,331.79
4964,1505.54,1404.75,639.23,336.44,318.97,670.62,251.08,375.14,233.32
4916,1627.73,1367.47,575.7,294.54,261.37,588.03,282.57,135.22,215.05
9269,3051.92,2349.44,1240.34,629.39,467.91,1011.81,544.28,252.83,378.87
4800,1507.41,1343.0,657.95,246.05,275.93,522.48,318.9,357.82,211.34
7952,2747.5,1993.41,1027.67,543.35,446.12,985.15,399.79,307.0,358.89
7310,2304.15,1946.28,831.9,426.24,423.64,901.9,453.02,532.79,310.69
3752,1209.97,1112.9,470.61,199.26,244.17,453.58,254.58,160.06,156.49
4610,1508.34,1222.58,519.07,293.51,231.64,657.34,244.11,195.55,219.51
5875,1791.94,1744.82,852.73,387.39,298.18,875.14,307.33,165.15,238.99
3104,1075.87,814.82,429.34,158.14,171.07,365.47,217.27,233.16,153.86
4536,1445.74,1205.34,565.41,316.36,307.47,520.42,301.73,298.02,181.78
6990,2125.23,1967.13,1036.43,446.94,373.14,968.15,447.0,234.44,325.12
7207,2301.66,2076.2,917.72,406.68,504.06,882.78,417.86,458.85,297.91
9361,3089.22,2574.92,1089.87,496.38,618.89,1037.93,627.93,245.46,425.65
6199,2018.91,1823.16,649.49,358.62,366.5,675.98,424.36,318.81,259.57
5854,1959.49,1475.28,744.55,318.52,380.26,667.52,378.45,206.39,236.17
9263,2804.6,2742.86,1324.8,554.7,559.27,926.91,536.9,658.0,450.16
5494,1726.36,1427.43,787.49,360.61,336.89,808.01,338.82,278.37,243.05
3914,1334.52,1151.55,509.71,247.38,241.16,475.6,203.41,294.62,167.33
9365,2846.91,2528.95,1120.73,549.9,589.76,975.29,497.85,516.1,463.31
5072,1738.55,1479.19,672.12,265.67,259.76,549.03,333.03,254.81,207.04
3006,915.61,852.45,415.15,207.84,187.36,349.2,152.06,185.28,130.72
2406,822.18,622.67,290.12,133.31,154.8,306.97,122.67,161.29,100.51
7497,2384.34,2218.38,928.22,416.51,421.44,1013.49,451.02,156.8,374.19
2166,716.1,568.09,290.31,136.26,150.69,249.94,115.69,111.2,98.47
2508,771.57,657.62,360.73,164.05,132.65,370.89,140.13,166.89,120.69
3661,1110.41,1064.29,510.89,255.11,249.71,505.28,212.25,162.73,152.43
8456,2628.1,2158.76,855.07,586.71,537.2,1194.75,511.12,192.01,363.98
5664,1735.41,1478.88,601.62,386.71,358.45,658.06,315.32,119.25,261.65
5489,1732.44,1510.48,782.94,322.24,370.62,653.45,327.53,371.23,229.33
6858,2233.78,1999.27,971.72,365.76,456.98,870.3,393.74,218.66,308.61
2680,882.89,689.76,320.1,165.33,152.52,328.53,138.34,81.73,132.17
4524,1535.87,1254.88,584.56,227.76,290.02,511.19,304.66,169.08,223.04
4120,1371.19,1176.52,598.6,222.17,210.17,617.44,229.18,107.66,179.42
7260,2398.98,2127.4,1056.9,363.37,430.38,1033.95,451.48,168.41,327.87
6677,2140.57,1981.59,929.14,357.96,459.08,747.15,409.94,482.98,280.33
6357,2057.7,1838.65,702.32,378.21,352.7,919.35,343.17,242.63,316.48
3363,1078.6,950.52,459.1,194.6,171.51,434.98,170.16,184.78,152.0
3331,1139.56,904.97,349.94,191.15,205.39,335.19,223.64,238.06,140.11
4292,1336.96,1097.06,621.04,285.93,245.08,503.48,257.32,337.56,207.94
3538,1062.41,1010.05,380.18,224.66,203.77,358.35,206.23,216.91,156.39
5408,1798.52,1620.44,719.9,371.68,333.4,564.53,352.92,416.47,250.72
9742,3021.22,2794.38,1271.45,573.87,608.21,1061.38,493.56,442.4,471.86
2560,881.93,642.14,355.44,141.94,150.39,318.0,167.18,172.47,110.32
3099,1062.81,851.65,395.37,162.55,186.41,368.98,180.29,236.32,141.87
3903,1185.87,1095.7,401.92,247.61,272.68,419.38,238.21,90.51,158.31
2174,663.76,618.47,294.13,145.3,150.32,260.29,141.42,84.89,92.06
4156,1349.7,1188.56,495.22,223.07,266.59,478.84,253.25,267.71,172.01
4230,1397.85,1175.54,490.74,285.84,225.16,509.75,216.73,164.62,196.45
6287,1972.52,1641.96,940.43,380.52,359.61,682.87,405.96,132.16,267.49
6160,2068.77,1830.2,797.84,325.75,416.8,803.79,404.88,421.48,293.22
5920,1952.1,1686.21,802.37,372.12,346.15,605.18,350.69,176.91,281.86
9106,2879.69,2384.33,1150.24,550.01,629.29,1087.2,535.26,357.43,435.65
3497,1053.54,930.61,484.33,176.82,209.0,506.17,192.47,261.0,144.52
5854,1975.77,1733.35,805.53,339.44,393.6,708.24,368.12,190.44,264.95
5171,1606.82,1522.21,687.01,339.71,262.21,631.14,349.77,381.03,241.96
3567,1218.93,964.01,534.65,217.97,209.32,368.83,225.15,161.77,154.19
9007,2891.38,2269.0,1107.77,501.16,576.5,1173.33,589.3,676.32,383.7
3151,1036.22,795.39,426.36,216.07,211.97,462.63,210.33,228.8,148.66
9619,3305.54,2541.3,1345.59,526.69,598.23,1102.15,524.46,432.03,418.55
8033,2756.77,2260.94,954.33,442.25,429.49,961.25,466.25,604.98,341.31
2368,754.39,661.17,290.93,135.2,160.35,306.44,139.05,137.26,108.05
6946,2156.35,1956.63,1031.19,471.57,427.15,726.97,424.94,337.14,320.93
2042,691.74,583.73,207.5,122.83,106.51,301.22,104.11,105.86,97.54
3907,1256.7,980.47,456.2,248.66,231.59,482.05,241.33,92.98,157.88
5490,1699.72,1401.35,682.47,381.69,351.24,580.59,284.22,375.82,229.18
4535,1565.58,1215.26,453.83,297.79,267.66,529.51,299.91,170.28,216.65
6173,1913.04,1591.05,894.82,329.96,416.16,732.68,427.54,223.53,279.75
4873,1468.19,1236.6,557.04,320.48,284.94,571.45,271.89,306.63,234.2
3824,1151.08,1078.55,431.67,248.43,235.82,514.94,229.95,161.56,170.11
3293,1090.36,957.5,464.37,179.97,178.56,386.19,218.87,167.45,146.85
6769,2254.64,1946.98,770.98,382.5,407.86,786.51,381.05,306.6,296.32
6796,2144.49,1976.63,903.06,436.32,370.09,789.05,361.25,341.69,318.81
6854,2165.87,1941.69,966.93,375.38,373.57,951.97,444.01,228.45,314.61
8019,2541.82,2299.59,1119.64,434.34,445.84,925.55,512.95,586.16,352.25
8871,2962.98,2338.3,1233.93,568.36,451.39,893.31,544.67,502.19,371.48
5386,1631.46,1613.92,562.47,364.16,286.89,637.04,371.03,183.25,215.57
4972,1722.58,1288.53,517.05,256.06,290.8,566.37,343.58,126.75,203.42
5922,1842.49,1544.01,683.03,348.91,311.62,861.36,398.14,308.7,243.27
6997,2448.84,1850.33,712.28,434.82,368.52,866.9,390.86,336.47,319.72
9032,2787.06,2698.46,1129.19,573.76,626.45,1009.13,492.31,685.97,429.85
2992,1013.02,895.85,358.26,209.21,175.16,446.04,199.61,101.26,133.35
7287,2267.5,2111.37,931.65,463.85,423.19,818.6,459.28,531.2,321.67
4386,1333.53,1234.45,504.12,273.7,242.79,605.93,254.05,289.43,181.23
4240,1457.49,1170.25,526.98,295.93,255.46,561.7,246.75,206.02,207.8
3476,1192.05,1037.69,405.78,178.02,215.24,427.94,233.12,251.75,164.6
8426,2697.82,2399.57,924.84,433.84,491.77,1013.58,448.81,604.25,372.17
5407,1811.99,1607.16,716.26,330.98,312.94,776.55,372.43,339.91,221.53
2389,783.24,635.06,319.34,136.59,152.92,295.65,149.71,62.34,115.77
2999,1027.6,799.8,424.24,155.75,206.92,356.18,197.42,88.8,125.05
6620,2090.28,1937.91,951.54,371.57,447.22,779.26,380.1,367.38,309.38
9407,3068.41,2422.23,1272.04,597.22,492.67,1070.45,580.77,326.66,408.23
3855,1250.06,1146.08,518.02,260.65,243.04,464.33,250.57,204.58,187.34
7602,2415.12,2093.39,781.74,394.44,381.17,805.78,446.26,407.83,348.7
2658,915.87,787.62,280.39,161.61,166.56,274.45,158.84,146.79,112.36
4763,1468.4,1270.96,669.81,266.36,282.38,605.25,293.6,258.11,191.12
5663,1741.23,1618.47,632.26,358.73,338.77,694.92,290.33,242.12,238.55
6986,2297.31,1915.17,822.8,426.07,431.46,759.17,469.9,227.85,304.96
9722,3236.21,2735.19,1042.83,666.29,630.5,1024.12,654.62,496.92,457.75
3481,1078.17,958.04,382.07,176.67,224.83,373.04,193.64,173.04,146.76
9256,2957.62,2761.58,1284.46,549.81,471.03,1071.5,625.67,337.95,394.44
5731,1990.54,1631.07,648.14,308.64,370.97,702.47,371.96,132.22,254.18
9262,2892.81,2431.89,1134.15,562.53,616.82,1015.74,552.61,299.48,374.46
2451,817.21,724.23,263.69,164.39,125.89,337.7,139.6,130.02,116.87
4475,1508.11,1184.54,599.19,305.31,252.65,490.76,259.49,233.31,182.52
5222,1683.61,1402.53,712.35,302.69,343.82,554.61,316.91,146.31,247.37
3537,1226.9,902.31,417.67,234.28,211.73,529.59,206.03,199.36,150.96
9543,3214.4,2815.17,1328.74,530.69,609.78,1167.93,557.36,432.86,425.61
5093,1644.51,1346.11,570.39,255.29,305.82,552.59,275.34,301.61,224.62
2882,946.64,757.81,387.9,193.4,200.48,417.11,184.9,211.19,122.58
6408,2144.31,1896.85,874.68,335.7,440.38,714.84,398.53,246.79,272.71
6068,2000.07,1761.4,900.69,305.54,337.52,887.62,423.78,247.81,300.31
6935,2385.19,1782.67,774.06,395.82,400.27,734.75,366.34,420.32,298.58
4566,1451.28,1317.14,477.99,262.94,267.69,648.79,238.69,351.35,191.0
5277,1662.22,1560.15,597.1,272.0,274.85,576.32,318.3,259.46,224.3
2374,737.58,602.82,251.98,157.36,137.89,348.78,125.92,71.59,111.46
6546,1976.17,1906.59,710.14,380.4,428.74,842.55,407.24,498.15,282.06
5697,1721.35,1580.18,664.87,340.67,381.35,623.8,307.2,274.52,237.66
9951,3418.2,2820.71,1201.08,550.22,673.91,1415.44,593.68,474.09,439.29
5062,1690.3,1390.24,734.93,304.88,254.57,605.05,314.99,265.19,208.43
6690,2227.95,1905.92,734.43,437.09,440.04,914.13,395.79,235.16,294.27
5250,1736.34,1321.45,780.09,357.65,315.28,693.9,296.1,352.18,255.27
7329,2509.9,2111.74,1029.78,508.71,396.67,994.65,481.12,428.47,320.49
6595,2136.87,1659.75,950.17,386.03,395.53,772.84,442.48,509.74,297.71
6559,2253.15,1789.07,960.71,457.82,438.7,963.79,364.42,211.42,314.12
9291,2954.28,2392.88,1279.02,519.36,545.24,1189.16,615.69,530.96,419.58
2112,731.46,614.97,294.5,105.89,147.44,219.39,122.14,107.71,85.48
7131,2388.41,1894.59,869.2,466.03,444.5,736.89,426.09,525.45,300.56
5197,1625.93,1417.25,652.34,278.4,310.76,711.53,283.94,113.41,254.35
9732,3194.08,2641.63,1426.95,496.81,544.0,1386.8,608.39,638.89,467.35
4378,1430.08,1263.6,520.6,299.81,219.87,590.0,227.74,251.23,208.42
3924,1204.26,1075.4,400.63,258.34,244.12,446.84,242.63,221.52,178.44
9450,3114.36,2735.28,1305.4,491.9,581.65,1051.74,659.56,685.31,411.38
2139,675.37,542.61,275.2,140.19,129.06,274.37,139.18,118.47,100.41
3424,1036.16,888.8,481.91,229.0,208.02,376.09,232.49,215.56,159.67
4949,1719.44,1373.73,513.6,337.06,330.94,588.71,293.4,290.72,229.77
5168,1716.16,1536.73,677.33,314.6,291.15,679.25,273.09,124.91,232.75
2516,865.12,638.4,282.76,161.2,153.49,287.44,140.32,67.35,107.17
4616,1540.83,1163.94,670.07,301.17,293.57,548.25,235.33,186.07,204.74
8043,2556.46,2073.71,848.5,512.92,435.9,949.28,482.87,486.94,362.91
8989,2927.13,2535.42,1277.82,565.74,615.71,1105.88,566.25,194.05,378.98
9236,3082.86,2493.25,964.49,562.95,597.96,1235.02,540.21,612.86,390.69
8261,2874.93,2406.24,836.47,492.22,421.86,1149.25,506.1,265.84,395.85
2887,902.72,732.13,322.63,201.87,194.3,384.7,162.87,154.66,124.71
9226,3171.43,2397.11,1076.23,523.59,632.88,934.67,477.14,295.87,458.87
5104,1767.02,1352.57,670.29,264.21,336.22,739.27,299.3,155.97,226.43
7437,2480.39,2092.3,792.68,485.64,435.25,959.82,453.33,297.86,342.75
2049,710.11,582.45,249.7,111.21,143.2,299.18,142.72,154.27,92.29
5951,1903.69,1524.71,655.88,360.95,312.36,881.9,338.88,203.94,267.39
5560,1932.94,1652.38,793.77,288.65,337.67,686.06,353.37,127.39,271.88
2018,676.31,538.91,206.34,125.89,107.78,294.26,134.1,147.18,82.6
6821,2060.63,1948.48,803.49,469.83,400.99,806.71,386.8,316.06,296.42
8340,2880.17,2303.59,1097.28,537.55,571.69,942.58,572.11,477.58,357.45
3473,1126.03,906.93,505.86,188.55,228.82,360.09,197.19,254.04,150.24
6061,1957.8,1771.7,869.15,420.77,397.85,743.03,420.61,396.02,297.75
4606,1512.26,1339.94,666.76,258.59,262.9,619.2,230.5,312.24,187.46
9846,3027.34,2656.49,1015.54,578.28,676.28,1465.5,617.18,480.54,421.74
2451,792.8,684.88,348.16,146.97,140.6,308.99,161.27,150.1,116.12
8432,2880.0,2216.7,1172.01,588.67,428.34,1152.85,468.83,656.23,357.41
7260,2183.62,2065.42,1053.58,373.0,455.61,1051.3,380.0,532.79,350.88
7203,2259.19,1912.05,832.51,460.52,412.39,915.93,363.66,408.74,311.88
5765,1730.21,1684.56,839.32,329.98,305.97,624.57,296.83,144.83,237.13
4438,1423.65,1157.74,533.15,228.85,304.86,632.02,270.1,349.63,200.56
9758,3282.75,2446.72,1285.18,670.38,612.26,1255.94,651.67,327.18,440.22
6310,2145.01,1662.21,764.83,389.94,434.19,870.31,323.47,262.78,254.87
3549,1232.42,921.15,430.79,230.93,218.83,471.75,185.48,100.87,167.44
8358,2761.69,2301.91,1064.24,458.08,428.58,861.31,418.75,250.71,346.17
5474,1711.89,1424.25,644.82,357.07,276.98,593.69,304.6,370.85,230.64
2127,736.38,612.92,297.01,141.59,144.66,243.14,145.54,58.91,97.04
7941,2690.14,2081.09,1045.69,465.47,403.2,907.14,440.93,249.05,388.38
9644,3170.19,2751.9,1297.0,592.52,600.86,1369.06,567.22,292.11,387.75
6855,2294.93,1912.02,764.69,475.99,383.6,890.55,367.29,289.36,330.6
8547,2959.11,2558.22,1269.05,572.09,544.9,890.33,447.23,527.19,406.34
9196,3086.36,2758.75,1223.15,541.62,512.17,1097.63,493.35,539.16,382.71
7911,2519.01,2321.69,869.1,500.7,401.44,1011.16,428.84,502.2,345.95
8481,2846.66,2442.52,1166.35,557.07,548.01,954.75,446.15,539.47,416.08
8974,2710.27,2416.9,975.35,453.07,504.5,915.27,590.77,181.1,372.1
4761,1520.29,1369.57,491.19,294.07,290.5,566.62,283.49,290.77,195.74
6456,2067.96,1922.81,815.89,449.92,422.72,794.47,392.5,394.3,305.71
6664,2054.79,1673.79,850.83,459.44,426.87,967.87,383.13,158.11,297.94
3415,1028.44,945.6,373.77,227.61,194.56,496.6,185.14,155.82,146.3
8361,2564.06,2181.38,981.74,435.81,543.1,1045.29,433.75,206.67,348.81
7693,2559.7,2137.84,1133.09,537.59,527.08,950.66,396.33,241.94,363.28
7788,2648.81,2128.63,889.78,484.34,484.41,1028.21,418.24,384.61,345.75
2201,769.05,613.61,237.22,119.86,141.02,248.51,147.47,45.61,93.31
8160,2589.32,2264.79,1220.97,518.04,549.32,932.57,443.34,209.71,403.38
4369,1441.63,1301.99,502.94,293.29,292.17,437.46,249.45,109.64,199.27
2517,873.04,698.74,337.31,131.5,143.55,261.54,154.68,69.15,109.57
9737,3002.42,2846.24,1086.44,665.32,679.97,1060.6,586.44,223.82,459.55
7444,2500.31,1980.04,949.16,509.2,376.45,982.82,471.33,422.26,334.71
7531,2543.59,2047.72,898.55,378.58,525.17,833.18,405.82,231.32,301.95
3341,1017.16,913.83,494.73,227.21,183.49,354.83,202.07,239.74,161.73
6776,2324.59,1788.43,824.23,467.11,398.49,886.4,442.85,495.24,275.54
3988,1358.53,1072.73,515.28,202.41,269.88,528.76,230.31,245.11,198.98
9249,2790.15,2589.03,1361.81,516.86,507.65,952.5,642.23,221.03,402.31
5545,1688.75,1547.11,828.77,318.63,302.18,768.79,341.34,407.54,250.9
7587,2294.74,2138.18,797.26,432.29,476.94,988.65,481.75,342.33,379.32
6520,2065.13,1744.69,923.99,424.97,417.99,781.44,385.87,201.25,278.35
8064,2624.55,2143.34,960.47,460.96,404.4,1202.82,541.55,538.08,359.87
5802,1895.03,1627.93,752.76,401.1,342.37,583.16,342.49,236.73,275.88
7808,2446.9,2003.87,927.22,545.78,466.78,993.51,537.55,393.24,348.78
5275,1822.93,1385.49,633.29,297.17,292.43,569.62,296.19,340.67,228.61
5654,1800.31,1425.41,610.31,340.24,344.45,658.5,380.61,147.38,232.98
9162,2769.47,2323.76,1178.58,560.29,486.42,977.22,575.26,276.45,413.49
4434,1396.76,1162.46,564.61,273.08,250.4,591.54,292.56,346.36,201.82
6873,2244.42,1724.96,752.37,395.09,441.69,825.3,348.83,431.71,290.92
8241,2640.51,2161.37,1047.32,439.41,556.07,1230.5,457.75,279.1,357.16
9512,2983.84,2689.51,1414.01,485.98,587.72,1262.17,636.75,517.71,408.88
7922,2428.62,2004.7,1075.18,412.95,407.96,1155.56,446.54,247.79,350.74
2207,752.49,599.94,273.78,150.13,140.31,247.28,141.81,158.74,105.9
7633,2670.08,2256.74,1112.92,424.45,518.68,884.96,533.12,358.12,330.71
7755,2454.28,2245.57,998.58,399.67,465.97,916.13,415.23,530.54,331.33
9959,3177.73,2641.84,1063.15,622.14,596.28,1413.44,581.12,779.94,482.0
4633,1533.07,1372.48,590.13,238.63,323.51,512.33,246.95,365.32,222.9
8309,2791.18,2214.2,906.09,427.09,521.19,1224.22,441.09,234.79,398.27
6117,1955.0,1551.43,846.44,381.89,404.46,625.03,383.3,469.1,290.11
2153,743.32,645.26,319.42,133.12,135.49,311.09,115.89,77.98,105.25
8058,2643.03,2365.03,951.17,409.58,438.5,987.67,480.68,335.03,379.79
9606,3098.12,2625.29,1169.49,568.77,534.88,1213.19,668.18,228.43,400.51
5366,1783.3,1520.29,649.69,315.07,339.74,804.2,304.05,315.18,216.41
6314,2195.0,1790.41,721.47,384.74,373.29,906.07,426.02,370.3,264.04
6764,2297.92,1756.77,944.99,438.02,392.9,982.14,391.82,450.63,295.22
3518,1062.44,914.69,460.46,195.8,177.48,454.8,194.4,270.1,142.58
8373,2651.02,2289.84,864.12,491.12,566.75,1237.67,474.96,382.56,398.3
8163,2640.95,2412.81,1158.66,537.57,552.55,1097.03,429.0,362.81,378.87
4600,1452.34,1152.3,503.03,314.88,272.41,648.45,292.47,268.4,217.03
7045,2360.14,2036.89,1049.41,477.84,450.98,958.45,423.97,423.01,288.55
4195,1431.81,1060.82,498.51,249.82,224.67,583.3,261.25,195.97,181.59
9275,3121.66,2540.53,1213.38,560.37,557.21,1223.36,519.97,697.11,413.61
6498,2270.83,1831.74,675.08,393.66,381.93,885.81,409.82,150.3,299.08
6691,2098.48,1902.51,784.41,450.8,422.42,814.94,356.58,437.49,321.35
5554,1909.18,1404.74,778.21,371.0,329.87,751.7,350.18,180.37,276.42
4414,1493.39,1195.89,546.72,248.2,264.7,502.49,227.86,219.46,180.19
7533,2396.31,2103.15,1094.02,401.18,421.2,992.45,436.96,535.52,349.66
9476,3190.63,2400.29,1220.1,545.62,482.98,1195.75,589.36,376.92,391.82
4849,1479.93,1245.0,710.03,270.42,331.38,702.75,325.4,358.73,208.5
9061,3075.91,2565.92,1351.27,625.35,455.27,1211.1,600.28,426.24,432.4
7253,2368.95,2002.42,889.9,401.22,403.46,941.66,439.09,450.88,362.22
3742,1177.29,965.78,479.94,200.66,220.6,432.78,253.21,237.1,169.38
3306,1100.2,914.98,468.61,224.77,186.4,473.22,198.75,117.85,143.91
5849,1942.34,1729.17,649.69,302.57,357.01,600.74,352.95,433.06,246.48
6168,1915.01,1546.81,882.53,340.51,365.34,894.28,397.29,169.48,294.99
6576,1982.79,1855.3,852.22,386.55,362.4,872.3,444.25,364.34,322.47
9519,3062.08,2414.8,1297.2,589.25,492.71,1042.09,590.7,720.97,461.54
6655,2186.01,1665.9,692.07,376.36,351.06,965.97,458.42,145.48,300.12
9493,3263.98,2444.76,1312.97,568.86,566.98,1104.2,518.81,492.45,435.65
6840,2369.45,1854.63,790.29,369.2,457.73,741.55,468.45,237.94,330.82
7562,2468.54,2193.87,1060.66,464.95,393.32,876.87,411.62,238.56,372.72
6195,2091.99,1636.03,777.21,360.28,393.66,917.19,374.97,210.79,305.97
7178,2311.07,2019.05,816.36,480.82,472.61,987.97,473.18,532.33,336.63
4555,1536.42,1232.39,672.49,265.62,252.96,664.3,300.77,207.39,190.93
4305,1335.58,1126.69,595.18,253.46,272.79,494.83,239.2,147.03,185.67
6508,2073.14,1794.34,971.54,402.48,414.78,677.63,453.72,492.35,277.65
9619,3190.73,2788.29,1137.19,504.65,617.12,1232.56,496.46,378.0,401.45
3088,929.2,900.54,409.04,164.08,209.42,383.38,156.55,195.8,131.26
4642,1560.28,1356.98,606.15,305.47,269.1,631.45,310.23,242.45,226.06
3177,1085.82,848.03,426.92,176.22,174.33,403.9,210.89,193.0,151.55
8104,2592.93,2347.51,825.93,516.18,493.35,971.05,520.73,250.9,327.7
8409,2711.04,2191.46,963.55,436.84,430.97,842.87,563.53,510.52,348.78
6916,2369.17,1984.35,1006.05,459.48,391.99,853.35,364.83,514.2,344.75
9246,3132.39,2749.94,1120.53,645.04,625.63,980.37,479.99,240.9,390.73
9482,2981.21,2377.02,1403.64,544.97,575.0,1385.32,657.94,375.41,439.43
6757,2136.56,1838.03,747.83,406.17,396.86,987.1,422.21,529.45,284.17
4994,1667.72,1410.25,748.46,293.92,276.24,700.07,341.57,167.36,211.43
2559,839.76,729.54,345.16,173.71,140.76,276.1,174.34,60.32,115.12
4964,1529.47,1284.7,689.1,249.19,271.69,532.99,313.04,115.68,222.77
9034,2850.2,2697.64,1082.66,569.77,601.53,1157.85,565.25,329.9,419.74
3271,1128.49,918.38,475.44,206.23,227.99,446.08,187.1,162.54,136.34
3813,1275.1,984.58,485.29,219.81,231.43,553.75,202.02,137.76,162.54
4915,1716.8,1233.79,658.84,267.31,253.6,711.21,313.24,181.14,227.28
2609,882.76,754.43,273.27,142.96,169.64,281.16,173.13,182.33,106.9
4461,1548.41,1133.03,587.0,294.47,301.3,668.14,271.64,294.5,219.0
6120,1902.15,1573.16,881.0,314.09,419.98,659.98,312.23,236.54,255.74
8124,2750.58,2264.5,884.82,497.81,508.36,1153.66,429.75,330.59,360.58
2283,687.21,639.64,312.51,128.16,137.29,295.3,118.81,178.49,93.8
7568,2524.22,2151.92,766.41,418.55,472.32,1013.46,477.97,582.81,354.55
4928,1594.03,1328.96,721.02,296.25,247.68,641.62,302.07,386.29,213.23
6396,2029.69,1846.49,953.94,434.65,403.64,917.72,379.47,488.35,260.55
3091,1060.58,923.34,363.84,192.76,198.42,407.56,188.14,178.31,141.96
7126,2442.18,1878.09,750.75,468.69,459.2,1014.98,395.63,274.35,354.92
2816,847.94,802.99,374.33,174.63,172.51,303.34,186.12,220.13,137.16
9304,3074.74,2757.92,944.28,595.03,595.46,1333.59,526.34,600.75,437.56
9331,2970.91,2652.94,1158.2,547.25,585.77,1396.36,586.79,584.82,374.42
2082,667.87,591.4,236.49,142.66,108.91,277.06,120.38,141.28,101.18
3920,1339.08,1023.86,484.77,235.35,266.43,583.37,201.66,219.16,191.95
9817,3097.18,2716.92,990.67,599.19,613.12,1089.63,541.3,539.89,396.41
5491,1906.21,1527.19,563.27,332.2,354.48,776.78,380.54,228.86,226.36
5144,1589.4,1466.07,518.51,289.73,292.48,557.88,276.8,149.4,228.98
9404,3132.81,2819.71,1231.52,513.69,643.09,1183.0,489.93,435.51,413.97
4093,1365.45,1030.14,523.92,210.69,245.79,545.19,228.48,208.92,175.77
6713,2098.55,1700.15,749.56,432.07,426.81,892.92,453.52,487.82,281.81
9071,2868.59,2303.1,1200.38,506.03,626.29,1211.37,509.07,400.0,412.65
9967,3406.12,2862.01,1437.34,575.93,680.96,1156.63,581.55,727.4,475.56
8405,2841.65,2158.55,957.04,574.89,528.64,1249.71,472.37,328.22,414.96
2175,688.29,611.44,307.98,133.39,115.96,218.21,151.77,166.78,93.55
7285,2379.99,1939.51,969.82,378.39,502.75,954.7,509.93,162.72,342.63
4704,1425.71,1283.56,478.35,310.43,327.79,674.11,280.62,242.35,225.24
6937,2153.5,1809.05,823.82,382.39,361.2,1002.78,455.74,272.59,310.64
2369,768.25,694.84,297.04,144.64,139.79,322.21,128.88,89.23,116.58
3818,1161.81,1066.4,521.48,229.84,232.76,491.53,219.48,94.55,153.6
4101,1403.23,1218.93,468.98,224.58,212.6,503.88,260.77,249.66,200.97
6785,2279.08,1891.18,1011.89,354.96,364.99,831.0,378.1,295.51,331.96
5490,1906.03,1406.51,736.91,297.7,333.54,665.69,299.17,422.42,227.12
3779,1264.73,977.04,448.34,196.31,261.74,510.14,258.65,237.11,167.77
9674,3357.07,2896.92,1014.33,537.03,489.08,1321.09,530.97,450.55,436.86
3364,1102.47,963.04,366.91,235.3,229.59,422.98,172.19,193.89,148.08
9294,3067.12,2346.4,1155.99,539.44,631.73,1273.66,604.31,222.68,454.99
7528,2626.13,2146.9,939.0,506.47,505.46,951.71,413.03,416.66,354.79
6462,2146.07,1748.67,894.25,394.08,371.89,677.65,381.28,387.52,266.46
5342,1610.82,1417.56,728.16,338.32,319.54,761.67,279.02,140.87,263.17
6739,2265.59,1736.66,741.72,358.02,391.35,967.21,346.18,410.71,272.67
5676,1959.77,1657.36,736.45,315.0,391.37,643.22,336.07,274.95,260.85
4426,1503.86,1120.63,447.16,266.48,267.45,616.64,251.14,215.89,200.17
2072,682.09,548.03,248.49,140.11,106.94,260.16,124.57,131.4,84.38
4962,1655.15,1316.51,685.77,252.36,275.3,526.97,343.94,233.16,233.01
7367,2574.84,1901.02,883.86,443.04,436.43,883.3,428.37,250.93,365.59
2859,870.66,787.4,405.35,145.87,197.47,296.84,177.41,108.35,127.47
5856,1952.17,1467.43,871.42,346.3,359.44,815.88,304.23,376.55,264.33
6138,1928.37,1626.87,800.15,384.1,392.35,674.02,415.66,148.91,269.08
4424,1468.79,1312.52,474.47,287.09,229.03,478.76,292.5,311.67,215.68
3064,1012.29,813.57,364.57,161.69,206.96,338.35,185.21,168.31,150.99
4217,1297.46,1130.25,423.7,224.9,256.31,469.38,226.32,268.28,185.43
6017,1867.3,1646.6,783.03,357.42,411.71,804.46,352.11,244.42,294.28
4259,1410.08,1184.36,600.85,297.96,250.9,561.89,238.28,142.1,179.06
7612,2332.4,2210.79,1000.96,434.8,484.59,810.43,532.01,519.71,339.33
5751,1801.55,1492.48,801.14,336.72,341.71,783.41,344.01,150.29,244.53
4086,1396.44,1199.6,572.02,239.64,215.95,479.91,238.8,122.38,172.59
2368,749.13,681.69,337.56,122.22,131.28,290.96,126.41,87.84,115.01
4804,1558.43,1374.58,544.45,314.58,246.66,510.39,263.17,197.32,226.47
2150,746.17,546.83,308.66,118.38,126.43,291.18,138.1,69.27,87.44
3134,975.79,786.89,415.9,200.81,197.4,372.35,190.23,234.29,149.1
7599,2427.74,2125.45,869.98,452.15,416.99,1000.08,434.36,164.37,347.5
7555,2495.59,2214.8,1128.45,470.19,451.85,916.88,422.63,515.31,361.66
7166,2420.44,2000.91,1057.05,366.04,424.08,734.11,387.07,320.06,329.16
7119,2456.64,1855.65,916.37,482.66,431.9,962.31,360.78,499.52,311.63
7694,2660.38,1958.32,1093.78,422.22,413.1,981.95,535.06,521.33,345.84
4784,1620.97,1363.34,540.95,303.31,290.29,582.27,311.26,130.42,198.14
8136,2533.68,2327.62,982.84,536.65,466.06,895.59,557.78,488.04,350.71
7485,2254.78,1935.82,817.35,455.09,417.07,982.16,436.01,319.66,301.07
6164,1967.48,1549.69,776.7,349.79,380.44,701.22,415.38,426.92,271.6
4346,1334.56,1175.22,542.38,302.3,230.17,527.86,239.57,308.83,177.81
7039,2361.72,1964.84,778.8,391.15,478.74,723.78,423.72,220.62,328.06
6897,2297.09,1967.71,921.72,475.71,473.8,957.56,372.78,336.01,338.82
8439,2550.25,2451.51,893.6,448.32,533.45,881.89,551.97,469.75,400.07
4250,1452.78,1192.24,438.11,245.58,238.27,614.3,254.8,223.74,178.82
2060,643.62,526.42,245.65,108.71,128.79,295.36,125.09,72.32,92.85
7041,2264.47,2000.55,848.38,352.37,436.76,1045.97,473.08,255.94,331.77
5010,1670.32,1499.04,581.1,276.58,289.7,728.56,324.57,358.17,240.77
5901,1897.0,1742.44,666.21,305.34,328.95,876.71,409.09,129.6,252.74
3337,1074.73,979.69,390.22,232.68,178.09,481.74,193.9,119.27,149.4
3184,965.65,844.11,344.41,207.7,173.04,336.31,188.59,106.3,130.68
6426,2056.78,1847.73,772.23,321.78,405.23,783.23,400.38,271.43,303.72
3551,1201.1,1038.86,515.71,193.43,240.47,368.62,209.74,217.2,157.48
6433,2224.27,1826.43,715.49,407.87,371.18,818.7,375.64,334.1,260.0
3629,1163.73,952.71,487.09,210.38,190.3,459.02,206.17,190.3,164.37
3327,1068.56,990.42,356.29,221.7,167.2,486.1,221.7,212.52,159.41
3526,1181.67,960.98,414.99,211.9,204.92,523.56,213.92,242.34,142.61
3673,1275.04,942.09,426.28,231.67,200.73,414.98,228.27,108.69,161.73
3361,1053.18,858.7,493.57,208.18,189.73,433.96,181.77,89.01,150.64
3573,1150.53,1008.93,433.76,224.25,195.92,440.27,196.64,136.04,178.63
4686,1592.3,1274.06,630.38,255.86,296.54,596.7,266.15,326.39,197.69
6370,2105.19,1622.59,828.88,366.06,399.85,806.36,377.79,334.45,306.98
7283,2225.17,2090.35,779.66,371.52,497.04,1061.18,370.55,208.07,301.95
9610,3184.63,2786.58,1412.45,593.44,614.99,1391.59,651.25,286.61,477.04
4366,1350.57,1249.86,512.1,258.4,232.7,463.39,297.21,322.63,188.03
8732,2842.36,2271.31,892.74,569.45,567.86,1023.88,552.16,366.9,361.99
8647,2822.86,2459.97,994.6,468.04,463.7,1190.16,487.01,305.38,378.89
5757,1979.32,1442.34,672.31,338.14,352.17,772.59,332.22,354.77,231.16
4434,1432.73,1176.14,463.96,237.73,228.54,583.34,286.8,317.68,182.19
3993,1253.69,1077.87,523.08,248.68,203.43,597.71,222.51,185.85,179.53
2869,893.83,837.07,336.64,192.11,170.09,335.23,178.39,193.57,141.75
8976,3085.16,2419.21,1179.96,586.21,467.65,1128.84,611.49,411.12,398.98
3014,929.97,755.2,302.42,207.62,169.19,448.96,175.44,185.32,140.46
3911,1256.58,1046.65,583.14,271.56,222.05,527.12,241.47,213.11,184.09
2602,804.95,715.41,282.38,170.28,170.14,344.59,178.42,191.68,105.03
5821,1971.37,1731.46,774.0,324.44,329.78,627.14,330.7,229.95,251.59
7895,2555.76,2345.22,1072.06,429.37,472.8,886.87,514.7,522.85,394.52
2690,854.23,696.83,292.08,158.58,176.07,319.77,175.13,164.19,107.79
2493,792.91,646.33,263.22,174.21,134.87,307.24,170.94,175.33,111.44
2489,852.76,642.58,267.89,144.99,164.52,310.78,167.19,140.51,120.4
8864,2904.63,2565.65,995.79,478.49,590.66,1286.23,575.95,422.0,380.12
9240,3103.65,2312.78,1001.72,636.51,644.74,973.53,579.63,212.22,461.69
4556,1571.15,1167.97,609.14,262.96,268.26,512.17,249.78,320.66,204.39
6485,2237.89,1795.68,784.96,413.86,372.32,695.07,411.23,483.76,318.67
9786,3096.54,2567.63,1241.74,643.56,626.7,1338.39,543.41,459.74,443.14
2294,797.45,584.09,234.83,153.38,117.37,340.73,134.89,76.47,100.88
7488,2255.71,2006.74,1071.25,497.39,380.35,1083.5,480.68,440.51,352.69
6027,1921.66,1589.38,654.1,402.15,341.73,820.67,382.7,164.55,298.84
4843,1669.82,1334.51,571.51,306.82,312.81,489.51,281.01,108.73,211.93
4912,1541.05,1468.5,508.86,285.27,257.04,576.43,263.55,183.74,238.97
3717,1165.85,952.35,397.12,235.46,233.1,532.2,221.84,225.97,173.2
4596,1448.34,1234.65,612.6,306.71,254.57,609.68,254.62,316.44,201.24
6744,2229.67,2000.27,907.94,384.49,425.1,745.08,371.65,198.35,273.5
3873,1246.78,1138.06,518.39,216.62,229.05,477.64,218.96,297.33,166.98
6663,2241.01,1797.1,850.24,378.95,348.5,695.59,427.26,353.97,321.91
5258,1812.67,1498.25,776.22,320.87,288.9,662.72,315.19,397.06,215.32
8996,3002.05,2288.52,1127.73,459.24,489.33,1304.88,516.94,260.77,411.31
4817,1494.35,1375.87,589.94,315.9,256.71,491.03,327.61,228.7,217.34
2444,847.17,729.88,274.65,128.99,145.09,319.42,156.75,112.05,113.93
5641,1766.9,1561.85,591.98,297.04,389.76,629.85,337.86,252.16,278.61
6458,1985.8,1775.46,822.8,348.43,407.9,965.6,377.31,489.82,306.87
8266,2516.98,2143.92,956.74,508.68,551.51,853.51,548.68,586.59,372.85
7307,2397.93,2058.3,922.15,407.08,508.73,956.23,390.62,494.37,352.95
2741,837.89,766.17,302.35,157.23,166.69,309.24,173.46,101.88,128.87
4041,1240.34,1141.97,573.45,277.35,221.29,582.4,203.75,163.02,197.83
2679,843.89,673.24,401.81,179.34,183.66,284.23,134.32,95.26,126.57
4467,1403.01,1239.31,518.71,299.48,285.8,542.57,306.6,302.01,212.32
5697,1881.22,1593.72,809.64,350.67,394.11,622.5,343.41,248.22,232.67
9419,3210.35,2452.49,1353.03,634.17,593.59,1318.4,530.31,741.48,377.12
7738,2615.97,2015.1,1159.18,507.39,506.86,909.77,509.89,323.9,383.47
7668,2401.04,2022.9,898.2,529.59,519.99,838.39,534.43,231.48,326.05
3358,1048.59,959.0,462.74,172.22,218.89,457.68,170.21,254.51,139.86
8235,2868.16,2308.38,917.71,416.48,504.42,1159.99,418.0,551.44,342.47
9697,2913.09,2834.32,1272.63,518.8,576.37,1193.89,650.63,533.28,459.43
2062,709.3,545.98,278.87,141.42,137.06,245.26,126.06,147.45,83.44
9829,3046.86,2905.49,1347.12,610.49,643.21,1293.57,664.98,756.51,458.13
4559,1583.63,1309.28,503.12,266.8,261.36,604.39,291.29,326.8,208.41
7258,2301.62,1957.85,1033.8,437.33,435.24,965.58,431.21,539.06,301.01
5769,1857.72,1469.73,698.33,384.17,361.72,656.44,307.07,209.27,238.57
9352,3136.25,2458.17,1036.37,641.38,472.91,1375.35,540.52,473.69,386.49
7324,2412.4,2181.37,931.07,473.09,402.46,810.56,481.5,495.96,311.97
8915,2816.22,2367.09,1276.34,581.23,490.36,1058.28,487.46,459.67,413.82
9381,3074.07,2499.99,1391.71,529.16,634.76,1071.17,602.7,548.89,394.65
6351,2137.34,1647.95,872.69,376.87,359.66,930.78,348.97,478.68,295.96
2134,644.72,619.59,214.0,144.48,129.97,301.79,126.48,80.5,106.1
5644,1696.36,1488.79,602.41,370.92,376.07,793.34,291.84,295.54,274.42
6970,2250.64,1857.59,723.58,443.89,384.7,698.64,411.93,375.07,334.43
6917,2120.7,1872.55,726.7,354.88,362.97,928.92,430.61,287.56,342.33
4135,1377.85,1123.42,492.69,210.02,285.18,461.11,253.34,174.07,190.73
9131,2837.03,2470.55,1067.64,480.37,585.24,1354.92,530.78,603.95,435.44
5278,1697.63,1452.44,557.8,325.27,282.59,667.87,302.93,399.92,251.97
9296,2880.68,2702.59,1339.66,564.53,617.2,1192.07,516.0,539.39,462.43
2822,923.99,821.1,369.04,194.31,185.53,332.5,184.4,139.06,131.14
5074,1551.64,1471.03,709.46,324.2,338.69,643.57,333.12,329.92,216.81
7069,2128.87,1802.99,838.22,395.01,392.5,971.89,421.74,564.59,296.59
4981,1507.03,1444.41,600.27,265.14,293.74,638.05,287.16,124.25,214.52
7873,2737.54,2015.59,912.33,527.42,502.88,1039.73,494.02,465.25,374.89
2120,651.08,543.22,258.47,125.49,122.56,262.08,129.65,113.14,98.72
9552,3203.97,2840.7,1246.72,602.44,490.97,1297.35,605.07,540.78,403.02
3637,1103.45,1058.26,453.35,222.96,191.78,527.28,204.11,77.72,176.75
9205,2811.28,2555.5,1306.15,480.03,570.18,944.0,605.39,711.92,458.53
7460,2427.81,2191.36,1081.75,381.51,428.98,786.02,420.26,187.42,354.89
7103,2296.0,2127.12,877.11,408.71,355.91,953.79,414.63,273.1,288.53
2924,1016.32,820.28,327.45,167.34,191.05,347.62,153.94,110.81,135.31
2644,918.11,742.03,389.35,167.83,154.24,301.63,177.43,169.18,130.55
4032,1366.77,1160.09,551.38,252.58,226.9,439.2,253.55,242.95,173.9
4761,1571.63,1245.51,628.48,330.31,305.99,612.42,260.45,112.85,218.31
9003,2905.7,2325.98,1235.85,604.66,532.1,1056.74,603.51,260.93,380.56
4068,1292.85,1171.5,422.25,243.8,259.93,510.12,260.74,159.17,198.55
2241,778.42,598.9,231.68,134.46,112.64,331.51,131.87,139.49,109.14
8598,2838.59,2207.57,925.63,545.82,431.52,1185.78,600.11,651.33,375.26
9106,2995.45,2419.86,977.73,476.08,557.27,1273.0,516.71,354.48,396.08
4668,1454.53,1250.71,564.98,326.75,325.1,495.79,242.69,240.56,186.72
8446,2553.52,2519.12,911.07,509.94,468.31,981.84,546.2,357.74,364.65
7715,2679.11,2197.99,1101.13,526.15,491.12,812.48,502.56,421.56,368.89
9762,3081.73,2699.61,1258.37,676.97,521.73,1448.94,499.61,563.06,393.27
2802,902.61,836.24,331.79,172.7,157.56,375.77,186.02,143.18,117.76
7059,2158.16,2083.51,730.47,367.54,363.97,712.69,462.5,305.95,333.91
6164,2107.14,1698.8,798.55,378.88,416.78,762.95,422.8,448.66,286.5
7248,2184.41,2140.22,767.03,449.03,407.4,820.3,379.58,493.7,361.43
2195,750.03,593.12,301.07,144.4,119.87,278.76,136.13,175.39,96.37
4187,1285.47,1094.99,586.76,213.39,270.53,456.1,227.72,187.42,173.06
5515,1898.97,1442.91,701.5,327.18,297.75,567.18,319.81,123.12,257.26
4330,1457.0,1225.89,465.39,296.41,237.31,502.97,239.46,255.83,176.62
4359,1343.59,1198.96,607.4,304.37,226.98,500.31,257.12,292.08,179.45
6841,2245.84,1935.64,789.39,368.23,473.79,929.34,357.49,521.33,312.49
5606,1769.44,1593.81,623.01,377.91,308.07,693.62,314.33,115.61,250.7
7784,2404.57,1954.69,961.54,411.97,544.2,891.78,400.24,566.48,331.88
2276,780.57,575.15,332.6,152.09,121.82,292.51,136.19,116.09,101.92
2060,659.56,569.87,236.63,114.42,103.85,213.35,115.22,87.53,100.29
5390,1724.41,1398.98,783.05,372.95,366.06,717.5,333.14,179.57,254.68
3913,1207.14,1102.01,401.8,250.08,241.04,420.12,231.37,269.4,174.32
8195,2615.46,2275.01,853.72,475.16,467.35,934.11,449.72,342.75,353.31
5927,2036.4,1655.34,799.72,329.66,357.2,676.31,308.55,333.53,271.59
8296,2639.43,2199.46,908.66,453.83,458.06,1022.84,539.79,420.61,332.08
7868,2734.76,2218.71,911.36,500.53,493.29,1161.77,493.03,281.59,372.4
7430,2580.55,2165.66,793.66,504.61,463.11,863.61,376.39,499.79,356.82
7933,2437.37,2379.13,925.09,516.43,409.37,904.89,553.62,300.58,326.98
4591,1418.0,1340.21,523.48,306.2,313.17,497.85,288.54,308.69,202.12
2566,880.48,713.03,351.07,168.4,151.93,306.89,138.93,114.37,106.36
5935,1897.05,1541.15,801.83,412.97,319.91,647.52,396.52,129.41,293.71
9556,2868.89,2714.59,1411.86,622.63,536.55,1021.43,646.39,631.13,461.17
3571,1120.2,1060.17,486.45,193.56,240.42,510.18,219.52,264.1,143.56
6717,2215.81,1750.41,905.05,442.19,387.33,689.38,454.82,182.62,333.86
8121,2760.84,2134.2,1093.98,458.36,497.32,1100.73,410.79,447.58,336.36
3200,981.34,823.84,461.27,223.73,220.65,352.41,220.49,77.78,130.69
9529,2911.37,2733.26,1094.04,548.24,600.65,958.48,487.35,665.06,384.27
6409,2218.18,1732.53,737.06,357.98,407.06,895.7,402.79,508.09,307.03
4854,1638.5,1228.72,665.29,265.92,266.83,655.84,276.28,241.24,239.07
4895,1612.85,1437.89,545.48,309.22,310.18,571.32,248.6,189.94,200.48
8240,2788.9,2289.76,1199.75,430.0,476.9,856.69,565.15,582.94,410.62
9024,2900.7,2405.39,1143.69,623.3,615.62,1065.14,475.63,462.45,389.46
3236,1093.52,864.66,372.16,180.85,170.18,352.94,217.05,151.9,151.41
8972,2858.39,2373.21,1245.36,501.61,499.86,1315.52,507.88,302.07,447.37
2136,666.87,582.65,246.96,108.77,109.62,270.16,138.46,121.67,85.62
3029,1019.11,808.29,448.79,166.35,174.53,448.87,166.85,170.77,137.72
9154,2938.28,2539.3,1365.31,534.41,484.86,1076.2,564.52,327.44,426.21
4156,1450.73,1199.74,554.16,238.52,278.05,531.23,274.26,135.84,181.67
4594,1458.48,1303.42,485.5,254.79,314.69,503.07,281.72,212.77,188.81
9206,3186.07,2437.04,1041.76,467.8,583.55,1292.72,516.74,433.13,425.42
2661,922.43,735.6,334.68,149.05,138.55,271.57,145.47,73.72,107.69
4472,1395.68,1305.85,637.58,293.21,254.16,602.74,239.23,163.51,220.18
4677,1589.76,1185.2,510.94,274.89,324.07,559.29,312.31,138.54,208.69
4308,1385.68,1093.87,453.29,240.45,227.14,555.39,268.04,319.17,211.53
9593,3317.99,2665.02,995.02,538.13,586.42,1243.38,577.24,234.65,463.97
2086,672.75,588.16,261.48,127.43,119.02,282.74,114.71,151.71,83.52
4512,1521.51,1175.69,650.79,252.88,315.76,497.28,264.74,233.15,201.2
8219,2657.6,2361.0,839.31,514.64,457.86,1040.27,512.88,492.48,401.73
8614,2682.31,2431.85,952.85,601.16,438.93,1045.28,443.08,649.45,376.62
8557,2652.39,2534.28,1152.31,434.9,548.02,976.43,489.58,358.74,369.94
8968,2881.16,2317.76,1267.12,478.66,507.0,1119.08,491.36,557.42,420.2
4942,1669.28,1421.16,693.71,264.8,312.1,729.44,311.0,298.01,232.52
4773,1576.3,1213.21,664.66,281.33,248.64,703.75,296.52,378.5,221.62
4504,1506.28,1253.3,479.63,228.93,272.32,513.19,252.17,102.52,196.53
7404,2325.72,2055.31,887.46,440.91,425.76,1067.73,376.36,350.4,300.87
5310,1720.82,1430.62,792.45,364.15,322.5,763.78,284.91,421.47,261.41
3700,1118.21,1081.25,552.94,185.86,248.16,416.17,196.84,146.79,159.74
5670,1932.77,1418.74,737.79,324.88,393.81,736.8,347.96,441.92,271.91
4700,1642.62,1297.24,636.68,306.52,305.79,674.43,250.91,324.31,204.53
8815,2823.83,2299.46,1300.78,467.99,575.95,1108.48,525.79,355.77,396.21
5629,1691.79,1616.51,689.53,290.18,341.0,666.97,350.63,122.41,246.19
9539,2942.68,2405.29,1019.18,597.29,495.53,1264.29,644.75,351.23,389.32
6590,2192.01,1921.5,879.42,330.81,417.42,715.81,361.79,180.72,285.31
3647,1205.71,1064.58,539.77,240.83,193.13,394.19,195.91,166.7,180.73
8038,2728.04,2344.23,1084.01,412.65,441.39,1138.44,429.75,613.87,330.39
7164,2240.14,1845.65,1004.15,433.33,459.58,731.4,409.84,363.62,326.38
7520,2543.13,2117.03,910.95,487.32,474.81,1054.16,473.64,352.32,373.62
5318,1778.33,1333.32,557.45,291.64,299.33,609.04,337.36,175.2,213.81
5687,1797.89,1662.87,616.72,296.13,372.16,706.08,308.34,325.79,231.41
2596,849.6,742.84,387.15,138.92,178.57,330.15,136.61,122.85,127.44
6545,2011.7,1810.07,815.89,439.13,398.62,905.52,385.98,434.35,309.94
2484,801.41,711.74,249.89,159.26,157.87,358.18,131.21,126.6,112.91
2645,910.04,673.72,390.85,142.73,146.63,370.86,175.25,193.6,119.99
8763,2813.45,2422.38,1094.4,563.66,608.29,1127.07,452.85,586.95,435.95
5089,1740.33,1346.37,721.69,326.57,282.31,597.45,331.0,146.07,204.63
7725,2545.49,2306.92,984.34,540.4,523.35,975.88,392.84,217.54,329.89
6757,2091.93,1978.83,710.06,390.76,463.24,685.84,446.91,145.01,291.69
6853,2255.02,1964.51,896.22,461.19,441.28,769.24,428.61,288.79,282.31
6384,2076.71,1894.05,956.77,376.2,422.82,755.28,360.36,148.6,278.17
9581,3065.27,2561.41,974.74,651.08,566.78,1111.28,556.76,450.28,418.73
2720,832.27,802.52,386.48,140.98,186.02,284.94,172.64,93.79,134.88
6733,2160.18,1792.74,752.57,360.26,436.65,690.39,361.65,335.94,299.08
8378,2543.88,2401.47,1002.79,561.32,473.65,1014.04,568.08,247.14,413.44
8559,2609.97,2454.9,1015.4,568.2,433.93,887.91,510.61,453.21,411.69
9081,2913.15,2278.58,1316.2,509.52,552.27,1038.05,592.11,708.19,430.15
2498,787.54,669.6,312.81,154.72,166.9,309.11,150.21,145.47,108.18
9117,3157.01,2288.11,1115.54,525.63,612.78,1007.41,538.32,491.07,403.61
6729,2145.11,2017.72,948.12,337.84,448.84,699.66,399.65,452.75,272.16
3673,1241.08,940.69,376.28,185.57,199.43,446.66,210.33,74.69,160.78
8126,2653.24,2252.04,847.73,415.12,475.56,994.82,525.39,300.24,395.77
5067,1698.48,1467.04,512.19,313.55,315.56,738.67,339.1,401.4,242.27
2114,661.69,549.77,284.12,117.51,133.92,224.91,141.82,141.55,101.65
4979,1728.19,1365.5,628.75,263.28,282.27,651.0,261.01,126.55,210.19
6769,2210.11,1897.83,973.39,465.86,432.22,785.1,441.52,267.97,284.98
3736,1276.09,963.93,466.73,195.86,230.95,396.69,201.74,173.32,174.22
7353,2340.11,2124.49,816.85,466.77,451.0,879.84,369.44,559.38,342.01
5611,1711.41,1486.73,786.98,380.89,354.95,681.16,311.46,309.57,235.4
9178,3062.57,2391.34,1052.87,488.97,569.65,1084.64,512.66,226.09,433.17
4253,1277.55,1181.97,624.27,230.91,226.84,588.13,281.53,214.97,186.12
9846,3187.79,2663.5,1107.88,605.3,664.49,1397.74,638.49,367.88,481.15
4294,1329.59,1271.09,465.41,258.37,235.36,461.33,221.97,173.14,187.41
5630,1865.61,1655.24,701.87,340.17,365.33,610.27,318.2,151.2,238.15
8901,3106.19,2440.37,912.58,543.79,476.46,1077.56,489.79,423.02,373.47
9294,3004.01,2490.45,946.32,641.27,587.56,1078.19,575.38,559.21,455.24
2146,731.52,571.43,267.82,109.61,145.74,302.54,130.54,140.72,104.3
8261,2688.04,2175.77,914.95,538.69,414.65,1237.83,525.22,509.9,365.62
5982,1942.91,1658.37,601.0,326.92,416.31,652.37,408.06,356.71,253.68
5453,1889.58,1582.73,626.02,313.4,275.89,753.21,318.57,393.45,233.64
6507,2241.65,1727.85,806.01,336.97,326.83,848.27,410.71,259.9,285.33
7783,2640.69,2019.73,931.74,458.52,522.64,1029.08,532.1,255.87,314.77
9751,3069.74,2669.57,1041.15,644.39,625.76,1104.03,593.19,247.35,396.6
4410,1443.17,1117.72,568.82,229.21,229.83,462.43,247.69,132.05,217.3
7628,2373.79,2174.47,1033.72,423.45,524.41,970.0,442.87,220.93,363.56
2136,688.21,589.36,285.75,122.74,135.5,279.12,139.04,159.67,102.83
9342,3028.78,2567.36,1118.13,486.51,487.85,1384.04,601.63,288.02,418.39
5360,1830.88,1420.52,572.88,349.72,360.25,716.96,348.23,137.41,233.96
5005,1725.73,1477.64,625.5,329.02,298.39,611.53,324.65,220.3,204.8
5552,1780.7,1413.12,802.38,370.42,308.48,831.13,379.81,167.54,253.06
2018,607.19,592.27,249.09,124.47,134.2,239.46,131.74,56.17,95.72
4242,1455.38,1140.4,465.7,255.13,274.75,458.68,284.68,177.08,177.99
8473,2615.73,2491.33,886.72,468.14,529.23,1109.11,520.87,636.86,371.89
8055,2666.96,2307.26,1185.67,508.3,547.5,912.73,506.53,175.81,396.9
8318,2505.79,2122.82,1140.82,489.86,559.18,1215.34,576.89,270.03,402.9
7097,2270.86,2069.32,820.76,492.64,387.04,861.53,478.38,492.91,340.53
2448,855.08,695.5,280.95,169.8,165.42,263.11,160.46,84.98,98.89
3948,1204.28,993.38,571.52,268.87,226.93,422.76,251.53,183.45,164.46
2945,945.89,755.94,320.65,168.46,172.68,390.16,168.37,76.31,126.81
7473,2356.67,2105.75,947.22,428.65,518.97,884.02,455.57,506.0,321.61
7618,2630.15,2156.88,1033.57,510.81,496.67,900.34,389.3,488.98,314.54
6236,2141.86,1791.81,747.19,402.74,351.9,814.52,363.7,172.64,267.49
8901,2776.09,2545.8,907.86,570.44,560.39,988.68,464.97,684.29,394.15
3920,1191.91,1109.27,436.64,217.92,238.28,420.5,253.13,217.31,158.73
4977,1649.16,1434.93,722.11,331.8,260.46,661.26,337.67,337.89,219.15
6188,1960.47,1724.93,780.65,381.11,419.27,620.42,330.94,407.34,278.25
6015,2006.63,1582.18,846.74,354.51,399.62,874.39,330.31,307.63,243.06
2238,674.99,661.59,285.98,150.64,146.71,244.27,150.26,145.13,104.61
2204,675.9,553.01,324.38,127.58,134.85,269.75,136.02,75.53,89.92
4607,1540.21,1236.19,670.12,290.6,250.7,509.41,284.56,98.02,214.13
7552,2345.79,2163.22,937.54,447.97,511.1,837.6,462.62,306.04,377.15
6340,2173.86,1720.41,734.89,392.16,361.76,898.7,344.68,184.81,257.44
6927,2098.39,1740.35,901.09,351.97,349.14,895.33,380.06,546.3,295.93
5388,1674.45,1364.78,720.61,319.09,375.2,622.7,371.73,406.35,222.49
4972,1739.84,1404.25,621.09,303.94,334.23,559.62,320.54,142.44,217.24
6390,2055.37,1905.77,901.72,382.47,399.08,707.01,331.06,259.69,308.97
4687,1570.84,1301.08,511.66,313.79,235.51,598.63,255.25,236.97,231.04
6951,2148.78,1913.87,811.32,390.8,379.21,949.09,434.73,305.31,336.41
9449,3122.83,2512.64,1269.18,639.52,557.88,1064.68,526.02,585.85,443.26
8160,2744.25,2144.73,916.65,473.84,510.5,951.58,449.08,409.72,384.92
6166,1946.75,1547.97,752.2,393.95,395.63,838.69,333.25,332.44,254.07
7388,2522.59,1947.83,1094.8,382.21,485.88,1011.15,396.84,448.14,313.89
3348,1105.41,912.18,439.57,180.8,204.61,369.51,208.47,71.71,146.1
9961,3182.1,2588.84,1468.78,649.69,628.77,1186.46,678.51,206.65,403.43
6400,2098.45,1627.95,871.18,321.58,423.84,918.39,366.22,196.4,308.59
9618,3162.76,2749.66,1310.29,667.21,619.37,1317.76,504.27,606.88,409.31
7126,2196.78,2100.25,923.48,383.47,492.38,770.5,374.02,245.31,288.77
7433,2379.58,2206.4,796.15,505.64,501.67,886.74,510.45,559.04,302.75
2816,893.16,791.01,354.78,169.86,150.34,418.64,170.58,69.58,139.94
7222,2311.37,1824.56,813.44,442.65,497.95,911.91,428.45,395.73,354.74
2820,953.32,809.46,422.81,145.75,152.52,383.43,191.24,60.72,139.84
2192,710.49,560.07,248.46,125.61,153.06,229.29,131.83,171.69,108.65
3776,1310.33,1070.45,421.15,200.6,241.76,534.78,225.09,123.93,181.23
5645,1776.39,1631.23,740.59,341.63,353.1,735.2,386.87,311.93,241.38
6624,2124.88,1896.41,831.63,404.16,374.17,720.56,394.06,511.26,286.47
8314,2821.34,2474.2,840.28,533.7,437.83,989.45,480.71,181.43,365.98
9704,3176.13,2784.15,1033.25,655.66,509.69,1010.68,598.09,492.61,464.34
2250,736.54,640.49,316.24,133.57,151.5,312.41,156.48,116.11,110.85
3788,1146.5,996.57,470.41,207.08,222.16,519.88,262.42,155.65,168.2
9554,3056.61,2830.26,1025.15,541.44,584.68,1189.58,625.9,566.3,410.96
9374,2939.09,2427.65,1155.46,627.51,643.4,1149.26,562.31,492.62,397.72
8684,3039.11,2563.91,978.32,459.53,478.55,1069.62,587.29,303.49,369.63
5700,1797.88,1514.11,633.72,356.51,372.09,580.68,332.81,355.22,228.39
8122,2795.79,2083.36,1201.13,408.23,482.52,961.74,510.08,389.61,343.9
4463,1489.8,1300.22,527.09,245.08,242.14,474.98,239.17,215.2,191.68
8937,2833.44,2235.37,914.45,552.56,599.31,976.27,565.05,689.18,426.79
7499,2453.5,2186.74,1113.72,443.4,476.93,1110.65,416.36,390.71,341.09
3167,1083.2,833.29,442.56,189.61,164.36,358.15,207.23,212.44,137.17
8168,2811.17,2403.32,920.7,516.31,496.9,1014.31,476.04,588.45,375.49
5893,1815.16,1676.99,709.78,322.3,395.04,850.89,341.61,323.19,282.18
8811,2792.9,2496.24,1260.98,490.03,452.35,1063.26,572.11,591.94,406.19
3096,980.69,830.55,364.93,197.18,180.58,391.43,181.14,119.42,126.01
4679,1413.54,1183.65,600.64,284.32,309.3,507.39,300.77,144.65,198.44
3847,1269.17,1121.41,487.58,193.47,258.39,439.54,258.14,237.48,164.88
5904,2023.54,1526.45,708.86,374.35,386.75,739.8,311.36,446.17,257.59
9260,2954.67,2487.36,1222.09,577.84,519.62,1094.95,551.72,208.81,372.68
2504,843.85,701.16,309.66,129.14,150.59,255.19,172.52,164.72,118.8
3621,1199.95,992.56,365.94,235.19,234.73,434.67,239.87,78.59,161.87
8479,2702.96,2203.97,1193.16,512.49,449.83,1193.46,589.06,402.89,415.18
4472,1373.14,1149.44,472.5,241.91,276.82,473.15,300.55,271.14,202.03
4546,1525.03,1164.51,560.09,278.16,292.8,458.86,255.51,201.47,226.76
3387,1160.82,992.9,436.91,209.69,226.93,358.8,181.49,128.9,159.21
4994,1669.46,1256.38,675.56,341.6,260.85,670.91,270.73,155.86,244.05
8773,2639.74,2621.82,1057.5,568.87,496.49,1225.87,476.71,690.19,436.31
5816,1807.68,1511.73,795.5,325.92,353.81,595.77,299.61,315.34,260.08
7318,2220.82,1869.87,779.86,383.19,468.51,1056.55,498.62,202.49,339.05
2717,892.59,757.63,360.47,182.21,175.52,356.92,163.16,62.19,133.51
5484,1852.63,1392.93,774.98,367.0,301.98,690.47,285.31,189.77,250.91
6434,1965.77,1802.31,929.53,344.26,323.49,724.98,419.84,336.61,260.76
2658,908.82,777.55,342.82,136.2,169.78,315.2,150.21,173.09,124.85
7057,2313.11,1781.15,816.11,453.32,481.16,1039.84,362.88,556.5,348.31
6008,2009.67,1742.28,649.87,387.23,396.23,874.63,323.2,420.78,287.25
6524,2274.07,1759.68,765.12,349.31,407.42,856.43,412.0,370.03,312.58
9950,3026.63,2566.85,1263.64,630.47,692.04,1283.01,655.51,596.89,405.89
6994,2413.36,1810.08,768.06,388.72,410.28,773.03,385.18,358.96,331.33
6234,1909.51,1844.88,920.3,344.19,377.16,920.54,383.65,287.23,251.37
5764,1842.45,1472.88,834.95,325.61,289.62,794.1,288.3,386.67,284.2
4989,1709.09,1463.47,507.12,301.38,343.84,594.25,277.23,152.87,245.17
6637,2291.84,1839.86,850.19,438.63,409.28,934.43,355.96,265.72,330.54
4104,1335.11,1034.01,572.37,246.13,237.28,453.88,211.48,323.07,176.6
3255,1073.19,889.34,365.44,182.15,165.65,360.2,194.25,176.76,147.79
8801,2951.92,2559.97,1110.64,595.65,503.84,1228.16,551.12,439.26,402.98
4482,1531.22,1283.24,539.18,229.04,224.42,573.54,228.26,318.43,204.23
2383,729.38,653.99,261.72,157.14,134.61,304.53,125.72,156.61,105.14
4607,1568.7,1349.86,602.3,302.62,318.02,592.85,316.25,182.26,229.75
2193,710.67,561.45,328.26,120.77,116.42,233.09,119.44,126.22,107.17
5807,1872.94,1715.95,686.76,313.38,353.69,682.19,378.61,180.73,267.72
5719,1836.91,1671.79,729.85,386.0,307.3,735.77,371.48,132.56,265.8
4581,1490.93,1307.48,533.2,280.25,300.82,514.81,258.51,363.69,215.96
4565,1585.21,1327.93,656.66,232.45,279.6,571.54,246.89,293.22,210.16
4763,1559.45,1320.26,682.21,323.01,257.42,608.96,261.39,361.25,224.22
4798,1668.07,1361.47,522.69,273.39,323.02,705.98,294.2,335.44,231.1
8328,2573.47,2315.43,1207.54,473.39,546.99,935.14,479.89,380.46,414.56
7991,2686.63,2139.76,859.64,502.36,551.59,974.65,478.75,572.85,387.49
4339,1477.92,1208.16,454.61,274.34,217.0,646.84,287.38,291.59,179.17
5406,1805.37,1421.09,717.09,308.5,319.72,591.09,324.61,191.89,245.78
2731,902.18,742.87,325.8,144.38,191.16,379.61,190.91,156.71,126.5
8259,2710.94,2180.7,1045.07,504.17,546.94,899.06,522.93,316.33,352.31
4872,1671.32,1247.94,646.17,304.52,324.6,694.27,263.79,165.85,218.05
5120,1746.34,1362.4,525.53,344.09,319.6,636.92,307.15,127.51,252.55
6780,2075.46,1983.82,777.31,404.69,435.67,1007.56,449.3,356.56,288.76
6177,2115.19,1661.95,760.05,388.62,408.34,670.23,335.82,268.98,266.68
8977,2878.95,2579.99,1017.36,458.62,465.42,1206.48,579.81,226.96,440.62
8476,2650.32,2193.25,868.35,575.44,541.21,1142.26,429.47,534.85,347.04
4604,1581.42,1248.7,480.35,260.33,305.28,625.89,317.0,291.82,224.68
4382,1409.26,1120.66,613.86,274.51,222.68,460.32,277.24,149.51,188.59
2531,861.6,650.29,368.44,172.92,141.59,289.62,134.78,195.78,113.86
8079,2530.1,2269.16,869.39,534.91,456.3,944.44,545.22,538.64,375.1
6316,1896.04,1770.84,710.32,396.35,423.75,734.01,326.14,431.5,293.47
2634,855.45,686.6,349.3,168.77,172.81,352.3,153.08,53.26,131.17
3769,1149.59,1031.66,556.73,257.87,237.93,387.23,244.0,296.64,152.07
5804,1960.12,1701.53,667.34,384.47,383.61,792.27,399.01,460.94,273.01
4370,1371.32,1130.56,623.86,271.8,258.13,552.06,248.99,220.39,211.75
7970,2567.79,2000.16,998.65,503.5,537.96,865.94,530.88,630.43,365.69
2002,609.31,565.76,295.95,106.0,109.48,222.83,107.98,113.57,99.61
7813,2455.88,1974.15,834.53,464.12,500.75,819.42,396.14,219.07,345.15
2205,747.66,659.29,327.85,123.52,120.91,271.11,111.52,151.82,104.73
7951,2445.56,2230.1,970.41,466.24,403.89,1031.61,502.21,425.26,372.61
6135,2039.02,1678.04,905.81,388.01,341.62,791.71,325.67,248.7,247.32
8202,2836.84,2226.84,1008.31,434.57,490.96,1214.87,418.36,280.27,373.42
9094,3037.32,2534.08,1150.43,457.86,608.1,1043.98,632.35,465.01,387.49
4621,1573.69,1176.19,648.04,267.73,278.08,638.18,253.42,284.21,209.27
6739,2058.42,1998.12,917.39,380.37,361.1,917.54,399.29,489.39,329.14
7626,2383.4,2145.06,998.85,445.42,532.72,785.98,474.81,426.43,353.09
9739,3357.3,2524.34,1176.95,668.33,539.55,1426.77,515.09,437.45,447.4
8003,2687.05,2225.87,1117.39,513.33,557.86,1172.96,457.32,463.6,373.94
4890,1623.37,1255.08,720.84,276.53,336.07,585.9,307.85,243.61,221.43
5193,1730.25,1302.81,521.85,278.27,315.99,627.75,326.1,307.01,230.97
9646,3093.57,2715.6,1248.12,601.62,500.04,1359.89,644.75,545.37,421.96
4666,1410.2,1317.79,668.63,294.67,298.2,582.09,274.12,367.31,219.31
8239,2794.85,2300.2,1092.95,491.64,551.31,1153.13,558.58,472.38,393.47
9581,3199.44,2483.15,1341.74,519.82,564.38,975.41,609.77,588.87,423.79
5306,1717.24,1486.59,768.06,268.33,290.67,597.0,324.95,390.22,214.56
2897,999.43,732.44,398.48,160.24,191.37,302.89,151.64,216.64,131.61
3085,977.35,865.23,419.1,182.46,187.88,378.56,189.71,87.78,141.1
3279,1031.95,910.58,486.07,215.62,176.91,467.94,202.95,154.86,146.87
8704,2991.04,2461.17,1246.28,583.82,600.5,1118.37,567.29,666.43,379.49
9048,3074.96,2667.11,1273.68,527.12,623.97,1140.2,582.54,702.0,442.98
8491,2765.93,2483.77,885.78,559.75,486.88,1004.53,514.55,266.63,380.49
2670,818.45,798.42,298.91,186.55,136.92,275.49,165.16,124.48,128.13
9291,2887.21,2776.26,1187.74,597.71,581.76,1285.14,608.07,341.16,430.89
3505,1166.5,1011.6,474.85,226.32,197.49,450.53,199.89,236.39,167.79
8460,2700.87,2519.57,974.26,576.89,434.23,1239.8,445.84,601.76,412.65
5575,1905.67,1635.51,583.52,316.45,378.19,677.91,376.23,268.46,236.57
6814,2367.85,1951.39,787.39,342.23,476.72,818.19,472.21,412.52,329.03
7167,2438.8,1818.76,993.0,499.82,408.58,1065.86,419.89,517.44,338.36
9576,3053.57,2417.49,1377.7,572.73,621.43,1025.19,668.46,599.18,436.77
3955,1342.46,1154.39,576.03,259.9,202.95,445.4,223.28,116.22,179.75
7255,2303.99,1991.37,862.93,480.64,416.39,902.58,372.41,455.03,312.79
9368,2888.67,2723.56,1111.3,542.88,488.78,1182.03,575.66,276.7,425.37
2249,678.46,597.44,270.63,136.8,114.94,286.6,151.5,133.2,98.6
8457,2700.2,2282.4,1004.61,514.17,522.44,935.39,527.29,338.38,413.45
3892,1343.43,1109.26,518.84,211.74,257.03,569.56,195.33,91.02,178.33
5439,1696.69,1608.67,641.35,284.75,321.22,735.22,273.24,182.69,233.82
9596,2977.89,2441.11,969.36,584.12,580.4,1083.6,618.82,461.6,397.69
3853,1342.74,1129.21,469.88,201.91,213.51,441.98,257.79,306.86,180.86
4854,1462.27,1405.96,539.8,276.3,314.19,699.06,267.26,171.55,226.43
3503,1188.53,931.02,355.35,188.19,200.45,416.92,208.09,275.78,152.73
5385,1702.03,1441.89,665.27,345.38,276.52,688.3,372.76,225.38,224.13
5571,1681.74,1405.69,614.47,375.71,296.99,590.64,329.87,432.31,262.74
5792,2003.4,1452.56,710.31,356.55,304.48,652.1,305.33,448.11,247.34
5426,1665.68,1485.91,617.95,315.81,318.6,655.62,370.23,155.04,263.81
8628,2826.44,2198.22,1123.24,603.38,442.65,1145.86,516.85,601.57,407.78
7330,2299.44,1903.6,1096.16,369.61,484.73,835.7,416.98,374.11,358.61
9871,2993.48,2885.67,1257.19,553.63,672.81,1456.35,512.79,603.83,492.03
2043,618.0,569.08,270.38,113.54,112.3,226.8,120.87,135.99,88.69
5612,1716.03,1580.8,819.15,320.58,335.09,779.76,366.99,154.17,252.77
4618,1401.88,1197.79,548.16,252.2,278.84,545.99,297.14,313.74,203.37
6678,2257.35,1946.19,723.41,369.19,465.46,946.07,400.22,254.88,272.3
5163,1674.25,1514.82,589.3,284.76,264.93,754.6,332.45,330.13,227.43
3288,1042.77,908.04,395.02,197.66,208.32,359.55,187.47,178.93,146.11
4942,1585.98,1460.99,653.58,285.75,281.28,615.64,319.77,301.86,206.25
2219,768.77,648.48,222.41,139.32,133.22,239.03,114.75,127.31,108.36
3925,1356.24,1124.77,559.98,236.63,213.29,531.02,211.89,269.35,168.48
4972,1669.52,1425.49,516.12,266.84,264.53,704.09,335.88,366.31,236.6
5513,1897.76,1407.3,799.57,364.97,302.51,658.66,308.03,258.81,224.72
4448,1405.49,1172.23,655.95,264.41,228.74,533.04,240.72,193.62,179.26
5471,1745.55,1386.04,817.94,290.32,303.98,602.86,283.29,188.92,273.3
4774,1578.69,1195.57,670.63,254.63,304.61,550.57,276.22,328.6,196.83
2990,990.23,771.17,320.21,197.16,188.46,347.42,153.51,233.28,142.5
4946,1602.92,1454.24,669.24,316.84,302.15,533.07,296.46,156.88,227.74
3812,1219.97,998.72,419.95,229.22,190.63,440.28,260.68,180.96,169.75
9743,3403.32,2908.36,1411.34,546.79,511.66,1416.27,640.53,645.18,393.32
6953,2371.36,1945.9,805.37,411.69,464.86,808.42,353.31,404.4,300.97
2803,901.86,734.0,326.1,175.83,155.38,318.76,156.95,193.13,137.35
2489,837.21,684.12,363.1,168.22,169.86,296.77,133.79,52.19,122.09
5556,1741.68,1449.86,559.28,339.57,374.98,822.36,285.24,414.93,255.56
7876,2402.25,2356.49,863.98,437.39,418.2,1088.69,410.91,186.51,360.3
3493,1109.45,1021.22,422.99,177.64,237.39,384.53,238.09,163.22,154.59
5645,1807.24,1418.66,762.28,302.06,353.13,776.91,317.26,206.3,269.58
9081,2731.81,2700.59,1202.13,572.14,568.52,1256.01,525.29,687.36,443.42
4891,1666.56,1399.09,652.8,260.24,327.96,721.46,292.06,178.56,231.22
3705,1178.04,941.51,533.52,220.93,215.26,535.58,240.45,157.09,167.66
5516,1814.88,1563.96,584.98,352.91,356.91,577.85,363.88,404.33,255.64
5340,1621.75,1507.73,673.42,299.92,338.32,655.37,369.93,278.98,225.33
8410,2596.59,2194.5,1146.06,533.04,550.27,1136.61,455.94,621.43,419.76
2053,707.23,591.1,270.6,126.51,129.76,305.22,115.01,122.48,101.33
4575,1511.74,1163.67,560.05,268.91,236.08,476.98,257.39,113.24,226.77
5591,1942.95,1534.57,563.88,379.88,312.28,662.04,329.34,257.67,232.97
2615,915.09,655.05,269.4,166.94,179.91,325.86,172.98,79.98,121.67
7178,2286.86,2142.18,760.49,410.67,390.97,866.11,393.28,171.61,334.23
7944,2501.88,2284.52,930.73,524.98,472.23,975.44,521.59,337.06,345.97
9207,3157.24,2374.88,974.86,596.26,526.07,1090.62,497.92,685.97,447.94
9404,3290.75,2511.66,1140.74,619.1,486.43,1396.79,603.76,254.47,449.73
2954,979.2,762.22,321.79,185.57,158.4,414.04,194.9,60.28,139.42
4433,1506.14,1278.17,616.0,255.28,247.07,606.58,297.35,337.38,178.6
3629,1230.55,917.94,521.03,206.75,215.08,437.42,218.49,188.01,181.11
4781,1519.24,1396.15,571.25,301.6,322.67,688.83,270.48,255.85,225.59
8859,2912.07,2632.1,1112.39,466.14,534.31,927.24,579.8,670.69,440.24
2649,905.04,751.87,391.19,175.89,166.99,283.9,149.45,164.27,108.26
4347,1453.66,1133.04,551.09,249.55,254.38,642.06,230.22,302.59,204.06
6490,1953.87,1739.35,971.9,406.32,437.43,832.99,432.84,429.83,307.94
5278,1672.26,1445.44,565.31,316.58,333.85,569.88,307.31,299.32,214.53
7455,2290.35,2089.12,1066.89,450.18,386.26,1099.29,457.86,457.02,303.01
4640,1446.05,1315.13,579.35,300.49,276.31,690.16,317.23,248.9,220.97
5801,2002.94,1611.0,586.69,362.76,386.03,835.78,305.81,239.72,278.31
4561,1376.71,1220.37,677.82,250.88,294.97,510.5,278.88,169.31,223.95
5249,1632.39,1546.07,778.18,270.24,357.49,597.99,321.11,160.39,250.48
8539,2693.87,2169.5,1017.54,570.45,465.83,1027.66,574.14,352.15,362.09
2370,784.1,647.75,350.07,160.44,164.82,305.65,134.68,129.43,117.76
2857,933.4,825.04,305.84,152.25,159.14,427.43,165.78,157.86,121.92
6886,2140.95,1742.46,922.76,386.92,351.21,1017.8,415.82,420.08,325.52
6753,2081.36,1926.41,740.1,375.78,404.6,986.32,360.23,491.39,305.87
9485,2957.8,2760.0,1065.47,652.08,495.18,990.84,563.53,560.67,391.0
8879,2886.8,2513.13,1233.89,480.31,564.94,1224.04,521.39,268.62,437.48
7488,2347.93,1876.84,890.08,399.34,509.27,1077.09,403.96,161.31,343.54
2383,827.81,617.21,239.15,127.82,163.06,278.01,158.85,75.81,97.51
8205,2651.8,2191.6,990.44,530.02,509.86,910.58,480.98,611.16,359.65
5877,1780.38,1537.92,654.72,398.23,356.77,807.63,329.82,317.71,280.04
4552,1531.58,1357.1,610.73,263.41,318.09,475.87,239.47,322.81,210.23
6334,2004.35,1789.86,694.98,333.94,390.1,931.37,328.07,215.73,267.52
6290,2092.52,1665.9,893.89,388.18,431.17,678.09,435.3,393.71,287.42
4725,1483.55,1400.89,535.6,256.09,322.87,580.59,330.29,301.93,203.59
6034,1982.39,1731.94,721.98,309.44,336.64,899.91,410.06,413.76,273.18
5293,1792.25,1398.57,608.18,358.47,266.11,790.83,313.2,275.93,228.55
8204,2841.87,2206.42,1084.54,553.09,482.26,1138.71,542.76,554.68,368.87
7248,2269.03,1884.27,761.46,503.87,487.26,1028.92,483.34,551.77,350.96
9133,2892.81,2726.69,1131.62,543.23,609.38,1354.96,511.41,707.29,384.68
8828,2853.33,2435.33,1030.43,493.31,547.98,1292.17,544.87,243.0,353.28
8111,2809.32,2391.15,1169.66,530.42,430.96,1063.4,560.77,466.05,337.01
6251,2157.03,1671.05,648.04,335.12,326.0,854.7,347.56,167.58,302.66
5988,1823.31,1754.74,847.21,328.54,413.73,776.58,378.79,451.23,264.37
9545,2926.46,2411.97,1034.53,526.06,557.69,1196.22,603.73,738.05,452.41
9789,3179.23,2927.93,1022.25,675.76,616.35,1410.02,578.07,489.21,394.57
9948,3037.43,2940.65,1095.44,642.61,677.63,1361.89,594.96,771.9,412.48
2922,927.09,783.56,307.2,153.91,196.94,417.82,172.77,192.78,133.5
4915,1510.97,1419.14,619.53,254.88,301.48,515.07,296.97,303.53,232.0
4950,1642.42,1423.68,739.58,330.94,295.8,637.68,262.23,271.49,237.0
9957,3459.81,2937.94,1012.79,657.61,644.27,1159.75,656.12,442.16,462.31
7705,2695.49,2044.62,948.15,488.65,439.13,968.29,487.12,599.66,366.5
5046,1608.47,1378.95,602.01,272.09,315.41,659.25,350.58,160.58,210.2
9604,3168.85,2816.37,1123.48,572.45,484.65,1366.53,527.38,654.53,447.37
2974,1019.53,859.27,346.75,184.55,197.73,302.14,157.38,125.05,131.61
3230,987.97,871.04,467.54,221.72,225.97,349.48,183.63,210.58,158.75
4435,1483.41,1296.29,447.71,236.78,306.43,647.83,266.96,132.26,204.69
9647,3091.31,2434.4,1338.48,581.8,551.79,1431.26,521.9,409.02,438.13
3814,1183.51,1102.64,429.63,202.73,231.21,391.97,225.83,292.8,174.61
4934,1579.56,1284.51,587.96,290.5,270.01,575.25,310.11,263.66,238.38
6933,2106.23,1832.43,838.94,374.4,388.66,696.67,354.44,343.01,278.1
8103,2712.64,2225.58,933.76,540.66,479.27,1117.18,528.0,527.72,393.83
3363,1051.4,916.37,352.03,185.28,218.4,450.97,231.35,151.41,135.5
5940,1874.49,1639.61,627.96,346.55,299.12,761.75,328.87,294.51,272.21
8483,2596.26,2351.82,974.75,493.34,490.96,1141.67,555.84,455.0,381.95
2203,756.14,587.27,310.82,148.32,134.67,279.54,128.56,174.92,96.28
2160,701.29,558.92,230.54,140.74,117.3,241.79,136.7,147.58,89.18
9707,3189.79,2799.73,1331.14,496.53,500.59,1336.82,629.6,217.32,400.32
6487,2130.8,1751.48,742.39,333.05,394.35,902.76,362.62,434.74,307.62
2768,887.21,762.01,399.07,168.91,173.71,395.02,181.99,138.89,113.86
5748,1779.73,1622.29,697.9,336.57,361.09,849.0,299.48,194.51,269.42
8718,2940.2,2576.01,946.65,483.95,498.07,1197.65,607.95,620.81,435.05
4581,1403.4,1307.31,683.91,301.67,250.8,470.59,259.93,165.98,214.48
3093,943.96,780.28,336.62,162.61,168.28,312.52,168.49,121.32,126.05
9036,3031.64,2637.86,1160.05,627.83,459.12,1237.87,476.86,214.87,410.42
6500,2017.87,1946.54,835.02,328.13,349.01,668.22,430.58,511.27,314.24
2607,822.09,713.34,309.3,136.51,173.03,301.88,160.9,176.55,129.17
9842,3186.46,2937.64,1452.43,553.38,492.7,1051.2,679.43,284.3,465.3
7710,2486.22,2138.5,1096.31,464.01,392.27,1144.51,485.37,380.67,332.28
3540,1187.42,966.35,500.88,192.3,185.99,410.0,201.11,142.33,150.49
4875,1614.46,1299.53,724.95,315.53,284.72,500.94,325.3,106.98,233.21
5191,1724.55,1468.42,637.74,296.67,294.2,765.57,288.75,392.61,247.11
3837,1288.09,1003.34,402.35,194.81,205.5,500.49,214.17,269.99,172.14
2689,846.04,686.36,371.82,181.65,140.42,273.75,135.97,213.01,109.89
5759,1820.52,1447.59,685.55,396.66,396.09,815.87,316.98,198.98,269.06
4949,1593.08,1309.6,542.0,308.68,337.65,532.64,273.33,306.66,227.18
7336,2313.58,1979.17,910.86,485.14,480.05,1027.93,410.45,198.73,294.31
4103,1432.96,1139.01,600.21,215.09,225.83,533.95,235.4,188.26,190.48
2365,805.76,625.87,256.76,130.97,133.56,257.44,145.53,167.45,97.73
7818,2409.76,2339.17,1113.56,441.75,495.01,1075.99,424.73,160.14,377.28
5575,1674.06,1475.07,674.07,385.87,311.27,684.19,349.75,272.29,260.55
9911,2994.5,2696.28,1058.89,597.08,600.73,1307.31,521.98,456.72,401.56
9934,3101.43,2534.8,1414.79,498.17,626.1,1425.29,681.65,610.54,450.19
6550,2002.43,1722.86,972.55,377.3,395.51,740.25,330.92,224.51,314.75
6199,2025.01,1564.73,710.18,310.91,361.19,733.33,422.55,188.43,299.41
6172,2116.38,1715.66,710.87,337.95,351.54,924.96,376.15,364.41,252.15
6325,2130.5,1818.77,756.01,373.77,414.64,793.19,406.07,369.86,257.99
8033,2496.5,2086.86,1130.3,453.61,520.38,1027.62,449.58,523.0,383.58
9425,3015.67,2529.63,947.41,477.42,602.49,1077.01,504.01,328.13,398.93
9431,3068.8,2365.59,1048.71,493.49,542.22,1139.28,650.23,197.86,433.26
4378,1490.75,1278.27,592.32,267.14,286.82,547.59,257.51,318.18,201.78
3205,1095.97,926.24,385.5,204.84,221.64,361.92,191.05,103.78,148.39
6988,2414.26,1769.1,814.21,405.94,445.69,782.01,487.16,315.01,303.13
5839,1900.37,1566.27,838.56,377.37,339.58,759.21,331.2,280.91,235.89
7669,2566.92,2283.55,1118.65,408.5,505.61,837.32,398.82,239.58,347.98
4735,1446.97,1276.56,697.94,248.31,294.45,604.53,292.33,242.67,213.79
8170,2681.92,2257.46,928.34,545.67,551.91,1105.49,499.16,611.59,362.19
5347,1670.59,1431.72,778.66,303.63,343.62,587.7,350.03,194.0,228.83
3675,1181.83,1028.29,502.92,215.52,240.34,504.56,253.95,188.23,177.98
2298,762.25,686.89,247.52,158.45,145.58,271.13,129.04,88.52,100.42
2956,924.78,886.43,385.8,172.87,153.24,442.29,190.47,233.06,121.99
8942,2705.93,2581.88,905.97,447.72,533.86,1331.95,524.81,297.2,425.47
3114,935.79,841.45,421.69,214.12,159.22,435.74,204.51,82.71,144.37
8623,2596.45,2368.92,1178.58,433.58,508.33,1010.06,459.48,246.25,371.58
8716,2618.44,2334.46,1215.59,551.25,560.69,1280.04,523.11,366.27,361.81
4505,1376.36,1348.25,489.36,254.34,263.21,675.47,232.2,239.54,200.01
3474,1083.8,991.44,456.53,206.38,173.81,427.7,212.69,208.72,141.25
6460,2009.45,1760.0,703.77,393.71,370.71,844.51,344.83,347.19,272.79
9002,3144.76,2255.95,1326.29,523.64,462.3,902.89,622.95,669.14,446.86
7794,2457.45,2151.33,1042.45,510.41,511.38,796.36,476.11,324.37,323.49
6446,1974.87,1928.62,675.32,442.29,423.34,805.94,390.55,404.42,275.57
5726,1873.99,1581.25,626.15,296.2,378.65,747.05,397.65,206.66,237.0
5471,1875.99,1417.65,728.59,361.11,276.87,632.56,328.09,333.21,268.74
8396,2803.45,2108.27,1039.71,441.41,425.22,881.21,533.44,634.31,413.49
4828,1519.87,1292.63,660.54,249.15,328.64,671.64,245.91,379.98,195.99
8000,2624.65,2367.29,912.32,552.93,419.79,967.5,513.33,510.25,391.86
4850,1628.35,1454.16,644.55,289.96,307.5,642.35,252.62,371.25,200.9
7107,2390.83,2112.69,773.58,377.04,468.42,941.75,466.25,432.29,312.52
4506,1501.97,1290.84,573.1,276.66,265.66,573.8,304.32,350.53,206.66
5770,1982.23,1603.52,853.33,318.88,351.56,628.49,324.9,426.29,257.48
4964,1705.16,1387.61,652.32,294.3,270.77,649.31,335.38,131.04,205.31
6594,2169.08,1826.21,675.88,412.08,451.5,765.59,393.35,319.46,315.96
2949,948.08,841.5,440.69,198.72,165.25,415.68,181.16,120.46,138.23
8090,2686.52,2191.93,872.45,405.0,439.74,887.15,471.0,174.91,399.74
8142,2775.69,2307.93,1106.53,441.97,492.66,932.73,484.7,390.93,354.42
6603,1982.77,1690.9,836.11,342.86,355.31,805.67,450.1,190.83,292.54
7423,2595.08,1954.36,851.55,385.57,473.1,1016.96,511.79,164.7,322.88
8644,2672.25,2522.32,941.03,595.71,521.25,1175.91,509.28,403.68,351.2
4850,1569.04,1431.66,528.09,333.3,256.84,566.75,292.39,164.62,196.67
8741,3003.42,2420.82,1249.26,568.04,448.81,1097.32,457.36,665.34,416.19
2165,673.86,544.67,310.99,136.09,114.18,241.86,122.35,148.87,92.77
5486,1776.58,1625.77,676.19,367.34,289.29,759.91,330.61,424.45,246.16
4509,1382.59,1285.53,474.26,230.72,253.66,495.25,243.72,328.65,224.5
2919,933.36,790.18,420.94,152.93,194.6,411.48,179.61,185.87,117.28
2113,652.61,591.47,262.75,119.05,108.07,310.28,134.61,118.03,95.46
5504,1751.27,1494.27,671.15,366.84,289.3,823.29,346.75,131.7,248.68
2991,953.15,817.34,360.02,177.8,167.67,427.26,176.02,107.52,149.51
9523,3329.8,2803.0,1126.1,572.06,581.54,1057.86,622.67,596.56,460.37
8047,2814.36,2076.56,1016.34,439.25,525.13,972.28,453.77,354.64,327.26
9862,3015.2,2516.62,1284.3,620.99,674.8,1030.01,585.66,389.76,409.97
8350,2808.09,2088.64,1029.74,565.77,486.32,903.7,462.62,219.09,336.83
5839,1766.81,1551.42,845.68,330.43,304.31,598.41,362.44,141.37,245.05
3258,982.32,838.51,377.55,203.25,176.81,430.23,191.62,106.21,137.24
9609,2933.31,2507.94,1238.75,544.24,535.65,1217.07,522.17,673.35,393.0
5426,1889.74,1359.55,623.98,357.33,356.61,791.39,304.74,324.37,245.65
2514,872.47,657.06,346.1,149.58,160.22,309.6,139.75,101.71,125.07
7327,2269.15,1953.64,770.11,416.1,396.98,968.01,499.84,173.37,351.98
6804,2096.2,1711.74,744.6,397.36,454.34,817.02,411.23,212.98,286.0
5196,1621.29,1456.93,727.75,269.28,349.08,735.09,327.62,244.18,248.52
8281,2697.76,2305.76,903.95,557.5,560.2,1211.67,568.86,241.75,412.58
6434,2113.47,1639.72,844.7,444.98,357.09,782.29,345.15,423.07,311.1
4584,1425.99,1282.38,680.78,272.97,241.46,477.36,315.09,308.59,204.84
2067,698.3,619.96,260.74,112.5,107.65,223.6,125.66,58.31,88.25
3596,1134.46,1068.82,393.29,227.6,208.57,489.15,241.38,228.75,170.73
7660,2651.18,1916.02,888.82,452.3,448.77,890.58,408.74,388.63,366.64
6478,2156.11,1877.12,914.52,356.59,436.39,902.19,359.26,503.62,278.35
2018,649.43,540.18,237.28,102.45,111.71,277.45,108.74,135.72,85.24
4730,1605.81,1197.55,644.11,320.67,295.8,637.2,298.31,260.71,220.99
5521,1882.09,1461.96,766.69,364.03,363.08,776.86,291.59,310.37,269.89
8217,2584.44,2186.44,1027.61,547.09,455.08,1132.53,541.09,252.55,330.38
2572,815.29,710.29,357.92,151.23,142.34,338.55,141.48,189.34,128.27
9082,3149.62,2570.7,1052.11,590.92,575.65,910.12,500.5,486.39,380.7
9832,3030.59,2826.24,1236.94,605.89,634.39,1236.71,546.88,535.31,427.63
7395,2234.09,1939.67,993.35,425.18,511.7,959.59,480.14,403.21,299.71
9215,2973.71,2452.01,998.94,616.07,617.39,1364.12,631.08,337.03,373.72
4258,1447.98,1130.15,484.05,297.95,282.91,564.29,290.18,292.63,181.93
4902,1659.74,1314.41,650.01,333.27,312.97,631.25,255.03,351.67,223.78
8039,2781.31,2411.56,1067.32,526.75,421.0,1021.43,444.14,299.64,394.0
2650,865.65,765.58,330.36,172.12,175.39,278.69,168.13,123.24,107.85
7741,2361.03,2312.62,1082.03,487.72,531.86,939.61,482.81,238.03,351.9
7089,2335.36,2017.92,879.76,475.48,409.85,756.52,404.08,243.24,313.06
8838,2995.37,2389.03,1273.26,529.06,497.34,907.09,594.42,354.92,440.95
4587,1397.5,1236.14,627.48,246.02,277.28,534.26,241.32,339.99,192.06
9876,3048.06,2710.26,1143.0,645.51,682.72,1306.32,620.02,568.56,431.53
5262,1581.83,1425.18,630.19,359.87,268.45,754.25,291.84,290.87,212.24
3338,1100.48,972.75,445.24,189.69,214.22,469.05,202.09,256.38,164.04
6996,2408.98,1911.66,1012.48,459.36,463.79,802.68,404.02,472.08,323.38
5634,1879.13,1491.77,613.74,312.54,370.58,576.36,392.1,118.11,258.48
7780,2716.01,2246.42,978.2,535.67,477.19,934.64,464.73,213.64,314.99
4827,1463.31,1412.96,511.37,307.33,330.22,558.67,335.58,168.29,197.86
7681,2651.1,2081.72,875.42,471.5,404.72,910.68,423.23,293.68,367.94
8019,2732.1,2272.51,1076.94,526.03,440.27,1026.07,524.11,561.68,364.82
7877,2486.86,1992.41,818.32,521.97,442.21,799.68,506.82,521.41,330.76
7232,2521.63,1999.45,962.71,490.67,362.86,857.28,484.2,207.75,329.04
4217,1325.81,1063.73,611.64,286.85,242.11,539.49,269.35,219.44,209.51
5539,1907.99,1392.83,822.37,282.79,294.75,673.26,352.54,147.04,227.3
9845,3387.05,2762.96,1091.14,516.45,634.93,1312.94,622.34,299.02,489.32
8040,2716.58,2131.94,1105.06,534.83,468.72,878.82,560.4,277.63,383.92
3037,996.66,872.0,444.37,209.31,194.64,327.06,165.7,225.7,125.86
7834,2397.21,2309.5,819.19,439.91,437.71,903.99,396.42,328.58,377.18
6383,2084.68,1640.24,770.44,320.25,335.99,670.77,405.7,478.4,302.81
5978,1900.05,1711.06,872.61,337.48,314.68,668.42,319.5,388.84,273.43
8332,2829.64,2297.35,917.68,480.4,450.47,869.4,529.81,541.28,397.8
4961,1676.35,1268.06,727.72,323.56,259.48,595.81,279.77,338.39,205.45
5226,1805.74,1476.76,660.36,266.27,284.35,708.5,265.83,134.61,246.75
7686,2311.5,2155.72,806.99,416.99,473.31,878.72,502.63,529.39,356.7
8837,3008.6,2437.09,1082.48,599.85,487.15,885.35,450.98,310.66,378.64
7841,2720.22,2323.47,912.01,416.33,445.83,1002.5,427.2,619.72,367.77
9031,3065.71,2493.04,1030.53,588.69,461.07,1215.55,512.31,640.23,422.55
8614,2640.27,2580.11,1094.61,492.95,584.41,1029.94,453.57,687.39,365.15
3098,941.99,853.38,384.71,195.96,163.46,355.81,211.5,236.15,128.5
4324,1301.71,1106.05,536.6,222.59,246.35,538.48,269.98,179.81,188.62
2939,974.09,803.89,306.85,163.79,169.26,308.78,198.41,224.84,129.29
5716,1894.76,1481.11,800.9,334.36,374.07,755.63,363.77,227.58,275.75
5414,1891.36,1515.14,671.73,363.52,323.06,739.9,378.11,322.44,240.17
3448,1103.02,981.5,486.32,211.26,198.81,466.28,208.61,238.32,163.32
2570,813.65,702.69,362.96,130.82,164.27,299.23,131.26,110.3,114.69
9678,3205.56,2466.78,1121.26,639.11,599.46,1375.59,515.04,311.94,393.62
4904,1673.64,1340.91,491.47,250.55,252.86,722.57,302.91,361.39,228.17
7096,2461.17,1802.9,1032.91,487.41,399.18,815.0,404.15,185.89,347.38
7301,2483.48,2074.26,1007.79,395.96,507.95,826.01,381.53,305.9,329.88
4505,1447.61,1304.28,474.66,269.21,268.8,609.1,246.71,236.22,211.83
2917,967.7,869.61,394.05,150.07,170.6,395.0,173.54,199.19,139.4
3874,1328.07,997.32,391.28,237.22,205.32,486.27,233.85,279.43,173.07
6928,2248.35,1916.43,702.42,415.3,462.66,1012.64,475.9,351.24,294.43
9231,2869.31,2569.7,1165.79,537.29,486.16,990.63,478.29,502.2,448.63
8982,2770.82,2659.78,941.33,455.49,467.98,1112.59,513.38,639.78,433.71
9427,2828.17,2652.42,1397.24,637.06,554.12,959.29,566.76,452.69,458.1
8336,2800.16,2144.65,1206.15,550.62,489.6,855.55,435.68,446.36,402.28
3678,1123.83,999.75,487.3,230.47,256.1,377.67,234.49,77.63,152.02
2615,816.38,739.36,269.83,160.68,137.42,325.8,157.69,201.53,115.44
6501,2047.12,1852.88,755.69,415.41,387.96,841.54,384.8,351.1,272.49
3749,1229.74,1099.03,444.58,198.25,202.54,375.55,236.64,238.64,155.78
5825,1863.41,1508.82,722.56,399.9,373.01,766.73,324.78,203.15,278.52
9086,3032.3,2703.79,985.33,506.03,525.48,1131.07,515.96,539.67,407.17
8864,2683.86,2242.21,1142.35,559.58,558.16,985.59,472.04,421.94,362.6
6188,1894.75,1851.38,753.63,384.49,351.28,623.47,374.22,165.52,272.65
4477,1454.85,1311.26,659.75,280.85,274.4,482.64,257.2,312.54,223.55
6749,2138.41,1910.06,990.82,456.09,400.77,877.48,372.59,474.86,284.29
5505,1732.92,1578.56,706.15,307.83,316.47,731.85,288.98,131.14,242.06
5475,1660.85,1388.65,723.89,355.76,332.61,724.63,276.29,237.81,251.55
6529,2251.11,1645.79,697.88,404.59,376.57,702.9,351.7,240.83,274.19
3135,1048.94,799.7,348.51,161.52,207.29,456.33,172.26,159.83,155.74
6000,1836.49,1526.21,870.21,349.7,359.43,723.29,358.25,295.97,278.09
2374,719.92,658.47,320.39,158.49,161.58,328.56,130.14,140.98,100.41
9226,3217.51,2405.88,1009.98,519.49,502.41,999.4,612.17,321.52,410.24
7162,2392.53,2098.54,920.39,427.18,374.16,884.71,426.01,238.51,312.33
2206,707.85,600.67,323.7,131.86,127.11,278.12,137.82,139.86,90.94
6875,2303.72,1957.83,806.15,428.73,369.0,952.31,372.34,540.18,294.57
3319,1121.21,938.09,362.74,224.63,192.05,435.04,193.57,254.84,151.14
3141,1064.79,835.48,462.05,167.95,170.08,376.81,194.92,212.08,128.41
6627,2146.44,1737.32,815.54,398.23,446.42,756.31,372.58,159.37,268.28
9389,3018.51,2508.02,1134.77,549.12,576.09,1395.65,532.58,321.73,426.39
8309,2497.28,2408.22,942.06,464.63,498.14,949.11,549.63,509.99,368.43
4690,1624.28,1309.98,678.08,320.76,308.39,499.36,313.03,177.03,196.43
9323,3078.13,2448.94,1326.48,467.67,490.46,1072.34,565.52,406.64,439.37
5255,1629.88,1528.64,631.39,275.58,352.82,611.4,356.96,405.8,214.82
2089,722.75,527.97,212.1,135.09,124.64,222.25,135.23,52.6,89.21
7213,2493.87,2055.41,882.38,398.65,380.33,976.69,368.63,516.99,295.83
6108,2134.5,1661.1,666.03,393.74,405.5,799.89,373.75,140.59,288.76
5020,1725.39,1438.55,537.83,334.56,297.26,581.47,321.06,202.19,232.56
3857,1349.52,1143.11,461.51,212.49,239.49,577.2,234.57,205.67,161.55
2804,875.51,806.15,294.29,150.96,190.31,372.23,186.86,116.04,127.79
2944,1007.18,801.06,435.34,155.76,199.64,397.91,164.91,227.95,138.26
4789,1633.77,1233.4,490.28,258.61,324.96,612.32,245.72,240.71,193.2
7953,2477.73,2308.9,954.9,440.15,463.96,1014.63,498.43,509.23,370.87
5875,1791.42,1604.08,635.29,395.83,381.83,593.38,379.62,364.98,253.3
9605,3351.87,2437.42,1291.3,628.17,525.06,1330.73,627.26,673.36,397.19
9705,3055.15,2775.17,1008.74,485.61,646.58,1412.44,487.4,697.16,467.89
3610,1240.2,955.18,459.7,243.61,205.17,383.07,229.12,173.2,166.28
4923,1477.92,1242.78,682.6,253.91,291.83,688.14,248.19,353.37,223.83
8055,2424.97,2377.33,1188.14,508.31,546.35,1020.69,527.57,476.91,389.58
5882,1901.61,1612.58,793.64,311.92,388.89,672.11,376.81,359.76,250.87
5221,1628.62,1378.59,548.07,267.55,360.51,762.5,320.3,158.69,209.58
8803,2944.53,2516.07,919.26,573.92,504.14,887.95,529.29,305.52,435.64
9175,3011.95,2700.16,1253.12,544.48,486.47,1043.22,589.97,562.06,391.11
7148,2172.09,1787.11,791.76,443.04,487.55,1031.55,365.58,256.88,331.19
6391,1969.27,1817.55,782.02,373.92,382.58,792.81,425.92,315.73,318.08
9129,2915.83,2632.35,1358.68,468.71,618.84,1186.28,493.19,450.95,386.49
7021,2171.46,1828.95,989.93,454.91,453.85,965.31,418.14,239.01,350.54
9888,3358.07,2714.07,1407.36,656.63,667.4,1061.96,590.67,533.85,448.78
6735,2160.61,1713.82,963.36,342.33,424.94,745.96,441.43,362.51,333.99
4387,1336.59,1260.55,574.6,252.32,290.63,657.75,236.28,121.7,179.25
6723,2179.71,1965.62,922.37,411.09,352.33,752.12,376.45,288.19,304.62
8582,2613.58,2191.92,1012.23,532.97,595.3,1089.57,542.92,360.01,424.33
7263,2225.72,2112.25,1088.89,447.13,389.44,834.78,423.11,390.21,301.82
2941,917.53,848.71,335.22,187.81,148.49,419.3,164.63,191.05,125.73
6925,2375.11,1851.37,896.79,480.15,419.77,1025.51,432.32,146.08,291.71
7866,2723.45,2237.99,897.53,454.75,505.3,842.17,406.92,219.88,390.58
4566,1558.43,1141.51,482.19,279.13,293.72,593.71,300.42,174.05,194.67
2975,942.19,882.35,381.93,190.35,168.93,418.22,179.97,204.16,122.6
9212,2889.09,2556.51,1083.95,569.75,599.49,1300.29,498.56,449.83,441.88
2954,967.31,830.12,381.54,170.55,197.48,360.45,171.84,149.63,133.33
3262,1096.33,923.91,417.32,203.81,202.9,362.96,171.65,145.33,149.72
7047,2464.11,1959.55,895.76,443.98,406.75,841.11,439.25,316.47,324.64
2943,902.26,861.82,312.44,181.58,183.27,404.83,186.55,231.48,135.76
4202,1270.96,1178.6,512.68,227.34,282.56,628.99,244.16,310.61,187.17
7300,2443.44,2156.33,1026.38,438.87,496.47,932.32,414.59,463.93,363.22
9382,3205.0,2618.67,1086.03,635.04,475.01,1029.73,628.55,370.07,391.61
8231,2817.61,2128.18,1005.76,554.54,431.7,840.36,506.38,418.31,408.08
5327,1778.81,1575.08,664.23,346.34,266.83,784.05,337.41,326.89,228.66
7630,2652.96,2167.54,1092.13,487.89,456.65,947.28,400.96,333.24,319.69
7192,2341.36,2049.45,954.95,381.65,422.37,976.89,462.2,370.16,332.68
9074,3136.8,2715.61,952.86,537.08,552.75,1206.92,534.39,260.81,443.89
6274,2185.8,1592.09,898.8,327.62,399.48,906.87,359.71,160.71,273.73
4259,1458.1,1156.02,603.09,282.57,244.11,482.56,292.12,127.93,173.57
3828,1207.69,1002.76,527.05,213.68,207.37,467.35,195.53,250.12,173.66
3257,1009.05,916.91,401.6,212.8,188.57,474.48,175.59,102.26,162.37
2464,806.73,715.4,339.73,163.34,123.64,318.54,141.68,185.99,108.16
7870,2539.26,2347.74,975.39,533.98,524.05,815.08,444.5,331.43,316.37
5294,1820.54,1443.83,724.38,344.52,305.33,580.88,318.77,159.57,238.28
8774,2676.08,2538.41,1263.5,537.8,547.99,981.47,509.05,609.92,384.63
8968,2805.97,2653.21,1296.12,555.69,506.64,1342.41,589.79,425.07,364.7
9431,3183.81,2679.97,1157.46,532.02,587.52,1048.79,616.41,408.43,459.74
3230,984.34,846.7,461.78,172.93,196.41,463.45,211.4,128.45,149.19
4654,1470.84,1304.95,489.01,244.86,252.11,483.57,267.08,185.37,193.34
2884,921.03,860.87,303.08,154.7,180.27,314.6,167.7,172.48,142.06
5805,1922.21,1737.89,739.63,398.68,302.98,833.61,373.9,304.41,265.65
8509,2619.98,2400.54,1128.23,453.43,507.32,1233.35,446.59,408.93,399.0
8419,2887.97,2478.13,906.3,542.81,542.16,916.07,564.4,394.2,385.88
8523,2747.62,2216.13,1053.52,457.62,519.74,950.25,518.41,243.08,424.31
9910,3427.38,2599.43,1037.76,688.8,643.41,1253.9,663.68,690.46,484.66
7428,2402.17,2210.9,966.42,425.86,411.98,762.37,489.3,561.64,298.35
7750,2431.58,1989.9,1106.35,451.38,395.07,1141.3,445.53,528.03,311.13
9435,2897.41,2448.9,1291.48,548.08,482.31,1114.31,490.91,444.16,423.46
7040,2113.32,1908.03,837.16,466.96,389.84,876.23,481.65,551.45,303.71
5856,1912.62,1636.63,876.58,318.37,340.55,616.36,333.16,334.49,265.8
5135,1568.01,1438.78,683.71,342.1,311.95,521.86,295.13,341.19,222.77
8953,2861.26,2368.95,1260.25,565.3,583.32,1104.72,610.42,577.23,436.75
9517,3135.5,2817.32,1270.38,517.78,635.66,1009.6,650.46,594.52,396.84
2924,917.51,864.79,437.05,150.03,186.77,384.55,161.57,171.11,118.63
8034,2480.59,2165.99,1133.34,526.23,476.13,1122.54,415.99,262.69,348.91
6589,2231.93,1790.33,830.02,358.3,364.3,669.33,329.6,248.19,272.73
3546,1231.67,1011.05,419.65,240.35,207.64,463.15,208.38,259.58,162.82
9265,2826.03,2623.38,1242.51,487.3,513.91,1304.34,568.61,285.34,414.38
8065,2482.24,2170.41,1044.51,502.67,503.98,983.7,446.86,234.83,379.7
3094,1076.71,837.58,406.76,197.53,205.33,457.87,170.77,114.63,126.01
4411,1331.63,1179.51,516.75,278.57,266.26,465.62,252.03,184.16,209.72
4617,1610.79,1208.59,560.67,260.03,235.08,536.26,255.14,245.57,197.45
7921,2378.14,2161.7,1013.13,534.75,544.92,883.22,532.04,446.21,370.02
2762,949.25,785.3,392.11,180.62,154.36,413.77,173.61,186.27,118.52
4323,1363.33,1241.13,597.2,260.26,295.22,495.89,287.82,105.5,208.96
6145,2131.88,1775.56,650.96,381.39,407.18,733.69,413.0,199.68,297.05
9525,3008.45,2559.72,1069.45,584.14,554.95,1356.18,559.12,479.2,410.18
4775,1588.72,1376.31,483.86,329.16,244.17,699.53,284.36,167.36,234.43
7001,2128.32,1752.53,702.89,475.57,482.75,1028.36,486.96,506.94,302.52
9071,2831.21,2484.12,1008.87,496.27,573.12,1160.26,601.74,529.84,444.09
6659,2255.3,1929.08,932.03,367.94,366.2,886.75,439.21,329.05,279.22
6878,2245.22,1936.17,998.94,478.91,417.29,807.88,424.2,137.74,294.92
8628,2988.73,2361.51,1031.81,472.22,541.04,1124.73,510.98,617.07,421.41
5155,1657.01,1454.91,660.66,356.05,281.12,593.53,349.98,245.64,210.37
5970,2050.64,1763.22,807.76,376.08,309.67,819.69,394.56,309.75,280.7
9972,3215.45,2775.4,1472.33,508.59,551.94,1150.37,601.67,617.23,466.89
9805,3421.58,2843.35,1428.07,556.09,499.58,1411.63,543.29,747.61,487.52
4040,1405.89,1208.11,415.55,240.47,207.65,432.98,213.9,119.15,200.88
7927,2508.55,2261.4,891.06,528.43,421.17,1019.33,483.98,192.4,355.17
2583,889.32,719.8,264.65,146.12,137.33,325.55,144.44,70.55,120.33
7415,2538.75,1867.65,970.08,416.81,407.52,839.27,409.93,477.85,308.15
6331,1965.99,1701.29,858.01,433.07,435.25,641.96,329.94,175.73,267.55
4103,1358.97,1141.75,473.54,211.64,252.4,440.77,207.98,205.39,187.03
3942,1196.93,1142.63,562.49,240.58,230.41,584.98,258.86,245.94,167.05
6455,2206.55,1755.15,791.65,387.85,395.54,949.31,336.69,405.15,272.2
8026,2477.85,2391.77,1203.25,410.5,402.22,850.48,543.94,356.2,322.87
2109,640.17,555.91,210.94,109.15,143.19,250.43,114.47,130.58,85.91
2191,701.14,629.32,231.09,126.29,132.88,270.05,142.84,168.71,103.23
2903,954.64,786.57,334.11,152.94,171.37,359.69,192.93,62.93,116.54
7212,2471.88,1978.25,730.4,429.56,496.42,828.95,474.92,434.76,353.08
2861,997.67,830.05,398.01,177.89,184.84,416.7,192.99,146.93,116.69
8711,2804.72,2306.77,894.08,556.01,494.34,1266.79,494.74,285.33,362.08
3083,934.22,785.67,423.76,187.85,211.87,311.22,214.94,118.58,133.81
2649,893.92,731.16,271.86,152.56,177.59,350.99,147.26,186.04,125.21
6134,2013.54,1695.68,690.91,322.62,423.8,636.21,421.32,338.68,288.34
5611,1808.96,1626.4,797.12,308.32,291.35,728.73,329.64,117.11,238.27
9216,2907.31,2750.2,1359.86,538.11,636.88,1321.06,471.29,718.13,398.78
9587,3116.92,2423.26,1157.4,656.54,583.44,1270.05,629.85,574.94,462.21
2636,835.44,736.98,391.44,142.48,167.24,325.4,173.31,122.73,118.54
3036,1025.71,862.42,398.76,176.9,164.69,449.01,163.78,190.48,135.35
6131,2006.03,1834.95,740.57,396.35,323.77,841.97,407.53,197.87,284.08
4148,1426.26,1232.49,581.3,265.9,213.99,466.51,220.47,147.79,184.87
5865,1918.89,1675.18,673.11,406.51,342.79,699.97,311.01,170.83,260.05
5157,1608.54,1423.79,584.24,277.54,280.68,711.63,341.28,226.0,247.46
5587,1913.85,1441.87,742.11,281.2,288.47,564.1,311.78,415.01,275.52
5294,1735.7,1425.19,632.76,298.83,365.82,546.33,272.84,229.31,240.84
7457,2314.22,2082.41,796.38,395.18,482.23,1066.14,515.48,278.04,319.86
8079,2675.57,2312.69,834.95,492.57,487.62,825.25,493.96,502.63,399.89
6261,1990.28,1764.16,872.73,425.6,406.13,838.51,369.16,451.9,294.39
4430,1516.04,1265.68,592.71,282.48,275.68,513.64,266.16,153.52,206.19
3879,1251.62,1052.98,467.77,204.49,207.76,548.08,245.96,265.62,178.69
5966,2006.5,1708.55,863.94,312.15,373.88,849.36,401.11,228.43,282.81
9543,2908.49,2454.34,1150.34,651.11,607.13,1409.19,605.52,332.47,455.74
9638,3082.24,2487.85,1306.09,575.89,527.67,1009.85,624.45,466.26,461.77
8933,3119.06,2305.98,1299.36,611.67,503.85,1082.16,478.84,214.43,444.49
5713,1944.84,1682.73,811.45,369.77,329.45,735.25,329.54,409.82,252.01
6126,1886.79,1554.79,769.15,428.01,380.12,893.19,377.95,443.89,259.9
9542,2995.12,2767.9,1278.93,643.37,501.3,1081.35,595.31,578.65,419.29
6106,1932.49,1597.81,736.89,355.88,396.09,632.47,338.36,233.09,291.06
4011,1333.73,1096.69,530.9,261.38,228.31,441.56,278.76,120.34,182.13
5373,1815.27,1589.32,606.49,319.29,342.99,670.44,281.35,332.74,261.38
4143,1398.16,1157.13,504.36,226.46,284.45,555.38,216.45,108.49,175.5
9357,3045.64,2437.55,1033.74,512.96,630.64,1258.83,510.73,417.94,443.24
4500,1532.43,1188.92,458.59,260.76,291.38,466.8,292.85,113.98,191.22
8335,2682.65,2467.35,1078.77,435.33,448.98,1150.82,422.84,379.97,400.01
6581,2015.06,1785.8,942.54,352.45,425.41,875.35,459.07,184.73,292.08
3289,1079.52,918.78,333.11,197.38,206.27,395.92,229.42,72.13,164.1
3447,1198.23,941.02,378.49,238.11,225.61,443.13,183.36,161.95,160.93
5199,1765.84,1398.12,639.53,320.02,350.29,719.47,301.67,281.07,246.52
8381,2756.8,2188.82,1117.14,487.52,471.26,947.93,453.23,388.55,338.82
3943,1310.42,1121.03,428.06,216.29,247.96,579.63,229.33,120.53,185.44
9522,3299.64,2722.46,979.19,513.41,528.5,1017.79,577.58,234.68,420.76
8059,2590.3,2125.51,1015.05,509.07,458.76,1169.45,535.56,222.28,348.4
5183,1640.78,1500.22,730.47,347.09,313.12,710.29,262.86,329.78,248.54
7947,2772.41,2326.3,808.7,460.74,466.36,1057.16,554.21,166.51,336.05
7565,2596.1,2239.5,888.65,461.56,469.13,787.86,520.56,543.16,316.35
7462,2359.13,1925.65,993.76,478.57,486.34,1089.08,458.23,525.36,324.99
5216,1685.75,1383.26,555.7,266.88,323.92,598.62,310.97,379.87,241.47
5136,1647.39,1504.94,574.19,292.84,356.42,705.07,313.36,373.51,218.66
5318,1635.04,1382.29,674.19,343.52,344.41,767.07,267.86,319.35,242.43
4782,1663.61,1196.33,706.12,304.58,333.31,536.61,309.65,338.78,209.68
2990,957.44,877.69,341.96,152.69,193.96,435.73,179.19,190.82,131.46
9657,3319.75,2571.88,1201.1,528.78,580.95,1261.18,538.1,367.04,405.9
6920,2141.52,1873.42,830.38,440.11,402.88,920.02,409.88,451.93,299.09
7558,2474.44,2058.17,1094.93,418.93,489.1,1101.39,422.12,430.31,323.02
4153,1250.88,1214.39,430.23,275.29,264.72,524.68,265.79,89.91,176.23
8324,2815.27,2221.63,1068.03,421.11,527.54,1015.8,518.49,559.22,339.68
8327,2739.96,2453.25,1184.98,448.05,536.56,1096.35,480.98,601.63,369.14
2225,737.1,624.88,332.43,123.77,150.06,284.14,125.23,113.58,94.44
2776,839.98,767.19,374.58,190.17,151.45,286.13,187.55,136.64,137.72
4837,1502.14,1288.0,575.59,318.89,296.5,527.35,307.85,220.74,222.58
7208,2189.19,1889.83,869.22,487.86,447.37,725.69,463.59,455.04,321.62
2687,844.92,755.59,315.95,158.02,150.09,283.23,167.59,88.48,116.56
2529,838.04,688.76,329.23,168.06,176.42,345.19,130.26,168.02,112.81
5442,1786.66,1608.25,745.39,364.99,357.6,545.48,278.55,204.3,236.26
7067,2336.4,1940.47,996.26,409.88,398.76,814.26,414.01,252.22,343.23
7031,2302.39,1937.67,849.55,491.39,401.95,861.06,482.4,481.98,299.23
7518,2358.03,2036.15,1021.21,503.89,483.9,1104.32,454.8,229.02,321.77
4153,1296.67,1202.14,605.55,288.56,208.6,483.2,280.4,297.98,195.59
3294,1010.77,893.47,481.06,221.78,195.27,458.38,171.06,259.15,161.44
8094,2771.82,2132.5,1094.32,530.35,460.24,974.83,521.94,317.22,378.81
8974,2968.81,2630.29,1183.18,618.1,601.98,941.59,492.73,679.08,366.56
3526,1090.68,986.72,446.31,205.91,232.1,370.03,213.29,190.35,172.74
6774,2092.22,1893.84,739.45,444.83,383.69,823.87,378.38,240.89,323.07
9692,3330.67,2719.0,1029.11,525.87,652.23,997.25,622.68,457.06,410.91
4896,1650.62,1399.97,608.5,316.56,334.26,629.53,284.06,332.94,198.91
5103,1699.15,1355.63,550.98,335.3,311.53,636.25,302.32,306.17,240.73
4440,1422.32,1117.51,572.09,285.63,236.14,599.96,243.79,220.61,188.02
6135,1920.86,1782.4,811.57,411.02,401.27,670.44,341.28,217.42,277.54
8803,3072.01,2257.49,1111.65,512.92,496.37,1141.28,471.75,559.41,360.0
9385,3189.6,2684.96,955.59,571.5,568.22,1020.39,573.2,364.13,428.72
5802,1828.15,1474.38,596.95,291.34,295.39,789.72,306.93,231.25,233.33
9124,3123.86,2452.22,964.11,482.85,547.46,1052.53,505.14,591.35,413.68
7201,2433.55,1822.94,775.42,452.83,414.82,941.32,436.45,385.3,348.07
2844,895.44,785.26,425.16,174.18,181.22,409.92,157.83,88.59,130.28
7839,2518.89,2215.75,918.92,422.89,398.34,975.26,484.21,479.96,382.91
8344,2580.78,2157.52,956.21,457.83,521.49,914.62,419.56,296.07,379.56
2446,747.38,656.95,250.99,139.13,160.06,352.97,169.91,160.53,114.65
5915,1988.26,1753.87,779.4,380.5,297.26,697.55,382.11,288.2,258.26
9595,3006.84,2610.99,1272.39,596.75,623.67,1309.84,576.43,534.43,412.28
5109,1742.18,1482.26,555.72,262.56,268.75,592.67,349.54,286.4,221.52
3234,1131.19,958.43,472.04,210.85,206.85,371.62,217.96,93.17,132.68
8587,2609.0,2565.09,1202.39,474.46,507.54,1134.35,492.3,506.88,365.32
7446,2409.91,2195.95,830.35,472.34,454.5,802.79,389.59,536.32,326.66
8904,3028.28,2367.31,1106.7,467.17,505.27,1276.38,490.12,654.2,386.57
2226,755.61,663.63,273.62,155.73,122.23,265.74,120.59,136.48,100.07
6143,2076.33,1785.28,721.35,317.02,315.88,620.22,399.3,480.01,275.71
9185,2915.78,2680.72,1294.0,595.51,618.09,1058.77,559.94,513.41,434.95
4959,1600.23,1243.51,522.99,301.64,308.49,690.53,332.26,175.01,217.98
7558,2492.24,2250.11,912.75,390.89,526.46,1080.55,451.92,450.54,353.5
3830,1335.51,1106.5,464.97,193.55,256.64,491.75,250.46,285.53,187.31
5779,1828.34,1666.65,713.34,330.87,389.46,662.88,326.33,240.01,257.5
2186,756.7,555.41,312.75,144.37,135.44,276.29,135.63,78.46,99.54
8488,2660.72,2220.7,941.39,431.39,438.14,1203.76,532.94,661.98,397.0
8367,2923.88,2494.31,879.76,536.22,571.2,968.91,545.41,552.16,376.02
4877,1626.54,1341.34,638.35,307.78,255.35,581.69,321.83,112.11,203.04
4535,1465.6,1223.96,492.92,250.83,273.66,575.88,251.83,243.4,194.71
3932,1300.19,1148.13,407.93,202.69,263.98,567.61,226.88,133.95,158.39
4924,1544.3,1252.5,597.44,336.34,292.72,635.73,266.6,183.22,230.62
2848,893.44,771.37,316.08,159.51,151.84,314.36,185.0,71.93,121.88
4032,1232.49,1083.74,476.02,210.58,231.69,421.16,223.43,136.52,194.49
3252,994.14,869.89,367.43,206.93,226.88,340.65,188.03,163.62,151.41
7509,2383.23,1992.77,785.68,407.99,525.59,1107.67,496.05,185.58,355.64
7074,2392.02,1842.8,905.59,420.99,454.27,998.29,401.78,519.1,345.39
7708,2546.71,1993.64,781.21,393.17,522.29,1065.96,430.34,512.77,341.13
7112,2170.08,2005.73,1054.84,496.84,361.89,887.71,448.22,304.98,297.89
8331,2854.3,2465.72,975.28,491.13,462.53,1113.25,579.07,231.72,411.18
3881,1281.0,1068.99,523.0,271.6,222.69,412.81,198.91,309.08,193.89
2269,789.71,601.06,318.84,130.95,113.99,297.34,151.33,122.07,95.71
3630,1210.64,936.39,413.66,206.75,208.87,510.16,190.33,164.72,172.1
6405,1977.6,1867.1,880.28,437.41,332.17,660.4,364.43,204.44,260.83
5203,1684.15,1553.48,736.85,294.43,313.99,597.34,303.51,167.5,209.55
8139,2705.61,2176.84,912.1,477.27,407.67,858.78,523.95,551.6,380.51
3574,1077.25,945.49,534.76,184.28,198.03,403.9,244.93,182.96,152.08
7191,2162.66,2014.02,726.54,496.96,484.14,996.86,374.22,568.38,350.05
9960,3052.44,2876.11,1104.07,514.96,540.44,1161.36,646.37,768.77,449.5
4892,1529.16,1334.39,679.99,320.05,250.94,657.9,276.13,158.55,233.94
3695,1187.86,1040.16,405.37,224.55,203.21,512.37,251.4,295.46,151.62
5258,1705.55,1502.88,709.37,269.36,349.93,740.49,292.16,416.41,256.3
8629,2648.25,2571.7,1232.02,431.74,532.79,1239.72,551.2,586.4,361.55
5262,1755.77,1358.92,778.57,361.56,324.78,683.44,280.44,228.66,240.38
3445,1136.18,1033.05,426.19,223.39,172.29,392.84,238.25,115.23,158.8
8263,2600.56,2227.77,1227.51,526.59,491.18,888.5,413.86,216.4,335.97
2219,667.22,634.99,267.57,130.41,122.74,277.79,121.28,51.3,110.45
2052,623.57,571.73,227.58,112.39,116.4,215.82,130.34,142.1,88.28
3757,1200.68,1030.67,472.24,238.93,232.84,546.78,251.98,288.29,177.11
7570,2329.28,2156.72,1002.96,470.6,510.88,924.48,528.92,502.3,350.62
9579,3054.18,2584.3,1177.24,618.1,513.75,1376.02,512.14,627.83,386.33
3666,1214.95,939.62,470.53,210.12,239.63,496.61,205.82,164.64,178.25
7356,2408.07,2018.81,888.76,513.0,374.99,1050.88,499.01,430.11,316.63
8901,2773.18,2457.53,1123.65,456.98,503.21,1283.51,450.84,536.49,378.21
4785,1517.76,1244.56,706.41,246.88,260.2,491.25,309.43,169.56,194.2
2719,899.18,806.95,339.85,185.81,185.74,370.5,158.96,174.89,115.57
2405,825.02,628.6,270.94,151.4,128.81,267.74,153.38,69.18,111.11
8751,2954.87,2366.81,1207.09,494.66,538.82,1307.97,529.42,329.1,367.62
9164,3002.77,2361.99,1071.08,597.85,488.4,1273.06,573.14,507.53,409.31
8565,2724.65,2370.7,1206.04,505.81,509.36,858.11,542.45,448.59,411.09
8855,2818.13,2349.96,910.67,446.49,515.96,1296.11,554.54,551.44,438.78
4294,1477.01,1178.55,500.72,270.62,218.25,492.16,271.77,236.06,201.84
2071,625.36,541.01,216.87,113.62,137.76,250.24,127.09,47.58,86.89
7949,2777.37,2008.62,828.81,415.79,521.47,1038.25,510.95,625.29,348.42
8328,2775.05,2406.47,1106.95,453.92,462.68,1214.35,545.65,548.06,379.26
4053,1353.93,1143.17,483.39,241.25,252.42,593.22,266.52,295.16,197.44
3229,974.83,862.26,463.6,164.67,184.87,413.87,216.57,220.33,146.85
3567,1178.1,900.22,448.8,241.35,233.23,413.19,200.92,116.8,160.2
5682,1842.33,1666.41,652.11,347.73,362.79,647.52,368.85,431.62,242.04
4953,1512.1,1280.3,673.83,276.67,256.61,585.54,341.43,391.51,222.87
6482,2034.67,1922.15,850.44,413.16,433.54,706.7,371.74,160.24,279.94
7887,2717.2,2160.48,1104.02,521.21,422.65,1052.85,517.02,232.71,360.0
2698,883.59,720.42,356.62,168.03,144.29,341.0,150.63,214.27,129.74
9243,2963.96,2653.55,1001.49,499.58,597.79,1281.76,494.61,347.61,457.13
7296,2215.31,2143.87,974.13,380.89,391.54,763.93,429.94,504.8,350.91
2826,948.71,758.88,337.93,189.9,148.22,339.11,186.89,69.09,136.45
7918,2653.66,2140.77,975.16,433.07,449.04,886.76,444.54,506.33,345.07
2348,776.49,637.85,342.99,118.34,156.79,297.63,131.25,145.77,110.25
7374,2400.33,2183.56,870.12,463.52,394.78,910.04,409.65,562.33,323.58
5908,1900.54,1681.58,771.57,313.46,335.46,723.6,321.17,376.48,237.75
9869,3253.45,2589.45,1166.26,689.05,549.95,1142.66,614.07,221.89,482.06
2307,719.02,598.09,241.63,155.48,131.78,314.54,126.58,108.49,93.49
5416,1879.69,1416.38,664.41,336.71,348.17,672.01,372.07,221.37,222.9
7246,2387.12,1906.99,940.92,483.14,421.06,797.87,412.43,393.05,291.17
8056,2542.15,2106.72,969.74,478.61,525.18,1026.11,490.19,368.15,327.66
4334,1397.65,1226.2,518.06,285.05,272.21,562.7,252.17,159.71,175.92
6861,2334.69,1755.02,967.53,431.77,392.6,693.43,475.15,409.35,320.91
6820,2101.11,1837.09,692.12,344.91,399.96,751.49,398.84,263.72,331.01
4809,1513.11,1352.54,551.97,331.7,308.12,539.19,294.67,341.63,230.67
7715,2576.62,2040.95,1084.64,518.59,468.26,867.19,503.55,303.81,356.92
5558,1755.07,1407.64,811.62,383.88,374.42,622.18,296.94,283.01,266.01
6478,2200.09,1646.0,781.34,418.66,444.8,735.78,328.13,450.62,288.7
5477,1678.82,1403.75,791.1,318.99,352.47,619.65,323.68,379.96,268.72
8531,2884.62,2489.28,937.95,461.87,595.33,1230.2,520.5,470.62,380.47
6620,2008.62,1872.75,735.29,354.83,409.98,767.8,369.01,283.3,266.67
9724,2923.32,2462.37,1383.82,514.38,493.95,1142.45,576.15,520.0,457.27
4686,1616.25,1263.13,680.23,254.98,281.61,530.97,291.95,332.62,226.37
4985,1640.4,1315.69,554.03,304.15,272.18,739.67,346.29,165.14,210.6
9793,3110.17,2731.29,1008.35,623.57,555.01,1241.5,607.51,267.83,422.85
2275,708.96,628.22,237.77,128.04,136.05,296.95,134.17,124.95,106.81
4547,1504.35,1246.13,514.12,277.25,254.18,621.91,229.4,247.55,207.97
4764,1550.44,1265.92,657.78,270.71,267.7,555.89,267.79,179.07,232.96
2336,816.62,600.1,293.17,149.34,135.58,346.75,133.55,107.61,104.6
3973,1387.22,1140.72,487.8,277.2,221.41,427.56,236.55,100.56,185.64
4979,1651.79,1463.79,643.32,317.56,265.83,611.87,326.84,138.64,212.68
6576,2118.42,1954.44,950.31,336.56,429.49,705.42,430.84,458.35,324.16
5968,1936.96,1509.49,623.78,355.36,345.57,832.65,399.29,285.68,260.79
2910,972.3,835.16,392.08,190.34,193.91,306.61,162.38,75.63,132.1
3996,1219.09,1144.16,584.77,243.14,270.35,510.27,227.49,310.54,184.47
9440,2986.98,2807.04,1044.7,651.56,613.78,993.47,500.37,307.71,401.6
5129,1558.0,1347.11,727.75,262.07,297.14,628.99,344.4,200.11,221.41
7447,2261.42,2138.1,1004.61,415.71,479.78,849.07,469.49,583.49,335.3
8129,2518.3,2054.45,818.78,442.33,431.69,1180.04,419.06,250.81,347.18
7850,2545.46,2210.26,875.91,513.02,496.3,805.84,440.17,613.27,324.22
6204,2104.64,1659.83,808.33,375.19,360.58,822.01,329.15,392.93,300.06
9446,3063.1,2724.66,1181.88,498.44,596.16,1272.97,655.41,430.88,408.51
5757,1823.67,1687.75,727.67,320.73,374.76,831.59,325.22,320.64,254.23
2327,707.68,624.2,259.69,140.67,142.54,334.82,139.46,117.45,105.81
3799,1244.23,1049.59,508.12,265.64,238.77,565.49,214.1,259.41,183.96
2314,725.59,592.08,262.22,132.56,125.58,260.78,137.65,55.01,95.81
5545,1833.99,1501.84,662.47,294.64,342.98,630.7,388.0,381.52,256.51
3134,1093.33,840.04,371.21,187.86,185.56,375.66,174.71,245.2,136.36
4746,1450.21,1229.96,634.07,266.74,277.93,602.17,264.13,217.25,231.11
6876,2135.73,2026.52,718.63,421.63,400.23,813.82,394.87,216.48,320.5
9396,3041.06,2418.57,1036.16,557.5,528.23,1287.39,501.62,249.26,389.48
3520,1226.48,991.89,387.29,224.54,197.5,353.5,228.03,143.63,151.25
2155,729.66,634.66,227.18,147.16,137.91,217.4,124.1,59.99,86.98
7592,2618.57,2244.18,838.0,410.05,464.3,1031.02,467.8,256.48,362.18
3724,1179.34,1078.7,485.43,247.36,188.43,536.84,235.45,220.71,164.33
5343,1867.92,1382.81,729.9,368.59,272.34,741.75,270.94,240.15,216.32
2886,880.64,839.46,383.88,165.86,177.21,305.5,181.47,213.74,115.83
5073,1535.34,1338.4,627.83,265.18,339.51,744.46,307.7,242.66,251.39
4805,1647.06,1422.86,493.1,319.24,244.48,605.89,248.21,140.53,233.15
2721,942.45,776.72,402.57,174.2,163.65,373.09,142.82,77.05,117.94
9678,2947.23,2799.49,1049.13,525.07,648.65,1065.09,569.22,596.04,437.12
2912,890.12,740.38,388.52,171.53,145.86,371.1,165.77,169.0,133.25
5357,1615.99,1495.34,780.22,329.78,297.4,624.11,314.72,334.66,241.88
2870,876.0,835.33,387.13,153.25,196.3,426.88,179.98,115.73,123.64
6108,1896.36,1790.13,677.39,392.73,315.35,755.62,324.26,457.5,268.18
8751,3049.76,2200.28,1013.28,558.29,543.79,1205.7,553.49,234.75,365.89
2497,832.48,741.5,253.47,169.15,150.19,325.01,165.71,54.86,100.71
3756,1273.01,947.14,490.68,230.41,199.19,393.31,188.02,242.37,156.05
8381,2839.54,2352.76,1094.97,515.32,426.17,1065.61,480.81,508.09,336.33
3117,1018.49,887.31,424.77,194.46,187.18,395.89,173.0,154.65,138.18
5409,1838.38,1381.28,543.87,300.07,349.98,734.46,317.18,122.36,252.11
4828,1592.23,1218.59,680.23,314.65,258.51,560.51,300.81,129.64,201.86
7290,2301.65,2108.6,998.26,461.09,465.29,1042.71,391.85,231.22,330.52
8100,2657.25,2180.79,867.06,540.94,493.51,1062.15,426.72,472.42,350.32
8749,2858.08,2234.11,1026.97,571.94,500.07,892.11,564.98,523.04,360.46
8804,3003.68,2536.73,1161.48,552.64,557.19,1191.55,560.95,533.65,363.39
3647,1273.12,1066.59,455.11,194.09,196.35,530.09,215.96,248.66,168.42
7686,2463.76,2147.23,812.83,525.59,454.54,1031.13,461.36,165.15,316.49
8992,3040.82,2320.49,938.47,515.64,548.39,1070.05,498.13,526.89,409.43
4983,1519.76,1249.54,693.0,345.25,294.86,645.46,281.96,174.87,208.82
7586,2570.45,2162.31,817.76,440.27,439.61,823.61,427.86,411.63,369.14
8771,2794.18,2434.01,952.57,464.15,568.52,1140.78,565.96,563.73,355.22
2142,646.82,605.2,303.19,145.01,135.21,267.86,130.9,135.38,93.97
7320,2328.95,2127.63,956.04,482.4,459.62,741.57,472.8,272.85,348.54
9347,3089.48,2539.69,1217.31,614.34,634.06,1085.14,577.78,386.2,443.9
4761,1456.69,1219.89,590.21,246.56,332.65,521.63,290.01,357.26,197.33
5435,1881.61,1614.19,698.12,367.33,333.41,649.66,306.6,385.52,228.09
8622,2620.08,2390.56,1121.62,533.94,491.16,966.45,499.29,305.39,391.98
6660,2307.69,1869.89,988.29,395.65,436.75,943.8,451.2,367.78,311.97
8614,2888.76,2555.52,957.43,588.02,455.18,1161.89,529.92,227.72,409.36
4431,1402.35,1314.14,490.64,280.57,267.0,607.07,268.03,262.46,204.74
7811,2495.91,2176.18,803.45,411.33,472.49,922.04,398.85,447.42,373.61
9069,3056.62,2402.2,1205.36,547.68,631.83,908.46,575.14,324.99,402.65
6512,2149.44,1952.66,829.97,408.51,454.67,722.56,414.95,295.06,296.99
3848,1283.62,1092.99,406.2,261.55,253.91,530.12,245.55,257.58,170.59
8451,2699.74,2285.33,999.14,469.86,502.5,1099.83,437.97,298.54,402.35
4696,1523.34,1305.45,511.55,309.39,286.2,596.06,263.02,310.41,196.05
3717,1299.07,1006.53,433.31,245.31,209.62,423.83,213.45,144.9,158.06
7486,2325.87,2203.99,1104.66,393.47,498.54,776.95,498.04,526.82,362.09
5072,1627.57,1390.36,680.49,255.35,329.33,706.24,353.08,110.72,239.11
3067,964.85,893.04,307.86,189.01,200.67,312.63,178.79,108.84,145.23
4786,1618.89,1397.55,539.03,314.87,252.57,492.75,292.36,146.73,196.18
7962,2692.75,2318.67,800.32,486.39,461.58,913.61,399.27,584.68,357.05
7217,2270.63,2064.85,979.66,478.25,438.41,928.44,362.12,329.9,329.41
5791,1760.87,1695.28,715.02,361.63,303.99,866.4,298.18,305.39,276.81
3288,988.28,885.66,492.22,207.36,188.64,343.7,211.71,113.52,145.4
5871,1886.78,1501.41,802.44,296.86,303.82,726.0,314.47,162.63,266.59
3806,1219.89,1111.82,479.16,197.04,263.29,495.11,247.99,212.73,161.31
8283,2894.24,2277.07,1161.57,534.26,538.6,1169.19,485.69,306.45,400.24
3504,1133.51,898.32,473.88,228.66,218.7,471.22,234.77,265.36,172.18
5308,1660.45,1357.6,595.5,322.96,287.15,745.17,357.79,257.87,236.96
9117,3141.37,2351.84,1153.42,563.46,516.77,1149.87,616.28,257.92,404.54
7112,2308.22,2045.05,908.91,442.99,376.15,865.52,432.91,152.39,307.83
7048,2325.55,2012.51,863.81,367.2,427.97,922.84,463.55,239.19,300.73
4951,1508.98,1288.21,539.46,313.69,328.8,718.11,313.09,194.06,225.44
2071,660.95,605.45,230.23,123.37,104.34,264.14,111.28,67.14,86.34
3690,1281.21,974.4,420.85,228.97,192.12,480.73,212.66,154.74,169.35
9357,3082.9,2710.25,940.5,573.24,510.77,1093.82,647.95,680.61,426.8
7387,2343.34,2027.29,1077.37,482.08,474.85,958.88,483.49,168.99,346.75
3344,1107.81,958.31,449.12,188.51,226.99,439.36,184.79,227.64,141.31
8250,2850.54,2219.82,1109.47,474.13,536.75,1135.79,458.86,375.77,387.91
5303,1663.55,1417.79,682.05,306.68,320.83,682.01,292.11,394.46,213.02
5113,1663.03,1493.34,687.52,333.62,266.4,561.8,289.27,306.9,231.85
9869,3433.77,2484.67,1471.4,578.54,642.45,1274.05,676.68,295.03,478.06
2882,889.44,860.96,343.7,154.31,150.19,331.12,169.09,223.56,136.26
6234,2094.52,1760.54,845.49,434.27,355.05,650.62,357.11,182.55,302.4
4662,1541.84,1266.31,550.01,279.1,261.82,658.61,255.4,187.31,193.4
9850,3289.74,2771.82,1405.74,514.02,563.27,1017.54,668.3,775.47,464.81
9006,2859.95,2306.77,1286.97,571.03,509.65,1185.06,622.74,294.59,402.48
8416,2656.88,2320.31,1221.27,545.22,550.27,1257.56,475.26,487.04,363.84
3504,1171.07,1048.59,351.36,210.26,187.23,365.75,218.42,275.59,152.63
4463,1387.0,1168.25,512.84,280.85,298.65,495.42,308.7,273.74,183.07
4553,1461.43,1302.68,485.79,243.37,305.8,628.5,273.13,272.11,213.85
2732,845.3,742.42,335.21,156.7,163.42,286.44,162.21,156.52,126.54
3748,1125.96,1059.27,467.65,199.53,195.36,530.85,226.96,199.87,155.64
5924,2064.53,1541.69,668.2,342.08,364.37,592.48,300.13,455.85,269.2
2423,779.2,662.75,329.95,148.42,160.93,350.12,135.69,127.51,100.06
5478,1908.9,1637.95,621.69,322.38,305.61,566.1,350.48,327.57,236.29
3591,1102.5,932.81,512.42,222.15,239.72,524.64,248.98,231.01,145.22
6485,2135.95,1827.62,706.11,389.33,412.05,928.83,398.02,335.03,299.68
6437,1995.78,1794.51,761.89,362.77,448.95,817.36,346.37,471.6,258.28
7041,2390.45,1959.18,923.16,372.25,468.19,977.98,412.15,150.45,300.0
6709,2275.59,1883.59,873.96,369.35,362.49,696.02,401.2,293.29,286.25
2492,761.63,685.58,258.92,134.6,146.98,266.04,132.19,142.04,118.33
2191,757.22,549.6,311.81,140.55,114.09,259.56,123.98,46.31,97.51
2498,773.71,736.92,324.5,165.87,128.38,316.93,147.14,190.38,114.24
6917,2287.1,2015.26,992.54,445.51,443.53,991.97,382.08,481.3,293.91
7831,2735.22,2025.95,1122.82,492.37,534.53,995.59,446.98,259.54,356.12
3256,1120.45,881.28,414.48,182.85,226.2,433.9,180.79,129.94,135.1
3968,1380.18,1144.88,577.5,254.82,219.86,531.69,247.03,240.58,198.1
6322,2004.9,1890.3,900.38,392.61,341.61,909.6,389.26,255.79,285.56
7490,2286.54,2228.7,1107.82,381.52,458.42,1039.89,457.14,534.83,365.47
4186,1295.22,1234.74,596.61,285.29,226.12,623.09,217.4,146.13,171.86
8999,2924.9,2321.01,1269.4,464.34,503.21,908.9,482.99,621.81,413.09
2816,956.49,832.76,347.69,169.11,187.95,310.86,147.04,134.82,131.54
5220,1605.19,1534.27,577.34,314.56,345.61,764.85,267.61,246.4,249.98
9282,3090.78,2495.44,1350.86,619.48,630.26,1295.87,509.92,279.45,416.38
3473,1098.09,936.76,472.77,237.07,207.15,393.73,187.16,274.37,140.17
3086,978.45,842.46,352.07,212.3,189.12,458.93,199.05,125.57,131.5
6199,2064.86,1753.13,725.59,380.58,405.49,889.52,396.23,200.09,265.36
3874,1252.66,1019.02,520.29,246.31,212.24,399.92,209.3,85.02,167.3
2870,977.53,720.79,355.57,148.58,190.75,403.42,153.0,142.38,117.45
6763,2081.62,1738.51,703.85,404.15,340.52,941.57,357.75,148.35,270.56
4042,1372.25,1099.45,432.79,274.68,266.58,448.9,227.97,191.27,182.69
2272,688.9,600.04,311.91,134.31,148.86,303.23,126.97,168.49,107.62
3029,938.09,873.04,352.66,155.67,169.73,449.84,153.18,151.08,128.13
5218,1736.59,1332.34,654.25,281.84,336.86,698.13,320.16,117.92,244.92
8327,2854.05,2463.74,1151.88,487.88,451.99,1171.51,565.91,298.62,393.96
6069,1897.38,1788.94,834.84,332.28,373.39,637.06,368.86,139.13,267.72
3051,965.21,901.38,330.58,176.49,195.3,416.07,156.44,222.49,138.06
6033,1971.92,1731.35,632.98,341.83,387.89,665.06,373.99,207.57,260.26
3573,1109.7,912.37,462.91,201.44,248.89,370.14,213.3,85.41,156.33
5190,1767.5,1411.2,711.45,268.96,278.39,662.26,353.64,404.16,238.17
6388,2163.5,1638.97,686.4,432.18,380.83,878.55,365.8,314.47,278.64
9538,2930.69,2855.53,1131.19,609.04,644.79,1214.54,620.35,422.9,429.31
9411,3041.56,2509.46,1350.61,587.88,576.24,1379.46,477.79,711.7,446.44
9747,3301.71,2722.01,1434.87,605.58,658.19,1313.73,628.0,505.38,483.9
5797,1836.87,1675.16,711.31,335.82,340.17,613.78,294.66,213.84,283.53
5289,1754.13,1565.71,549.93,351.54,348.58,776.03,300.91,357.1,259.93
8320,2516.89,2394.31,939.2,570.76,560.78,895.6,573.76,302.07,408.61
9466,3127.89,2685.74,1056.86,474.36,633.55,1305.48,606.43,440.83,401.5
5747,1767.96,1570.65,643.37,296.45,387.5,617.38,393.67,391.89,284.27
4105,1401.98,1150.51,511.87,260.67,223.28,615.46,245.96,311.51,173.33
7388,2347.7,1881.78,954.24,404.28,434.26,861.51,458.97,416.34,359.37
2307,724.58,678.71,244.83,157.42,123.4,287.91,139.24,116.02,105.69
9737,3330.49,2698.99,1406.68,616.82,522.01,1200.98,580.1,239.24,471.14
5359,1621.14,1350.5,702.02,307.42,320.24,563.2,329.92,305.58,267.0
7072,2261.84,2093.28,918.39,412.34,489.39,881.88,359.1,280.02,344.81
5176,1648.56,1420.63,773.11,330.32,320.07,556.29,278.02,263.3,249.3
3251,1021.59,953.94,427.2,171.72,218.07,455.46,176.5,210.26,136.75
7366,2545.6,2157.09,1078.74,498.44,506.37,1089.55,424.7,430.26,357.98
4747,1602.33,1380.37,542.64,237.8,245.57,666.49,278.61,122.55,197.75
3517,1066.34,890.05,393.93,244.71,187.25,427.5,227.88,154.17,158.71
8226,2761.75,2158.12,1035.04,438.88,459.15,823.58,438.53,262.98,370.36
7305,2384.1,2146.04,916.27,473.67,455.36,743.88,448.51,212.34,330.09
8395,2896.64,2476.1,934.57,426.45,430.11,1047.29,465.47,278.89,396.51
3378,1066.26,921.87,455.97,198.05,222.05,452.57,203.74,254.16,148.5
7869,2586.6,2140.38,798.56,492.65,403.49,1109.34,492.07,493.78,350.69
7815,2540.17,2022.19,1051.36,401.73,415.51,1015.77,481.79,582.11,364.1
8138,2640.6,2428.55,999.83,479.05,469.03,1211.88,441.96,410.05,381.05
6891,2224.45,1796.19,926.5,386.33,421.41,859.23,442.33,138.28,305.79
6992,2169.49,1814.75,865.99,419.27,472.87,908.97,441.03,154.28,283.33
3961,1337.97,1121.11,589.66,238.02,274.4,441.67,271.88,113.61,168.7
6305,2033.78,1652.81,736.01,414.27,426.8,737.58,395.22,421.45,311.72
4863,1691.96,1444.01,725.21,255.16,253.56,652.4,313.21,156.1,239.62
9975,3122.58,2499.19,1029.91,515.25,624.68,1297.57,660.55,260.31,463.8
4656,1555.74,1165.34,624.78,270.22,273.93,551.65,242.67,333.65,194.86
4494,1559.58,1236.95,551.46,304.47,236.01,474.56,287.29,151.5,184.06
8603,2866.29,2360.69,1213.94,577.31,525.66,1007.68,484.96,431.4,425.81
7063,2426.59,1823.44,985.15,432.25,403.53,721.89,469.43,285.12,344.19
6567,2241.8,1804.13,919.45,445.08,373.77,847.39,391.42,484.6,288.81
9887,3144.12,2675.25,1035.53,653.6,513.03,1148.38,609.16,615.81,457.73
8513,2809.34,2507.22,1201.34,472.97,592.31,1012.98,469.98,402.11,418.34
9043,2783.55,2264.93,1001.08,482.92,583.45,1164.33,569.81,649.14,374.21
6005,1962.29,1794.38,608.21,336.42,333.92,775.03,304.53,381.94,278.41
5563,1732.99,1564.42,616.86,303.42,380.23,719.95,361.44,381.25,273.67
2922,985.26,752.68,362.22,182.49,201.51,364.02,155.64,229.83,141.32
6232,2034.14,1572.57,854.44,384.5,412.61,775.3,339.96,200.6,267.17
6462,2071.47,1789.36,716.84,400.44,408.31,911.54,323.22,207.75,320.0
4959,1554.35,1297.99,523.92,266.73,285.28,611.83,279.01,264.76,208.43
2183,763.91,578.62,288.81,143.72,128.11,276.81,126.1,113.42,91.87
9755,2961.48,2558.31,1455.4,572.35,576.52,1457.51,533.4,703.8,399.62
5358,1619.07,1513.68,696.77,318.53,369.57,584.3,292.57,157.28,220.65
8615,2678.08,2392.18,1159.17,602.53,561.72,1174.41,584.61,392.0,410.22
3398,1184.39,862.75,435.14,189.08,189.75,420.19,192.09,175.59,145.29
8797,3069.82,2430.84,1223.82,509.19,549.75,1245.01,566.93,420.92,428.34
4796,1595.85,1388.73,713.6,304.69,296.77,576.49,262.57,115.23,232.97
2536,872.4,644.3,322.6,171.45,167.99,292.02,167.83,73.22,104.39
9678,3006.94,2850.04,1169.48,508.44,502.35,1068.35,615.08,282.73,438.64
8945,3118.25,2494.9,1279.29,578.75,572.71,1284.61,582.53,498.79,423.94
7698,2364.36,2290.4,1143.05,526.28,435.89,1046.28,452.57,352.04,360.47
3273,998.45,842.49,348.44,191.33,172.14,339.88,221.23,100.45,134.31
4967,1517.97,1488.5,640.29,276.83,321.04,673.9,285.5,318.88,214.66
8653,2843.86,2441.99,1208.16,549.94,490.04,880.45,536.64,589.94,399.07
8773,2974.47,2442.18,1111.25,481.83,566.76,956.97,550.96,286.07,402.18
5049,1607.27,1392.33,608.2,291.26,268.85,654.55,348.61,319.93,243.06
3096,1080.18,777.66,411.03,210.34,215.85,381.35,163.13,73.74,125.58
3305,1063.29,981.53,375.14,204.27,218.36,469.39,174.21,235.83,148.08
2915,896.43,822.61,342.39,151.29,162.61,380.1,172.69,226.68,141.35
9527,3080.06,2425.4,1425.37,539.17,617.45,1412.37,651.24,279.64,475.75
5081,1696.81,1275.57,669.79,317.79,267.85,725.36,256.25,341.29,209.77
9378,3203.63,2368.31,1347.12,559.21,591.46,1097.33,520.72,242.31,435.69
6247,2017.4,1752.09,877.01,394.85,319.8,885.25,347.78,485.24,249.96
3028,998.27,849.96,401.55,197.51,171.59,434.51,169.87,142.69,131.7
7314,2291.97,2011.23,1038.85,436.0,508.83,1086.03,369.31,381.18,325.09
3977,1321.54,1055.25,454.8,277.35,208.47,400.2,264.52,261.82,172.84
5354,1870.14,1480.85,705.96,365.64,331.67,769.57,268.65,187.0,247.6
4511,1364.36,1244.2,584.31,230.95,231.92,466.86,268.65,198.18,181.13
9280,3195.35,2329.01,1216.8,513.45,588.24,1173.05,474.46,224.58,455.49
2270,744.82,599.56,246.14,127.14,126.15,274.06,149.76,129.11,98.03
3186,995.96,804.97,362.76,171.04,179.05,465.14,206.87,216.52,132.23
6555,2279.47,1933.78,749.45,368.66,372.04,788.29,422.34,466.13,290.6
6200,2009.84,1774.82,806.6,362.68,335.44,804.77,401.3,323.52,279.87
5764,1824.79,1728.08,856.69,294.14,396.75,775.8,396.59,380.13,233.56
9723,3005.14,2577.65,1436.12,510.9,662.3,981.55,567.2,281.91,466.61
9449,2950.19,2777.29,1052.24,490.64,636.87,1224.09,635.27,610.45,447.64
7806,2666.86,2186.87,899.58,397.53,406.92,982.77,419.06,158.25,352.19
8305,2746.63,2264.41,845.47,495.23,454.03,1077.16,490.21,263.19,347.64
4398,1520.22,1148.44,527.5,249.26,273.75,456.46,220.68,255.43,216.67
6529,2034.43,1873.3,925.38,448.6,453.16,671.04,363.55,256.15,313.01
8995,2752.98,2655.39,1311.36,468.24,558.56,979.35,532.17,401.51,380.82
6235,1872.4,1632.11,697.23,427.23,352.54,894.57,425.14,433.73,295.29
7590,2469.73,1964.06,859.87,392.64,503.58,894.28,427.61,411.88,311.29
9299,3253.86,2648.46,1032.58,580.11,490.14,1131.7,590.0,408.58,382.97
6182,2069.41,1847.48,726.42,339.73,418.12,738.8,412.21,296.4,274.76
3711,1170.52,1066.9,520.42,246.92,257.89,503.65,209.79,263.13,174.48
4230,1454.46,1117.69,559.81,216.7,293.36,477.88,225.82,207.84,208.0
8511,2885.96,2306.46,1185.56,587.69,450.69,880.2,526.18,617.23,423.08
2128,640.04,572.89,274.83,108.41,129.79,253.04,118.5,74.11,99.84
3269,1114.22,956.52,369.03,179.21,201.69,445.86,206.11,170.07,156.36
5672,1786.83,1636.76,631.86,336.26,305.71,826.68,298.88,239.03,255.83
3601,1107.25,1006.3,361.72,234.5,219.43,369.25,190.97,199.78,146.05
6765,2106.06,1784.25,940.67,466.94,425.73,950.65,429.7,368.9,279.08
5970,1930.87,1772.49,849.87,349.61,337.78,616.75,414.74,324.04,296.76
9545,3066.27,2698.04,1321.16,621.82,537.51,1112.31,524.38,493.16,419.31
6244,1963.39,1863.98,647.63,403.01,319.72,631.36,401.35,295.13,297.96
7080,2184.97,1975.36,977.83,434.88,489.49,1030.69,429.34,528.33,298.81
6947,2348.86,2021.99,710.6,443.35,459.0,940.2,464.59,250.63,314.9
7552,2639.47,2195.03,795.07,383.35,492.31,894.59,436.34,347.67,313.61
2627,890.26,701.06,320.56,154.55,132.49,312.28,182.4,85.83,126.33
5797,1824.88,1728.67,717.71,380.96,362.23,765.16,299.4,231.5,241.62
7588,2369.28,1905.32,1068.44,451.37,406.81,792.81,528.83,265.12,357.09
8589,2670.18,2477.37,1150.72,579.5,543.12,921.19,574.82,516.91,356.52
4044,1240.84,1206.24,435.4,269.62,252.44,575.71,272.28,252.58,194.87
5552,1818.65,1482.08,617.98,373.48,372.2,611.36,371.14,203.23,250.0
6979,2304.95,1970.91,797.59,367.09,384.6,951.47,469.25,551.46,307.94
4341,1455.43,1207.28,460.94,238.25,219.43,483.11,287.82,160.85,188.26
7884,2633.34,2271.19,901.79,398.87,538.34,823.15,536.04,549.54,369.58
5214,1640.41,1529.31,711.35,363.19,355.45,756.04,308.75,195.82,213.15
2249,711.84,630.06,252.05,123.07,132.95,326.29,154.7,100.74,109.22
4925,1645.32,1432.17,698.21,282.41,253.94,641.56,284.17,294.92,234.49
7043,2235.96,1870.72,869.64,390.88,422.29,867.01,454.77,376.52,307.99
2974,923.82,777.49,345.42,151.07,179.87,379.6,190.95,149.81,148.03
3325,1059.73,902.85,401.06,183.62,220.89,400.35,220.84,224.95,160.67
9192,2882.65,2609.49,1245.28,477.65,591.43,1267.2,595.34,574.16,392.57
8932,2719.04,2316.62,1124.0,517.03,459.25,1230.19,452.92,668.56,436.57
2983,1018.72,847.22,299.39,206.83,191.23,420.45,193.25,100.98,122.27
2888,989.59,778.91,421.98,184.73,152.24,364.31,145.75,60.59,135.43
4937,1535.35,1430.64,509.99,316.65,255.68,691.51,299.5,394.92,203.96
4117,1248.43,1036.83,604.92,243.16,238.67,443.75,274.93,152.35,204.86
4672,1574.19,1324.04,473.78,309.41,240.83,474.24,311.12,105.48,189.2
6970,2164.72,1968.96,965.69,475.11,464.1,922.85,465.78,242.84,295.02
9279,2966.23,2756.3,1175.96,642.39,549.9,976.84,575.75,557.92,420.35
9531,2889.86,2722.71,1194.1,495.42,588.44,1215.52,511.59,526.94,436.9
3326,1035.43,963.93,344.7,224.81,204.67,452.52,200.09,107.77,150.1
2470,838.92,729.22,276.49,134.62,171.82,297.28,149.0,77.0,117.08
3987,1356.46,1131.32,553.7,231.03,272.37,407.45,225.25,186.04,159.54
2090,648.64,552.82,302.14,118.94,139.99,301.71,122.23,43.49,95.38
2529,801.18,742.23,319.81,160.6,145.84,258.37,170.56,50.94,116.71
6756,2072.15,1941.53,794.96,418.59,357.41,981.23,407.78,385.17,284.37
6059,1840.17,1643.33,624.06,316.17,374.67,621.84,388.35,239.43,282.3
6834,2389.23,1951.29,916.5,448.7,401.88,934.6,409.47,146.49,318.05
4773,1588.36,1400.32,543.75,280.62,260.18,698.01,297.59,227.14,216.22
6967,2278.94,2081.62,715.86,348.66,361.96,1012.65,361.25,530.42,296.74
3686,1246.88,1097.02,491.32,214.86,216.45,533.25,252.96,130.1,162.79
2191,749.33,583.39,272.31,132.18,138.07,315.84,128.65,76.82,93.61
3986,1356.58,1080.54,400.98,204.79,249.16,500.32,258.95,191.64,190.12
5623,1691.55,1436.55,593.49,298.15,368.19,719.09,356.17,162.55,259.7
9409,2910.58,2468.71,1269.84,657.42,558.25,1232.45,620.86,548.32,390.59
4185,1392.54,1230.9,431.82,282.17,236.17,605.98,212.17,294.44,191.15
6440,2052.99,1726.19,922.84,339.17,391.38,913.89,442.47,203.96,315.77
9347,3263.26,2626.77,1080.2,575.83,649.62,1300.63,622.46,556.37,451.72
3008,1002.48,852.16,314.14,173.22,153.11,402.43,200.56,220.43,147.13
5783,2011.49,1671.82,797.98,352.04,350.3,757.11,343.18,429.01,284.35
8646,2680.89,2240.52,1091.31,513.66,489.24,1263.38,570.0,459.73,362.11
6298,2161.46,1670.49,726.36,320.96,328.17,690.46,387.35,183.51,297.24
6668,2107.54,1816.48,802.19,375.46,391.37,731.05,400.54,397.08,309.69
6287,2197.17,1686.44,635.43,330.13,394.97,937.54,413.05,402.93,253.58
4052,1247.55,1212.14,539.46,242.23,245.4,517.27,253.48,264.43,193.61
8009,2609.47,2336.6,947.37,545.78,405.12,994.47,412.81,609.17,336.95
5308,1802.82,1454.31,720.31,371.09,326.88,756.55,298.79,302.11,260.99
3716,1195.18,1092.37,488.31,255.98,203.04,529.49,232.03,178.24,179.68
2310,747.06,617.65,306.22,161.04,131.28,251.4,157.26,115.85,110.16
8692,3036.27,2514.52,1213.79,437.25,488.87,944.63,596.79,341.53,408.24
8199,2634.06,2141.45,1078.64,529.56,550.73,1145.92,547.51,192.15,366.5
6538,2158.87,1886.97,790.68,362.59,333.12,910.62,360.15,412.21,313.68
3260,986.89,889.4,389.56,219.44,185.69,362.71,193.86,69.08,157.11
6965,2382.8,1778.69,738.14,461.6,403.25,989.56,408.62,166.09,285.46
5932,1971.85,1564.05,824.38,346.86,370.02,735.58,348.65,237.56,256.92
5268,1686.82,1422.96,727.28,313.26,346.53,650.6,268.65,399.65,227.4
2584,777.29,742.81,290.22,142.9,166.81,385.75,138.17,126.59,106.58
7690,2534.5,1950.56,1100.7,428.92,500.25,968.64,408.07,253.08,382.64
4799,1442.74,1358.01,621.23,334.12,258.42,512.78,299.2,354.28,219.97
7633,2290.36,2181.52,945.99,517.34,520.84,870.22,444.52,414.48,350.34
9616,3181.02,2718.41,970.01,517.7,560.45,1122.03,543.19,405.69,421.42
2359,729.99,679.47,281.04,130.95,118.47,348.95,138.89,148.48,112.49
7819,2420.72,2024.41,1032.37,407.94,495.43,885.13,441.65,363.33,349.95
4866,1618.74,1359.34,508.44,339.54,302.08,591.32,317.02,310.44,230.76
8173,2473.84,2427.85,1005.1,556.94,429.24,1123.64,435.95,270.55,398.68
7898,2493.16,2215.7,1182.11,482.11,546.52,898.04,403.77,229.13,367.8
4011,1233.27,1125.35,544.8,256.13,245.6,541.81,252.75,191.15,185.43
8251,2714.65,2366.57,1050.71,535.98,489.99,910.71,450.6,323.24,394.97
6939,2311.3,1850.36,878.84,375.23,402.2,778.04,436.23,390.73,312.46
6006,2018.36,1711.85,613.74,412.57,325.51,896.8,307.33,404.37,288.99
3625,1133.76,1072.32,536.01,219.44,250.33,429.37,199.16,268.58,148.35
4764,1450.46,1193.6,697.49,247.01,305.1,650.21,252.86,312.67,202.09
2890,878.37,848.23,387.61,167.45,177.31,410.39,161.3,117.06,142.32
8087,2598.41,2110.15,848.74,501.66,506.44,948.95,457.54,514.67,337.32
8078,2805.43,2203.65,891.74,460.9,539.68,952.06,483.9,418.39,359.72
7055,2193.3,2064.42,770.37,451.41,442.45,978.21,426.14,524.64,316.11
7564,2366.3,2202.6,952.9,511.64,395.54,985.97,473.52,472.09,334.14
9036,2756.38,2661.97,997.49,591.3,577.82,1067.04,511.74,262.17,439.77
7557,2495.91,2244.59,1018.61,474.98,463.22,1038.92,458.26,186.55,358.94
2731,912.14,743.81,347.55,164.52,189.33,391.04,190.63,143.73,131.37
5961,1979.93,1685.88,601.36,328.39,385.52,666.15,323.16,249.78,297.53
6701,2298.82,1806.08,919.4,396.02,381.15,678.26,355.52,201.61,333.36
4504,1460.74,1204.98,492.92,251.59,237.4,512.14,301.1,305.64,220.34
2614,801.77,709.91,369.21,179.53,155.91,349.56,152.15,111.16,119.35
5806,1825.81,1667.22,683.67,395.66,369.19,846.3,388.64,146.08,249.73
8841,2945.13,2431.91,1033.79,469.6,473.4,1265.62,517.14,315.94,417.62
8100,2678.31,2354.69,814.79,538.26,510.21,899.98,408.51,490.97,400.89
3719,1214.44,1068.32,555.57,238.23,247.36,535.72,213.83,218.96,185.59
9662,3228.54,2425.39,1261.86,671.55,513.45,1357.86,601.0,345.4,445.73
6769,2246.42,1905.55,819.97,401.17,434.0,925.46,399.04,273.96,318.2
7366,2534.39,2002.29,772.19,474.69,378.36,990.07,435.97,169.34,315.17
8686,2860.31,2369.81,1172.24,524.27,435.68,1219.12,607.73,670.52,364.95
3587,1215.74,1043.53,409.41,184.33,181.69,513.25,218.39,142.15,166.4
9000,2811.92,2496.42,1344.73,458.42,563.67,1268.6,575.45,681.88,380.26
3611,1205.75,1062.65,532.72,189.37,250.85,383.1,232.62,248.56,158.72
2896,999.44,827.21,396.07,161.96,189.48,394.17,144.81,116.16,130.1
7558,2413.17,2098.42,1122.77,417.07,416.36,1073.73,461.41,465.94,372.81
2277,771.8,655.15,239.73,147.02,117.11,248.84,157.71,110.25,113.34
6647,2234.98,1674.5,757.73,427.52,414.33,735.76,432.16,522.45,282.3
3636,1101.62,913.92,409.64,252.44,182.03,506.49,206.56,212.01,150.24
4158,1368.3,1056.83,430.77,233.71,273.81,487.3,238.22,212.66,175.67
4432,1358.45,1204.96,658.65,304.78,243.15,531.77,248.51,258.29,200.28
5904,2056.75,1545.5,608.1,367.57,330.53,701.74,369.61,196.1,282.38
6856,2334.95,2051.4,979.27,410.72,389.97,758.56,356.14,263.16,310.03
5262,1607.47,1458.18,728.3,333.38,343.46,773.2,293.62,330.25,259.58
9657,2955.89,2734.1,1147.19,618.58,534.18,1354.81,579.08,241.65,447.84
8837,2913.77,2332.45,892.01,472.24,492.13,994.4,536.44,337.18,396.22
3449,1094.18,917.74,345.95,224.3,209.77,363.19,214.35,197.19,164.53
6500,1961.34,1734.03,716.3,419.27,385.19,771.1,428.64,518.32,321.99
7454,2438.07,2123.92,929.47,521.41,515.16,900.19,397.04,563.08,322.99
3232,1032.28,884.55,397.2,220.55,178.63,324.35,176.14,226.02,138.17
6117,1866.01,1687.58,790.71,389.61,317.09,883.04,412.57,306.15,257.73
2677,910.44,748.49,371.03,171.99,162.81,381.64,178.35,182.8,121.42
4658,1610.52,1343.56,553.69,321.03,250.09,663.8,309.44,249.37,208.13
4028,1360.78,1025.2,435.1,279.32,234.72,565.09,218.21,191.36,171.08
7327,2499.39,2116.36,1025.8,487.53,393.78,1001.28,374.89,244.81,345.96
8151,2533.53,2267.3,950.69,532.65,551.17,1073.7,492.88,628.08,350.29
8845,2770.07,2507.16,1011.37,461.95,500.18,1309.19,596.16,494.37,420.71
5758,1787.44,1533.8,795.85,383.52,377.13,780.71,315.25,348.48,278.62
7904,2673.55,2137.79,1159.57,435.23,545.16,1039.47,538.14,224.98,384.62
6624,2301.15,1732.56,965.44,405.89,455.8,923.66,349.95,303.72,274.66
4037,1355.79,1206.92,431.44,234.58,244.22,453.41,225.92,314.4,173.83
4649,1599.6,1277.78,581.86,264.58,323.87,689.71,260.18,304.32,210.33
7772,2579.8,2330.08,813.29,436.83,490.56,784.65,412.09,567.11,376.6
2656,848.28,729.04,393.22,178.24,139.63,351.71,179.16,116.21,116.89
2165,695.59,565.04,239.8,141.55,146.72,224.85,126.12,51.93,100.89
6944,2109.35,1912.19,762.95,419.9,412.29,990.67,373.68,285.32,309.32
6591,1987.67,1660.8,952.03,417.14,349.68,977.99,348.96,280.51,265.59
2589,866.73,764.37,384.19,180.43,170.43,311.79,151.24,98.56,111.75
6524,2100.22,1898.01,879.97,378.07,407.67,932.01,328.46,336.65,310.33
4821,1579.41,1380.21,511.27,294.19,326.1,563.03,252.72,152.0,228.05
6258,2051.89,1755.31,777.82,379.68,416.45,675.68,313.36,477.24,305.62
8509,2670.71,2373.94,1198.32,584.73,479.93,968.6,429.6,633.51,390.81
9693,3138.54,2906.31,1246.75,552.8,534.34,1115.59,678.0,346.0,462.01
3262,1055.38,860.84,347.83,227.44,210.97,429.06,192.39,192.75,144.02
2071,661.52,598.49,224.9,116.17,127.3,289.54,133.74,103.69,90.08
5516,1881.14,1539.35,789.93,287.81,283.51,608.2,357.11,193.08,239.39
6750,2177.27,2016.86,852.87,363.34,362.02,704.77,456.36,498.33,280.74
9989,3298.19,2910.7,1351.43,584.6,529.69,1109.6,520.18,338.27,443.29
5580,1923.85,1673.59,662.08,351.51,344.82,640.73,337.67,320.72,268.44
9962,3420.07,2783.54,1261.43,601.07,515.19,1135.58,562.2,399.69,399.69
2268,781.37,590.2,337.6,130.47,122.82,251.74,138.28,157.78,103.76
3776,1183.78,1039.1,439.85,231.24,229.99,465.58,213.88,216.06,157.57
4462,1346.4,1274.15,596.75,297.96,234.97,637.17,239.49,312.14,211.69
3268,1023.06,943.53,354.99,218.23,179.63,343.2,207.38,133.54,135.3
3015,946.52,753.83,319.85,194.54,205.43,431.45,153.07,62.32,125.55
4722,1631.3,1299.74,657.22,326.05,301.94,589.54,320.66,157.24,190.89
3083,1024.98,807.01,438.42,190.54,173.07,410.11,163.17,212.31,136.97
6101,1855.22,1792.14,813.97,305.98,412.1,858.83,380.11,238.01,283.55
9876,3029.65,2544.5,1065.72,551.26,543.24,1137.88,642.77,386.94,423.56
7077,2178.19,2005.08,792.83,400.31,437.23,1045.36,364.17,332.47,286.01
8713,2888.54,2294.16,1268.25,531.03,499.86,907.78,593.06,317.85,429.78
9984,3362.32,2673.99,1142.52,679.89,649.39,1261.81,570.32,683.16,485.27
2406,825.22,714.65,339.11,160.63,138.18,271.25,168.26,94.56,107.38
9384,3256.55,2458.82,1072.56,512.77,515.91,1129.81,482.11,527.73,452.62
8049,2495.88,2050.48,1182.99,486.06,500.28,985.55,517.84,378.8,386.45
8169,2577.23,2070.55,1190.41,516.14,530.22,1190.43,434.71,304.23,372.64
9982,3114.55,2747.35,1019.79,696.25,606.18,1218.59,579.49,358.54,451.87
5076,1613.85,1431.87,703.13,256.98,326.52,684.74,298.79,254.38,236.09
2985,1032.01,795.1,323.79,176.94,174.44,440.55,173.5,97.46,140.96
5603,1842.02,1594.13,620.61,390.88,369.29,698.84,317.98,228.26,270.11
6485,2184.86,1641.04,797.6,450.99,400.13,780.89,423.76,145.02,296.66
2709,879.09,793.38,348.96,153.37,146.08,402.69,179.87,182.64,128.58
4618,1392.06,1343.05,537.03,230.9,313.17,652.91,261.9,104.45,193.29
7567,2294.39,2264.61,974.4,467.15,504.99,1112.26,451.39,547.37,359.14
6849,2238.91,2032.96,743.34,461.2,474.49,820.93,400.22,156.45,277.94
8289,2784.6,2219.88,838.16,468.21,508.78,1117.49,512.84,587.61,386.14
3411,1060.02,920.85,438.52,234.29,216.65,383.67,180.8,200.05,160.74
8928,3000.66,2565.0,1123.77,505.81,600.6,1279.3,590.26,449.59,443.5
7368,2509.05,1891.4,990.87,458.32,376.15,1080.55,485.85,211.44,325.8
6621,2122.66,1759.2,877.22,426.66,451.84,750.78,409.23,234.43,272.39
3485,1175.56,891.91,504.89,198.33,193.15,366.78,226.26,214.01,151.06
8156,2611.56,2224.5,1002.97,465.25,417.1,897.46,569.04,413.75,360.43
4950,1652.89,1374.12,497.07,294.03,271.02,651.63,338.83,251.76,236.11
8527,2883.83,2221.78,1121.58,568.79,526.35,968.75,530.63,238.71,356.96
6651,2325.17,1671.61,889.62,345.97,338.91,877.47,400.58,322.61,277.33
4934,1565.41,1410.97,622.05,309.01,246.78,579.79,299.45,273.42,208.2
9566,3066.4,2401.07,1286.29,607.89,600.62,1395.12,567.57,261.52,404.73
6114,1884.83,1826.07,710.32,373.92,361.14,749.76,364.42,479.71,301.04
6670,2069.06,1741.41,716.63,458.34,446.13,832.96,431.15,465.59,277.5
9658,3232.24,2735.1,1286.71,599.18,532.65,1133.88,674.54,377.12,426.21
8894,3076.01,2416.83,998.43,557.58,494.63,921.88,452.76,478.53,391.63
3003,960.15,759.71,368.82,186.17,154.81,374.42,163.98,160.77,123.95
4466,1379.96,1221.94,556.38,287.79,271.4,619.52,242.08,117.89,183.51
9504,2986.68,2621.56,1177.17,500.94,544.75,1403.27,633.51,439.95,466.63
4466,1441.41,1307.35,580.23,303.18,253.64,463.7,260.79,144.99,215.99
3938,1238.63,1128.7,399.6,200.25,232.94,550.81,238.26,157.49,194.27
3939,1227.7,1000.37,588.82,247.43,263.89,446.5,233.91,301.85,170.05
3635,1224.27,946.77,493.69,226.5,189.4,513.05,243.81,192.94,164.54
3698,1110.85,982.17,448.45,200.29,223.62,433.04,221.86,88.8,157.38
8265,2702.34,2114.36,905.57,419.98,445.72,873.79,523.64,498.69,362.99
6527,2217.15,1780.86,678.87,344.47,354.08,852.43,328.89,521.63,312.91
4091,1281.76,1224.09,546.6,226.78,225.56,591.95,257.93,122.98,183.12
3895,1285.99,1073.97,451.23,263.47,230.54,424.86,213.52,237.5,160.07
8039,2680.56,2307.95,896.14,539.53,481.44,812.66,541.33,558.35,321.82
7436,2474.34,2112.92,884.87,381.3,501.41,1072.21,483.57,525.31,315.0
8524,2747.22,2493.23,1105.1,475.51,578.29,1149.81,444.83,532.34,356.58
6240,1980.13,1627.31,833.57,422.99,385.22,876.31,324.91,465.45,299.15
5398,1845.02,1552.96,713.93,295.45,300.28,555.95,301.53,118.35,251.9
8506,2874.37,2501.34,1217.75,594.73,564.53,1229.31,446.69,202.87,411.55
3073,971.26,794.6,340.91,169.44,202.38,371.7,199.15,86.27,135.79
7184,2192.2,1920.57,947.12,465.4,473.85,1040.82,500.99,162.35,329.29
4402,1336.4,1314.02,462.46,256.82,221.54,454.49,277.79,119.72,194.45
6895,2101.0,1992.93,878.4,363.54,448.71,994.54,379.09,475.87,291.05
9331,3071.24,2464.59,1205.55,514.17,625.68,1247.26,571.85,688.51,432.11
5212,1577.06,1449.96,577.55,330.97,323.67,665.64,344.58,209.31,228.73
6037,1912.8,1631.3,721.93,342.55,392.56,622.35,418.03,467.45,256.53
8969,3028.47,2461.97,1267.85,556.82,587.68,1205.62,449.36,404.56,442.93
3151,991.67,843.71,338.48,170.5,189.47,409.28,190.55,95.53,129.44
4445,1503.15,1173.33,541.07,262.13,294.58,605.92,262.54,270.6,212.33
3956,1334.25,1122.47,580.09,238.33,260.49,537.37,230.59,178.89,179.98
9023,2817.8,2606.99,1129.73,525.64,616.47,1102.49,542.07,190.98,429.77
6558,2206.38,1926.07,893.57,353.86,448.75,722.91,380.82,511.4,268.21
7870,2655.25,2028.62,1112.37,466.15,476.88,1148.61,447.65,439.73,345.53
8141,2604.08,2370.19,897.05,519.87,412.18,1190.86,425.74,462.41,390.45
5907,1834.25,1552.01,655.15,409.34,297.61,653.29,354.4,466.42,284.43
2807,915.26,761.73,387.17,184.67,193.06,369.21,186.44,196.52,134.42
2186,756.51,645.03,300.94,116.36,124.05,240.77,113.88,91.29,103.71
7839,2602.4,2137.89,807.49,434.7,451.14,1121.46,507.73,176.45,343.08
6827,2107.13,1774.02,792.78,352.11,405.51,716.23,377.91,227.63,321.97
8031,2683.46,2071.95,963.13,423.34,444.24,1200.71,462.79,330.01,330.03
7309,2348.82,2000.1,1033.87,402.09,451.76,954.14,509.89,567.29,304.24
7507,2474.13,2163.02,909.05,405.31,493.15,759.3,476.73,550.41,340.81
6524,2196.65,1956.29,954.44,354.08,359.78,940.08,420.03,138.91,296.82
9001,2932.05,2604.62,1348.62,491.59,583.82,1208.14,558.49,713.18,402.51
3307,1126.69,971.76,459.79,185.24,209.8,446.0,186.67,117.16,156.59
4284,1439.89,1231.19,571.14,224.96,259.23,487.31,272.04,284.98,195.51
7313,2418.8,2155.67,874.6,406.29,413.25,854.45,432.53,197.42,297.32
7406,2277.64,1879.75,765.42,472.27,499.58,1079.21,493.55,246.02,361.95
6866,2346.78,2035.75,883.36,375.76,398.61,904.58,421.72,345.54,317.76
2757,956.11,743.89,325.56,147.33,158.51,278.04,180.38,171.53,134.97
6231,1911.97,1844.88,732.42,319.99,391.48,725.1,417.29,253.75,276.0
6887,2234.23,1747.83,925.51,413.22,471.12,894.81,457.45,498.59,275.61
5854,1831.98,1672.85,721.11,391.28,352.18,628.72,339.78,447.31,278.81
6266,2116.19,1796.99,862.23,320.7,403.87,657.39,359.51,171.4,286.11
4206,1413.56,1261.15,504.34,255.92,248.73,433.09,283.41,265.46,169.07
8344,2561.98,2406.77,897.34,525.78,453.71,1097.48,441.08,232.92,381.54
5558,1911.13,1495.82,684.01,343.76,291.68,644.89,308.96,224.8,274.07
3580,1106.39,994.75,528.23,241.84,188.76,424.89,187.66,247.64,150.67
2961,1006.33,794.52,414.77,199.36,149.31,304.99,150.54,118.98,126.78
5847,1887.7,1519.06,644.85,299.05,357.01,800.46,364.37,435.27,271.86
8726,2761.03,2289.92,1043.32,499.29,459.18,1207.14,593.5,389.95,420.67
5575,1716.61,1455.64,816.12,353.55,375.28,788.71,293.18,215.13,258.78
2875,886.59,797.64,305.28,198.52,200.27,381.18,189.5,228.12,134.31
4418,1471.61,1304.67,497.9,292.0,264.71,612.62,254.42,205.39,191.15
6198,2029.98,1832.35,701.06,331.79,365.64,798.68,386.52,399.51,248.54
3001,918.62,758.47,385.77,166.81,170.94,373.87,195.89,167.96,145.24
7244,2214.02,1839.94,873.17,472.83,454.64,818.5,465.08,232.89,361.86
5384,1634.67,1411.99,559.9,319.97,334.67,552.77,283.92,269.3,262.01
9119,3074.82,2396.04,1198.78,555.77,518.58,1044.96,476.99,224.74,401.01
6066,2035.71,1545.28,636.65,377.18,344.93,813.94,415.42,379.27,263.98
4845,1467.65,1305.36,631.4,252.26,304.73,709.03,249.95,247.76,240.31
3481,1141.82,972.54,436.34,233.64,212.66,392.69,189.25,95.18,173.65
5301,1612.74,1478.49,660.95,356.56,341.23,707.64,311.52,349.9,244.49
2657,917.16,736.44,274.67,157.73,182.88,329.23,176.48,181.4,119.95
9025,3116.84,2409.08,1190.95,564.4,591.97,1185.68,560.02,577.87,407.6
7316,2450.21,2087.42,889.38,462.36,410.33,732.19,449.38,290.76,307.4
4780,1655.36,1392.53,576.25,257.14,311.57,507.31,305.15,303.0,226.01
2422,824.87,647.43,314.43,126.55,142.9,268.48,159.96,132.39,101.02
8715,2975.54,2216.02,1135.67,439.35,571.3,1260.82,476.28,458.69,366.87
5681,1866.13,1504.42,572.37,387.77,384.78,579.61,286.2,334.75,265.54
6266,1975.69,1609.54,665.83,356.62,344.62,805.07,329.24,362.21,305.11
9549,2968.69,2610.39,1067.83,493.84,523.03,1398.28,508.99,648.84,445.55
8316,2630.85,2143.84,1113.5,493.27,487.75,1102.73,422.46,658.29,372.13
4710,1561.01,1286.5,606.82,242.62,240.35,585.08,305.92,299.45,221.15
2452,756.77,640.09,338.09,126.78,156.23,292.52,166.0,114.03,109.24
4397,1375.96,1261.66,602.52,262.84,285.78,576.93,282.34,209.74,204.65
3975,1285.53,999.23,567.07,239.2,226.21,492.98,213.75,86.48,190.02
3657,1139.71,1015.69,434.6,225.28,216.88,494.68,227.21,108.23,146.82
4541,1495.95,1173.73,532.45,286.66,280.67,594.37,274.33,152.99,191.58
8763,3033.39,2191.18,1240.41,555.27,451.05,1124.91,581.86,695.95,412.13
5075,1712.33,1489.31,567.79,297.7,325.95,750.29,349.39,333.86,223.37
5164,1721.27,1464.39,635.47,324.66,312.6,732.18,334.93,147.14,233.52
4966,1634.49,1266.07,544.85,278.57,310.3,647.78,299.21,247.81,232.66
4053,1314.78,1147.82,590.49,238.42,261.32,514.46,244.08,132.99,183.46
2287,707.43,641.69,275.33,132.34,145.25,311.48,151.3,86.58,110.62
7737,2667.22,2117.37,855.9,437.78,401.6,1084.69,405.81,435.4,338.82
5217,1629.93,1413.61,702.21,285.74,342.51,598.71,276.85,291.85,244.77
5854,1782.93,1723.15,657.01,301.89,364.12,780.62,332.92,423.29,259.06
3447,1163.37,904.0,507.31,207.23,221.63,367.99,223.86,102.98,156.13
8009,2473.03,2161.75,948.11,486.51,442.34,973.27,411.02,399.2,329.47
2607,830.58,694.65,347.34,147.88,141.9,383.03,148.3,145.81,125.96
6552,1974.87,1890.65,768.3,455.47,435.85,762.1,369.34,496.83,283.04
3764,1155.0,1113.48,528.32,230.13,217.59,405.43,224.77,191.91,161.9
3225,995.43,943.28,467.13,218.59,198.36,346.07,191.16,130.42,131.86
3235,979.3,937.78,450.95,198.63,197.44,387.19,207.97,121.4,145.78
3029,1008.15,906.7,431.41,162.96,186.9,337.0,189.35,99.85,133.82
4671,1596.78,1330.57,490.89,324.6,240.04,566.81,317.89,363.13,191.46
8519,2714.71,2449.66,1245.51,576.79,477.49,1158.11,456.73,478.57,404.79
5962,2049.31,1783.47,782.3,354.29,306.03,860.96,349.62,227.82,242.44
6542,2032.39,1637.79,938.52,358.9,389.92,690.24,379.45,423.31,271.17
6930,2191.75,1952.2,930.16,377.36,471.53,959.25,362.1,258.88,309.13
5177,1592.12,1485.53,569.95,342.31,299.15,544.49,275.92,260.04,225.6
5722,1894.14,1693.09,746.59,294.01,375.64,680.76,324.62,123.36,244.64
6906,2216.78,2031.69,722.0,433.43,384.97,1034.71,446.79,488.9,315.18
7520,2486.59,2196.58,1013.59,472.28,504.78,777.82,398.58,582.0,340.23
9263,3131.67,2753.79,1115.73,496.95,540.87,936.9,512.3,666.43,410.57
7507,2456.93,2078.46,807.65,481.19,428.68,875.94,476.91,227.21,358.55
7054,2337.57,1765.94,1050.77,452.22,451.1,1040.86,436.88,490.37,317.3
3475,1205.0,870.67,504.06,198.08,209.39,350.98,181.01,141.85,173.01
4896,1542.01,1357.33,708.34,292.13,277.83,544.12,337.21,372.96,235.1
2808,892.83,763.11,391.55,187.17,143.66,365.48,148.71,106.55,115.31
2978,1000.27,811.69,400.84,180.06,158.83,332.61,152.56,75.53,127.28
4463,1475.31,1205.1,592.48,278.33,292.09,458.31,250.31,317.66,202.44
2725,841.83,806.29,286.96,158.75,186.43,279.65,137.69,73.57,121.78
9671,3083.19,2591.43,1402.57,512.49,516.21,1237.48,489.49,507.59,391.38
4501,1455.59,1317.94,648.4,314.9,276.31,576.55,277.15,191.55,203.81
5362,1721.04,1582.56,736.7,325.1,271.76,725.61,363.86,350.74,246.94
9701,2996.77,2667.53,1419.89,550.33,541.48,1034.0,563.15,629.92,432.99
3216,1113.45,875.87,410.54,206.71,189.67,401.98,180.23,214.08,156.49
6051,2045.94,1743.0,740.53,377.68,391.61,786.92,413.24,144.0,275.72
4197,1360.11,1197.82,622.82,229.4,213.55,466.37,215.01,300.1,200.89
7999,2671.69,2131.15,985.53,540.24,524.93,1018.81,475.67,383.79,366.9
4806,1657.42,1226.14,634.71,247.12,259.78,650.79,264.58,159.32,235.94
2778,852.31,731.29,329.62,172.55,181.1,415.43,160.11,105.38,117.07
2972,928.81,762.47,391.76,177.01,185.78,385.83,173.02,220.42,143.6
4810,1573.52,1273.38,654.18,271.11,273.17,688.12,292.94,97.93,213.95
9145,3108.85,2405.97,1200.12,608.39,589.62,1295.7,540.15,622.8,429.59
7634,2304.04,2151.91,959.81,481.9,417.78,1122.3,532.56,575.88,348.58
7512,2623.2,2236.51,863.92,489.71,408.61,1022.78,379.43,262.94,308.66
9483,3060.59,2695.9,1253.58,552.79,485.86,1049.34,617.85,657.36,420.72
4123,1310.96,1221.78,599.57,283.86,238.56,473.75,210.36,122.31,192.7
2598,817.42,751.36,260.7,147.81,134.98,361.73,152.3,54.49,127.26
5341,1648.86,1529.63,569.87,323.78,311.86,673.19,288.61,300.56,225.31
2224,755.22,602.04,235.72,152.73,111.64,250.35,153.25,130.71,96.86
7649,2660.1,2036.47,1117.98,395.18,406.17,1016.04,492.98,221.89,333.54
8256,2647.55,2413.34,1099.18,430.77,566.75,1199.82,489.23,418.98,373.53
8394,2917.93,2478.49,1238.87,586.6,553.26,989.52,579.56,362.03,408.2
9400,3207.18,2562.38,1213.92,652.62,514.4,1220.24,605.6,231.01,413.18
2840,920.31,711.29,349.57,185.83,182.8,366.57,196.07,143.32,117.77
3814,1272.74,1104.64,532.5,227.63,241.69,405.61,244.44,210.18,171.88
6809,2190.79,1799.3,735.69,409.37,364.54,711.62,351.03,224.9,274.92
3106,1018.57,778.04,369.82,171.28,178.35,448.73,193.58,199.99,134.94
2124,643.36,616.49,261.92,124.58,145.01,311.54,147.85,51.73,95.88
5246,1756.43,1447.22,602.89,307.56,339.81,761.78,284.77,278.35,237.0
7188,2175.39,2043.26,852.24,364.59,468.71,861.36,473.36,274.61,346.43
9214,3140.63,2724.9,957.38,544.21,564.61,1053.91,494.72,425.36,442.38
4931,1682.69,1366.18,541.91,293.87,312.19,725.39,291.15,362.96,211.18
7375,2299.92,2029.3,861.21,466.95,443.79,1063.03,381.24,443.95,317.2
7846,2480.77,2075.53,1096.83,473.34,508.56,1106.21,445.74,227.01,390.86
6125,1984.9,1624.72,668.39,411.81,396.01,714.84,401.34,448.22,268.98
8424,2778.51,2441.5,988.4,483.13,426.44,1111.44,428.83,356.92,348.99
4971,1562.72,1354.36,513.24,289.28,311.36,683.62,280.38,201.21,231.5
4017,1324.1,1037.09,513.59,246.76,251.45,517.42,251.44,201.22,170.46
9404,2961.22,2395.45,1227.81,508.33,482.86,1223.46,648.6,303.92,432.9
9415,2850.62,2576.38,1348.94,544.85,548.02,1297.71,516.95,704.75,453.92
4415,1325.06,1206.39,622.32,281.34,300.11,610.78,236.04,212.24,184.27
6590,2010.33,1862.81,753.03,383.78,455.16,738.06,356.34,287.52,293.36
5096,1730.67,1394.03,544.5,347.2,334.52,609.14,278.94,154.2,223.36
3609,1256.19,928.14,389.07,224.86,191.38,501.86,226.52,245.99,180.43
2717,873.1,748.24,403.33,144.21,156.21,307.22,190.12,209.67,128.02
5561,1810.85,1642.38,743.29,332.26,298.35,810.68,336.28,401.37,227.02
3016,926.94,778.04,308.02,196.93,190.14,428.11,167.17,89.54,127.53
5565,1822.82,1583.17,594.56,349.85,364.3,805.66,361.39,362.26,231.35
7433,2283.66,2078.96,923.85,503.25,503.03,853.79,395.18,239.71,298.45
6701,2215.09,1926.06,739.73,435.56,450.39,705.32,339.07,149.63,289.21
6470,2242.91,1666.22,906.98,331.47,336.34,679.54,401.82,317.47,279.79
8782,2720.53,2608.96,1129.9,458.86,461.17,1122.3,476.04,528.88,371.92
3960,1339.38,1112.95,517.3,249.46,270.05,456.51,229.62,108.73,180.3
3048,917.98,891.09,375.33,166.93,203.84,344.96,166.49,171.7,128.58
3357,1070.13,880.64,378.68,207.32,198.76,373.03,229.49,237.07,165.87
5426,1657.85,1557.1,702.51,357.27,317.97,695.1,307.98,176.57,256.78
2115,671.77,611.34,287.32,130.15,129.13,269.46,124.75,96.59,87.17
4095,1264.03,1105.12,485.45,238.78,253.61,495.97,223.98,204.46,174.81
9905,3156.38,2666.4,1240.57,623.28,545.61,1059.06,512.06,692.09,493.51
3801,1219.65,1075.26,539.68,200.97,220.74,556.62,229.01,251.94,159.65
4146,1306.11,1055.86,445.42,267.27,258.68,503.31,279.33,274.3,170.69
7578,2522.19,2173.23,964.39,484.54,410.16,804.65,432.2,460.31,320.73
7642,2643.69,1926.89,897.33,460.72,534.76,778.37,501.46,436.11,360.23
3620,1158.51,939.5,489.21,201.19,201.48,389.62,183.36,182.93,163.55
8548,2646.61,2420.86,862.84,563.75,521.84,981.79,467.66,360.53,347.7
9381,2941.28,2391.37,1252.59,564.84,573.02,1233.65,493.72,476.5,409.18
6780,2323.51,2024.45,712.88,347.02,400.22,1007.15,393.63,482.89,277.07
4950,1626.48,1452.43,511.03,338.44,271.41,562.34,336.04,268.46,212.39
8646,2790.5,2432.25,1177.85,565.05,530.06,1206.03,496.89,684.21,360.62
5792,1780.93,1685.2,764.64,357.34,300.14,843.14,359.49,165.37,244.46
7567,2440.25,2227.57,1095.3,444.46,436.91,904.85,514.27,351.63,361.56
4941,1551.1,1299.35,622.48,341.91,269.21,556.67,282.6,158.2,236.35
7695,2671.38,2250.56,973.43,504.03,403.86,958.44,441.04,322.47,364.16
8401,2891.65,2182.07,1137.08,509.94,575.55,1216.76,434.83,566.11,393.86
8987,2733.8,2432.49,1044.02,566.75,575.16,903.63,512.09,624.47,381.51
8264,2692.68,2296.67,841.65,459.6,441.1,1027.48,536.53,181.01,366.98
6905,2149.2,1972.72,769.92,372.28,476.36,952.06,461.89,533.08,307.97
2977,954.24,748.74,333.13,165.12,161.71,387.18,191.88,215.27,135.0
8197,2818.48,2168.32,957.27,457.91,448.48,1023.53,410.99,609.02,398.07
5066,1653.42,1420.64,745.58,328.25,266.8,646.83,265.15,215.85,247.66
7450,2359.5,1995.62,1044.8,393.37,480.95,975.66,481.42,371.14,314.1
2783,863.83,803.59,408.54,182.43,170.92,373.21,191.6,83.8,123.34
2240,761.64,632.99,335.84,135.45,114.61,263.89,143.15,98.13,92.92
7874,2608.07,2060.78,958.18,454.26,397.68,991.09,429.31,217.08,366.0
3553,1149.05,914.17,395.64,199.0,215.5,403.9,185.29,255.1,162.45
6578,2044.93,1851.39,841.99,396.42,414.62,981.43,444.28,360.92,319.09
3012,953.94,820.84,433.9,169.73,200.17,329.41,156.57,84.81,136.11
2186,760.71,564.97,269.5,128.08,130.21,235.07,115.9,159.02,104.51
3881,1265.22,1033.58,486.17,251.41,246.56,440.26,240.37,96.33,167.59
8799,2815.99,2333.08,939.05,550.11,569.06,1284.68,473.39,665.35,413.05
8405,2740.63,2146.69,1017.2,545.99,523.3,1117.38,458.51,221.43,339.58
7048,2388.92,1954.73,841.18,452.9,402.05,865.47,372.45,444.58,292.6
7483,2372.15,2156.47,879.88,496.13,393.89,1094.54,515.48,439.39,332.77
6586,2034.65,1836.0,950.79,355.87,414.59,955.02,345.76,441.01,321.85
2430,800.07,707.89,250.21,169.86,158.86,291.79,166.76,130.94,118.71
2238,745.84,573.77,332.58,133.2,120.4,286.87,126.5,91.75,102.92
8447,2835.12,2295.73,848.18,543.69,505.95,1227.08,561.14,308.01,348.85
4345,1495.11,1218.65,639.93,276.15,251.77,503.89,299.8,333.38,203.39
2075,661.01,588.89,264.36,127.25,112.29,249.78,125.3,96.44,86.67
9867,2997.28,2810.02,1333.25,689.86,541.76,1377.93,645.34,695.94,429.26
3356,1167.61,961.32,367.0,182.39,183.75,452.83,185.65,212.71,144.78
8019,2580.12,2265.94,1064.21,468.59,468.14,821.41,462.37,476.07,391.69
9142,3027.49,2328.57,1317.34,480.45,528.49,967.85,558.21,715.24,429.09
7877,2625.52,2243.1,842.63,422.5,481.16,1121.0,527.83,424.78,320.68
8785,2875.56,2514.61,934.32,564.52,455.63,891.56,548.31,562.07,425.49
9641,2991.24,2889.16,1110.63,482.98,594.13,1407.55,486.31,684.32,427.13
6922,2337.96,1970.47,748.17,469.29,349.12,786.25,388.29,157.54,329.12
4330,1473.01,1231.2,456.95,271.33,238.79,562.55,291.41,345.44,206.83
6686,2190.66,1843.6,895.36,393.26,401.45,857.34,366.42,238.89,334.21
8215,2665.18,2410.25,909.33,465.19,523.61,984.26,471.2,510.57,357.1
9430,2882.72,2827.51,1257.5,495.32,616.96,957.82,544.98,728.16,458.72
8846,2690.93,2556.07,1265.83,605.34,448.59,969.73,469.63,581.96,379.21
3902,1236.85,1095.0,517.41,250.69,237.05,510.18,222.4,131.8,194.93
8006,2526.23,2033.11,848.38,454.16,457.05,979.28,531.19,334.16,353.08
6013,2090.62,1721.74,773.75,309.18,384.22,725.72,402.76,269.69,280.22
6670,2262.34,1903.81,798.28,376.95,371.36,699.58,410.99,368.06,333.13
9143,3044.58,2640.3,1071.27,490.91,593.15,1072.99,581.26,513.63,384.04
6987,2276.94,1790.26,809.98,459.22,433.51,882.61,424.05,470.04,323.08
4059,1251.67,1147.43,594.53,261.37,267.06,421.67,206.54,290.54,202.88
2140,746.69,566.64,293.45,128.32,149.13,221.14,136.82,54.3,105.8
3789,1207.75,1091.28,404.26,256.58,258.3,472.02,264.97,137.88,159.92
5626,1717.88,1474.12,696.5,301.63,348.06,720.48,306.93,228.53,230.59
2016,654.57,572.95,233.68,119.02,136.84,227.57,140.4,41.94,89.23
7182,2468.45,1901.43,1069.38,461.17,381.09,835.18,502.42,323.59,342.1
6348,2186.03,1589.85,945.23,326.01,322.86,887.73,335.37,263.62,304.05
2464,740.55,694.03,285.77,141.57,149.47,353.49,168.84,126.95,113.53
6471,2228.06,1654.4,761.03,397.53,449.65,752.33,410.98,168.32,298.63
3827,1200.05,1082.91,497.4,219.43,245.67,450.77,227.05,171.6,157.7
5028,1518.2,1489.7,623.3,299.69,282.09,711.54,286.06,280.79,223.3
2519,862.48,751.83,278.74,156.59,159.64,374.55,157.68,171.87,115.27
7956,2730.45,2082.85,1058.31,456.42,404.15,923.13,531.9,524.99,372.63
2089,688.98,606.78,243.8,108.88,124.11,291.28,105.87,92.52,85.48
6815,2240.24,1824.22,904.25,359.76,373.09,844.96,413.73,295.58,319.67
4851,1652.52,1431.16,578.16,293.68,247.32,549.07,305.64,107.93,239.7
4843,1643.3,1401.44,653.86,259.08,266.36,649.39,244.63,120.87,231.8
6725,2316.8,1706.11,897.05,455.93,433.42,828.03,455.83,486.52,310.96
3884,1272.54,1050.07,487.21,259.0,237.02,440.48,268.14,265.48,159.13
9342,3254.59,2493.06,1263.38,532.31,471.48,984.29,581.54,198.66,447.89
6171,2158.66,1785.02,759.33,411.11,359.12,884.6,322.99,450.24,287.75
9780,2990.99,2645.63,1034.79,593.29,636.12,1407.67,671.38,555.82,444.86
2925,1001.75,831.37,319.13,155.55,202.09,303.46,193.34,199.24,140.46
5734,1863.5,1606.22,643.93,357.14,386.97,763.6,289.97,287.57,268.04
8543,2728.45,2552.49,881.31,543.24,427.41,923.74,526.1,248.07,381.85
7901,2612.49,2345.72,1071.13,408.31,429.61,1045.43,413.15,327.21,334.57
2969,899.01,805.74,351.44,167.12,160.79,431.64,156.83,139.55,133.73
3094,1006.55,885.44,323.87,155.03,180.26,349.66,166.61,201.84,128.53
8124,2790.96,2367.93,1145.47,457.61,511.12,953.73,470.57,558.62,329.85
9347,2903.86,2756.84,1254.21,530.06,495.96,1306.3,631.18,602.76,395.75
5195,1669.25,1316.45,636.97,325.23,354.89,710.51,262.98,252.47,226.87
3404,1181.1,902.41,382.51,183.75,223.11,409.95,217.12,203.63,158.18
5364,1724.14,1426.89,577.1,271.43,313.19,763.98,371.68,202.39,241.35
8940,2842.19,2429.2,1098.89,503.44,551.42,1305.5,561.65,708.66,423.32
6290,2025.55,1625.73,907.41,418.36,382.66,771.36,417.1,189.28,297.99
5982,1949.97,1643.92,654.55,346.85,368.76,610.0,406.99,379.36,281.52
6323,2096.7,1790.43,812.08,368.64,424.92,793.36,406.54,185.24,287.54
9598,3263.65,2638.18,1421.31,569.93,518.31,1314.77,606.56,353.71,447.56
6013,1939.82,1703.42,792.85,391.06,382.87,667.45,302.81,390.42,299.29
7555,2575.3,1913.85,921.7,450.28,393.92,793.06,456.15,481.61,355.52
9954,3251.83,2924.48,1351.94,515.87,589.11,1137.35,591.11,273.44,472.07
6556,2077.75,1946.83,925.9,354.86,411.17,659.4,396.34,398.03,281.33
6713,2234.74,1885.65,869.51,360.88,337.33,911.45,393.71,216.36,300.61
5092,1710.33,1497.4,731.17,306.32,265.61,546.39,346.92,399.1,225.84
6159,2019.55,1580.23,774.37,311.64,319.19,838.75,417.46,346.03,268.13
8308,2515.92,2408.26,1175.59,462.53,477.66,928.23,436.29,167.89,370.5
4074,1256.81,1042.77,601.33,253.17,254.38,609.48,247.12,132.43,187.32
9478,2978.6,2562.86,1185.34,541.13,662.7,1199.82,655.79,320.13,438.28
9155,2875.87,2436.98,1192.44,587.33,504.27,934.42,567.37,318.83,443.06
2284,762.1,637.87,298.0,132.07,120.41,316.64,150.82,122.02,106.35
7779,2340.84,2062.02,1081.84,541.3,453.48,937.4,447.04,251.54,378.79
8424,2845.49,2374.44,1189.03,583.84,445.79,1098.2,484.76,377.12,392.27
6933,2171.88,1860.6,702.74,457.56,350.05,1023.04,391.81,210.76,301.59
6926,2185.16,2029.59,946.56,478.5,424.42,871.73,349.33,415.66,320.73
3187,1040.22,897.76,443.6,172.4,215.41,446.88,218.3,172.49,150.71
5969,1855.14,1556.51,805.94,388.1,401.22,687.27,340.19,344.54,279.69
4965,1709.07,1324.69,673.67,280.19,258.26,673.88,284.7,387.49,240.8
6319,1922.67,1847.49,644.98,407.61,334.59,663.28,411.94,277.77,309.98
2783,896.74,749.53,339.81,159.96,166.49,402.61,168.48,91.64,120.65
9313,3189.43,2577.74,1312.29,519.56,534.14,1024.31,533.08,744.35,379.87
9108,3012.86,2572.53,1336.15,630.05,583.47,1048.3,616.36,213.9,424.11
2949,927.8,788.53,328.74,159.83,176.64,436.19,196.13,202.36,121.21
5939,1906.64,1572.05,765.89,387.05,299.34,639.99,412.97,176.57,290.06
9197,3084.07,2517.8,1289.57,583.95,512.19,1036.69,577.76,550.78,443.49
2044,712.67,532.96,281.3,114.61,139.05,263.69,130.41,98.99,96.34
3810,1313.14,1006.64,498.9,225.43,229.48,567.82,215.23,268.0,187.69
6566,2082.22,1661.88,662.74,347.07,433.09,883.59,341.38,419.34,320.89
4081,1427.98,1082.28,555.81,279.24,236.89,431.4,212.69,123.82,200.9
8796,2640.34,2340.05,1219.67,610.11,558.89,1208.62,553.43,527.01,416.53
5498,1657.0,1638.91,748.51,355.44,293.48,666.97,287.36,181.57,240.18
2829,965.23,790.67,391.22,189.51,183.12,423.26,192.75,85.31,114.51
3909,1211.68,1131.14,475.12,201.91,256.94,513.78,250.48,97.91,158.77
8364,2534.61,2109.98,1251.99,482.43,433.28,1058.86,456.04,224.32,400.9
7987,2490.81,2039.3,1106.51,452.19,428.63,1021.24,443.95,497.05,334.77
4581,1471.9,1331.82,590.65,280.81,271.46,605.05,294.1,364.31,197.58
2691,905.6,756.65,394.8,144.42,168.86,367.57,178.9,162.93,123.41
6019,1993.59,1562.23,875.22,368.77,377.69,625.47,402.0,376.24,248.65
7486,2334.74,2023.01,1053.49,472.27,474.34,797.51,464.29,501.28,373.2
2931,953.05,811.69,375.71,154.31,188.43,337.14,155.65,214.96,141.19
6936,2402.01,2026.56,876.4,365.07,416.96,859.35,460.32,250.14,318.0
9910,3376.84,2507.43,1153.87,502.52,609.44,1145.13,652.4,557.66,486.43
9154,2894.12,2561.62,1030.23,597.0,459.24,1013.27,610.64,302.07,411.34
8034,2804.78,2296.53,1009.21,454.89,428.47,1174.98,427.03,414.06,393.42
7669,2572.42,2292.22,988.45,418.02,459.92,779.4,488.42,249.4,370.1
8725,2644.74,2533.37,979.17,572.03,566.36,1282.01,603.81,208.01,350.23
9283,2801.22,2448.96,1356.53,490.75,614.33,1349.4,511.69,234.83,445.28
8382,2585.18,2392.88,1071.75,490.71,541.3,1124.77,539.25,658.64,400.99
5406,1818.54,1557.81,682.91,350.83,322.89,549.39,298.29,110.07,233.4
8584,2654.06,2459.2,1045.38,527.72,477.49,955.12,481.92,527.14,385.68
2147,699.01,624.79,220.93,131.14,126.45,319.81,128.19,157.24,88.85
3032,923.74,895.01,436.97,161.15,152.16,440.54,205.87,132.26,141.49
3311,1145.75,844.05,383.58,177.53,205.15,490.78,168.11,206.89,154.77
2387,757.15,609.25,315.38,147.16,122.91,357.59,166.6,97.71,118.91
5121,1768.83,1484.17,667.63,258.46,270.94,528.46,335.13,264.95,241.85
3873,1344.88,1017.12,500.49,260.97,242.14,497.85,221.52,294.9,172.25
5588,1678.11,1413.36,705.68,318.57,280.89,791.86,318.98,125.95,233.59
2915,942.15,787.23,317.94,170.04,179.19,338.1,173.91,105.03,139.56
3878,1168.18,1128.47,442.21,213.94,243.41,472.25,261.8,102.22,168.84
8781,3033.26,2250.82,1108.24,593.01,577.49,1002.68,442.2,436.9,434.11
9754,3179.03,2766.16,1360.36,613.04,500.97,993.97,594.65,646.0,417.19
5748,1745.94,1438.04,698.95,339.12,287.74,595.7,293.85,451.77,241.22
2277,695.66,581.74,250.92,140.5,148.77,230.14,119.11,66.78,105.21
3977,1269.36,1064.02,415.19,229.1,221.92,502.54,253.79,90.02,195.49
3859,1339.12,980.88,513.83,228.88,261.42,505.22,211.03,109.21,159.8
5036,1685.27,1472.0,610.2,287.82,270.43,581.08,255.99,393.44,203.52
5371,1844.3,1574.8,570.77,312.66,331.45,758.96,286.19,210.58,266.8
7921,2521.44,2279.49,1059.22,445.95,413.38,1143.8,429.1,285.4,327.67
8732,2638.47,2288.87,963.83,450.16,506.93,934.21,571.03,559.76,402.33
7929,2764.97,2189.69,994.7,402.37,536.33,813.49,495.55,215.99,332.95
8792,2645.15,2278.97,1013.8,470.21,546.57,1019.6,568.86,359.98,366.42
6713,2331.98,1772.66,984.02,369.43,428.24,910.61,385.3,192.59,279.0
7726,2460.22,2130.83,860.79,523.9,421.22,968.62,403.78,606.18,363.89
4182,1256.71,1199.19,506.0,260.22,286.28,520.26,276.45,155.18,199.05
6675,2232.51,1700.34,987.73,461.68,416.98,718.37,352.49,241.31,275.0
3170,1106.42,839.53,367.52,180.03,165.21,372.71,182.76,184.06,131.13
2489,866.87,737.57,329.12,144.45,125.22,368.23,137.51,52.26,122.82
4525,1393.91,1228.34,524.16,291.39,227.69,529.55,253.09,267.94,207.65
3182,983.44,944.87,335.81,195.88,162.36,412.3,197.4,150.29,152.14
6479,2126.91,1940.91,851.19,392.35,442.08,666.8,345.25,201.16,264.38
6258,2076.81,1729.29,912.43,384.94,357.75,645.78,368.71,307.77,253.6
4488,1512.33,1186.64,550.36,276.83,251.17,544.0,281.73,358.77,197.3
3876,1197.89,1122.25,508.95,253.16,226.09,504.68,261.16,272.59,176.56
7308,2542.82,1885.21,953.29,463.05,425.26,866.85,419.66,573.31,319.54
4462,1481.1,1171.73,538.81,308.53,244.38,486.14,251.54,337.17,210.31
7458,2553.26,2157.18,975.09,514.3,386.6,1020.24,427.77,516.28,348.25
3630,1187.02,986.21,410.07,212.13,189.39,388.42,217.86,145.51,161.42
7300,2341.21,1898.56,867.98,370.22,452.48,973.83,410.71,465.71,297.8
2287,797.84,646.21,279.28,114.86,132.5,338.1,125.81,99.47,105.1
7953,2617.38,2279.63,1138.87,417.25,541.19,982.41,457.35,364.02,337.36
6282,2156.88,1609.78,737.61,323.51,372.36,691.16,411.83,454.84,275.52
3907,1358.33,1030.86,514.77,224.52,234.69,555.18,215.1,126.24,156.84
3161,1055.04,825.22,349.83,161.39,216.73,395.99,211.45,119.47,142.91
2129,697.13,572.69,239.79,133.06,127.81,311.18,118.59,161.44,100.04
8337,2502.56,2402.49,1104.0,448.56,500.55,1134.08,517.41,516.69,381.63
4363,1317.63,1246.45,602.6,263.0,249.84,530.24,302.88,104.25,207.31
9952,3085.54,2817.67,1225.15,518.12,639.0,1302.41,687.04,271.66,497.54
7983,2469.15,1998.26,932.06,531.31,461.77,866.14,468.54,437.25,369.82
2143,670.2,550.98,311.84,140.58,132.37,255.79,110.04,145.56,90.46
2015,635.22,526.25,215.18,116.33,118.78,261.33,137.13,136.15,92.13
9469,3011.17,2496.01,1288.12,645.9,573.58,1226.26,497.49,430.8,401.97
8566,2749.92,2204.21,1152.2,460.11,569.99,1108.1,586.52,304.18,370.93
2244,684.29,607.04,301.85,148.73,130.77,307.82,145.08,150.94,97.66
2926,884.0,742.5,429.45,178.24,159.76,308.06,200.97,224.26,132.25
5178,1727.88,1488.68,706.33,293.03,317.96,536.87,327.81,241.54,234.24
9255,3025.15,2678.27,1065.05,478.37,636.28,994.0,646.95,261.33,431.96
4176,1345.54,1163.91,491.39,223.11,266.7,583.05,247.8,236.29,185.32
7002,2322.72,1781.91,837.13,470.94,393.28,722.91,396.26,170.14,293.22
2886,985.23,849.94,293.05,179.33,199.88,321.1,167.0,163.61,129.61
2340,752.04,697.98,340.88,128.1,133.04,263.81,133.39,71.08,112.24
4051,1345.16,1053.74,420.0,242.72,282.21,536.2,235.02,206.43,190.51
5398,1876.77,1539.68,728.67,281.54,290.63,648.2,365.47,310.55,222.14
7529,2574.78,2199.2,1027.77,391.33,526.98,827.81,465.6,352.38,372.56
5950,1911.74,1648.1,846.01,405.52,306.53,728.74,383.86,414.34,256.2
2305,765.8,613.51,294.27,136.36,148.13,309.5,128.52,97.92,105.72
2907,897.84,796.31,396.12,166.37,188.4,404.95,202.9,85.18,117.21
4654,1526.63,1282.7,535.84,321.04,295.95,494.23,258.83,222.62,228.49
5792,2021.79,1564.02,795.12,335.82,379.68,786.18,308.02,450.69,271.27
9392,3061.0,2784.65,1100.47,532.76,558.23,941.32,615.78,683.84,401.61
6042,2092.84,1735.23,876.95,335.09,308.64,823.02,403.49,233.61,282.97
3371,1079.96,883.42,364.64,206.65,192.67,448.51,195.1,116.51,144.7
9135,3196.72,2551.2,1057.72,558.77,574.1,1127.56,555.6,447.59,389.13
2320,763.19,659.89,289.86,116.75,145.99,247.88,135.22,137.6,103.17
6654,2010.26,1710.13,923.53,419.74,358.68,919.77,371.82,503.06,306.09
6059,1995.46,1623.34,832.75,398.48,333.61,627.64,401.52,344.15,255.04
7300,2290.22,2155.53,806.91,454.93,436.06,1056.88,475.53,512.22,346.23
8761,2642.53,2438.7,939.28,590.47,565.72,1214.91,523.09,541.12,401.08
8854,3019.59,2309.56,1019.97,491.65,593.71,1213.42,523.37,231.01,354.82
7505,2354.97,1922.32,932.03,404.07,388.23,1033.59,402.29,551.67,341.43
7737,2629.24,2134.73,982.21,494.75,530.08,799.84,485.46,247.37,342.05
9959,3131.22,2762.47,1209.59,535.51,682.74,1488.85,681.93,418.27,465.02
9939,3078.27,2650.94,1323.42,515.06,498.53,1420.58,639.84,699.86,486.79
3131,1091.77,881.44,380.03,162.6,188.26,392.62,188.25,246.57,133.46
4578,1456.18,1160.22,674.41,299.25,282.66,622.47,232.44,176.88,213.96
8553,2823.08,2200.32,966.9,432.57,522.37,1171.44,586.78,367.72,355.09
6042,1996.88,1675.53,793.73,337.08,376.51,854.88,339.32,296.88,246.85
5367,1760.5,1358.34,700.76,282.22,322.38,605.23,300.55,267.7,264.69
2817,973.93,828.33,321.36,183.38,157.4,334.1,167.31,183.17,136.97
7290,2432.83,1874.31,879.06,437.91,378.45,1020.49,427.07,503.21,328.15
9498,3041.13,2694.54,1123.36,513.94,514.48,1314.99,657.71,754.73,393.06
8636,2963.18,2327.92,938.09,561.41,559.66,1089.27,460.3,589.44,368.18
9362,2893.36,2527.64,1159.62,608.6,513.24,1121.66,597.13,355.63,427.6
2011,658.02,579.66,239.98,121.59,133.92,298.48,104.84,83.43,93.55
2194,762.48,603.29,238.96,121.8,127.41,264.93,121.85,125.24,102.91
4537,1502.97,1298.86,555.76,280.05,264.46,627.01,292.38,277.66,215.41
4842,1650.39,1332.81,586.33,332.5,326.21,584.1,319.96,122.98,203.84
9024,3002.09,2523.52,961.67,460.52,489.87,1042.2,535.83,366.56,387.69
4229,1446.18,1218.1,450.64,234.03,227.49,558.44,278.21,136.0,169.69
5009,1739.25,1404.35,663.07,279.0,349.17,703.17,344.13,252.81,204.07
9984,3131.44,2803.32,1351.13,625.36,607.15,1488.3,686.06,300.74,430.26
6751,2082.57,1954.15,992.8,425.47,363.27,725.36,383.79,370.26,282.58
8017,2599.11,2384.69,836.58,433.93,427.44,1152.89,450.9,385.12,360.17
9483,3177.69,2549.37,1004.18,515.14,637.57,1196.82,611.93,419.48,459.8
8837,2751.48,2464.25,906.6,605.9,547.87,931.31,557.45,520.83,417.37
4077,1223.94,1036.84,516.19,265.52,213.23,569.63,235.84,183.38,193.84
7715,2446.79,2067.16,1011.72,529.91,522.6,899.39,421.03,339.12,354.91
9845,3430.42,2664.08,1183.13,655.61,579.65,1411.9,614.02,581.52,462.76
5867,1963.97,1711.77,820.76,340.53,409.44,632.99,343.83,137.51,245.24
9960,3187.86,2745.67,1337.98,522.28,554.13,1350.12,524.32,457.65,453.43
7215,2233.97,2067.48,1077.14,451.59,437.06,830.01,452.99,228.89,329.77
9548,3034.4,2396.07,1020.63,544.62,510.46,1077.66,610.63,213.06,441.95
6873,2120.27,1877.87,707.34,402.13,404.09,704.57,393.72,151.76,328.48
2443,745.89,720.85,277.87,142.96,130.78,303.17,162.8,73.43,120.78
2297,793.24,600.01,231.89,157.87,128.96,274.66,118.23,105.75,108.23
6903,2415.24,1736.63,1012.19,354.66,382.41,711.59,413.62,372.78,339.8
7856,2421.26,2134.24,904.99,423.14,437.28,874.63,543.06,532.28,357.44
2844,860.95,811.17,362.96,176.78,197.36,353.69,153.03,160.58,121.99
3015,954.21,822.26,349.45,204.04,153.07,423.35,161.14,154.38,140.45
3384,1093.31,923.83,379.99,231.33,202.83,495.66,194.83,75.06,168.55
3397,1053.89,963.02,365.58,207.81,212.6,427.23,188.06,128.66,159.99
2553,804.38,670.72,296.19,129.41,161.39,306.78,138.96,157.1,126.86
4350,1348.69,1251.04,568.85,249.07,283.15,642.66,300.14,157.6,174.97
6516,2207.05,1678.88,968.15,445.54,424.97,965.3,370.74,362.68,277.47
3269,1097.17,881.94,418.12,196.14,225.92,358.02,167.36,183.83,139.7
9887,3279.99,2796.05,1252.04,638.03,643.78,1251.42,672.27,378.75,437.68
3260,1041.12,950.02,331.75,180.55,216.7,459.81,192.23,177.0,131.4
9701,3351.23,2809.18,1377.59,489.9,588.33,1368.94,627.84,260.36,476.73
2184,761.07,624.81,223.3,134.46,137.93,293.2,125.25,138.94,102.8
6563,2025.88,1758.59,953.68,437.75,390.91,811.01,450.9,140.13,268.03
8897,2768.31,2278.66,1129.33,621.06,494.04,1069.27,496.06,196.8,371.42
4410,1438.9,1150.31,478.15,295.17,248.14,618.81,278.96,318.47,203.0
7402,2254.37,2170.57,907.38,452.11,423.47,823.74,492.14,405.76,363.33
7672,2469.02,2246.87,1148.88,477.0,435.87,931.55,420.11,228.43,313.6
6431,2116.37,1913.72,741.2,427.55,390.13,825.38,424.64,360.77,285.11
4209,1372.57,1068.24,477.61,212.12,231.3,595.95,277.14,177.58,176.78
9327,2952.42,2582.09,987.73,643.87,562.72,1107.05,646.22,337.56,389.9
7593,2483.84,2144.52,986.01,460.32,518.79,967.6,519.79,521.48,359.16
5672,1973.52,1619.54,592.5,391.6,329.65,646.37,327.68,275.88,273.76
9489,2944.44,2677.73,1312.33,619.54,516.7,1345.97,586.52,356.87,466.97
8155,2713.51,2352.72,1190.31,432.59,464.32,1135.8,558.67,624.85,381.98
7543,2279.27,2021.32,1105.76,402.08,509.44,1063.6,377.81,225.55,306.67
9240,2802.68,2392.9,973.86,527.35,636.03,950.55,577.93,263.53,402.59
6683,2189.29,1739.11,854.84,369.43,452.66,831.0,362.94,172.68,296.83
3881,1184.66,972.57,406.94,228.15,216.35,414.46,251.39,106.6,165.95
6296,1895.83,1684.28,809.67,390.84,363.64,841.7,415.09,221.41,285.83
2521,777.92,641.81,354.83,148.06,175.21,291.35,162.0,156.08,106.7
3887,1275.88,1034.23,493.22,198.74,219.53,539.24,271.79,234.43,190.44
4552,1525.68,1280.98,653.68,316.42,240.15,470.03,271.23,299.56,188.61
5809,1801.51,1712.05,813.75,339.84,323.22,729.98,355.67,316.79,257.11
7807,2602.96,2279.49,888.65,523.24,540.87,828.97,454.21,386.89,322.03
6883,2127.7,1807.71,905.15,354.33,401.4,880.3,478.23,316.02,299.98
9206,3044.17,2363.22,924.01,609.45,632.25,1200.16,630.2,667.24,412.87
6155,1973.28,1598.17,737.38,329.1,320.56,757.72,429.2,249.96,280.29
6673,2220.04,1992.22,746.7,424.32,435.89,760.6,465.09,490.41,289.04
6416,2244.01,1780.27,942.23,405.72,332.78,651.97,435.71,234.39,308.59
7554,2620.41,1957.43,908.52,515.15,407.54,1005.48,518.34,222.38,341.09
9803,2943.0,2862.84,1300.89,553.02,610.94,1406.95,513.65,346.13,489.41
9843,3388.67,2655.24,1344.54,513.6,577.68,1345.36,526.31,491.57,405.88
5479,1661.92,1616.09,759.72,368.69,347.0,792.54,370.95,413.96,229.22
8133,2827.46,2139.25,1112.5,460.58,564.98,1191.28,524.87,249.18,390.53
7018,2204.29,1892.48,803.27,383.54,358.3,859.55,473.71,384.54,319.62
3409,1087.82,938.32,457.84,203.6,183.52,459.87,222.95,112.71,148.63
3694,1125.13,1088.37,470.8,195.5,232.0,442.8,195.01,224.07,162.92
6664,2036.61,1955.47,865.44,372.78,452.69,972.79,455.36,319.22,304.13
7197,2420.62,2005.93,719.99,415.31,474.66,922.29,470.86,460.7,294.05
9361,3250.29,2444.05,1056.98,519.96,555.22,1288.28,574.92,668.06,446.06
9452,3124.24,2553.63,1385.04,557.72,613.52,952.06,573.24,378.88,420.53
2526,848.21,754.72,289.24,145.73,136.81,325.29,155.29,192.71,111.46
8667,2930.3,2430.13,1056.51,567.62,435.73,1188.24,501.02,416.93,413.69
4660,1459.24,1347.0,509.5,318.6,286.13,525.88,307.86,355.08,212.92
9323,2817.98,2540.45,996.91,484.97,617.79,939.0,635.65,315.47,443.23
9507,2852.99,2629.64,1049.89,631.89,557.76,1304.19,523.44,701.86,468.57
4172,1324.75,1132.48,532.69,286.35,256.1,487.72,211.77,166.96,206.34
6966,2173.9,1986.33,1016.7,443.96,407.12,845.95,376.57,453.1,308.54
2279,690.8,666.78,265.07,159.37,137.38,291.95,148.47,177.97,92.74
4964,1533.76,1366.93,576.67,281.46,336.0,523.76,334.41,370.96,199.18
5977,1830.31,1637.96,766.29,398.11,356.01,628.65,340.52,285.82,281.23
4669,1614.28,1246.69,550.18,296.36,234.15,691.22,247.68,190.0,190.57
4893,1502.22,1266.58,712.03,276.3,322.92,572.21,328.67,277.72,214.81
7988,2611.14,2372.14,949.71,511.98,498.09,900.86,433.69,498.04,372.42
9825,3238.86,2611.52,1223.43,591.39,634.77,1005.95,538.78,514.98,491.09
3751,1227.23,1087.92,475.14,201.73,255.15,407.72,194.5,265.98,158.41
5981,1823.92,1709.17,831.98,319.85,333.29,726.96,407.94,140.53,239.82
6769,2138.6,1959.94,867.75,435.03,406.56,792.67,382.68,378.92,273.55
7247,2192.68,2151.19,811.36,465.54,449.67,878.55,387.26,373.33,306.06
4361,1394.58,1226.18,463.14,264.34,248.18,589.59,301.23,97.52,217.75
6427,1988.71,1895.31,944.05,385.8,430.1,848.94,364.48,133.44,262.04
7269,2384.83,1878.2,1018.23,389.62,464.86,906.14,472.12,409.74,345.22
8135,2722.3,2288.67,822.84,476.59,526.08,1144.93,444.24,220.3,337.6
7573,2473.39,2185.67,1068.37,510.63,501.03,1081.93,488.74,500.67,318.35
6131,1972.42,1616.02,794.15,411.36,338.2,794.21,335.02,471.81,250.51
3708,1184.21,1064.34,467.0,234.41,240.7,392.6,232.69,113.63,156.78
7539,2578.98,2178.2,758.51,527.33,493.62,907.01,443.42,512.01,310.27
9189,2857.49,2679.14,1277.67,623.6,614.26,1210.4,606.24,509.85,369.16
8349,2811.2,2217.86,917.58,441.7,499.03,861.14,539.39,391.37,400.64
4686,1583.28,1331.2,639.17,271.71,281.55,473.26,321.97,276.56,196.37
4895,1571.1,1298.22,493.38,257.67,254.36,721.6,281.62,333.55,201.61
7475,2353.62,2144.97,1045.14,443.43,501.14,1020.36,486.52,584.83,319.35
6535,2114.25,1785.03,661.03,428.22,396.48,703.53,453.38,389.68,310.66
4776,1455.06,1336.69,533.93,253.68,295.58,583.9,270.92,309.56,201.78
3119,942.86,844.6,353.74,210.87,163.53,342.09,174.04,176.07,141.66
4988,1524.23,1287.4,538.08,306.17,309.44,501.37,326.12,268.87,210.35
6259,1936.27,1620.46,776.45,406.7,318.21,748.48,368.72,149.51,274.59
6243,2030.28,1584.96,712.85,317.79,427.42,826.69,361.93,182.95,282.27
9697,3320.8,2723.92,1451.3,503.05,652.32,1432.31,590.67,414.6,461.37
8437,2630.51,2467.25,1088.36,526.61,454.64,1168.45,579.71,497.53,361.25
2194,760.79,550.79,281.54,146.48,135.76,244.65,113.38,53.86,97.56
2662,925.7,674.32,295.6,179.62,165.19,310.95,157.89,140.19,123.59
2479,862.56,676.45,298.56,158.08,163.78,312.43,129.41,51.54,105.98
6218,2125.8,1783.86,660.34,335.89,405.03,681.27,420.78,410.17,262.4
3423,1089.17,882.74,472.81,184.5,239.15,484.86,180.51,205.43,156.39
8842,2684.73,2330.6,1030.61,597.96,504.14,958.46,457.96,453.07,437.89
7060,2318.79,1846.9,971.44,368.99,370.6,808.36,489.08,383.14,346.65
9619,3154.4,2596.67,1140.67,612.94,591.27,1239.7,589.33,730.71,442.51
4708,1612.48,1229.96,703.55,285.64,307.34,499.81,313.17,350.28,208.19
5175,1810.21,1384.98,561.78,302.37,288.33,679.12,307.42,349.65,236.28
7874,2562.26,2255.33,788.0,463.04,430.9,1159.14,462.3,316.33,378.11
7581,2405.15,2126.85,983.57,522.36,500.72,1020.23,517.27,200.4,310.28
5814,1798.24,1477.1,858.42,390.87,378.34,817.68,405.8,228.41,277.98
4014,1205.16,1131.5,531.26,270.14,217.03,489.41,250.36,261.38,186.97
5789,1884.06,1585.34,603.71,336.53,390.09,684.64,395.76,328.0,247.13
6805,2230.52,2019.24,864.4,354.81,358.59,792.31,457.67,424.18,331.81
4443,1516.16,1175.02,646.34,310.82,231.86,591.02,270.49,116.94,181.27
2911,946.74,833.44,292.05,154.01,165.99,366.57,200.34,85.89,143.18
7456,2578.46,2136.46,807.82,449.68,505.0,921.68,404.12,446.31,327.16
9148,3031.69,2388.31,1287.38,505.81,584.64,960.88,619.29,387.03,440.05
9766,3340.14,2882.54,1413.09,588.06,565.4,1305.41,548.72,411.65,405.72
5213,1602.55,1431.28,705.62,292.44,277.04,710.37,263.83,227.08,238.11
4364,1495.83,1239.13,652.76,296.48,280.47,479.21,286.9,295.69,176.02
7830,2613.32,2014.6,818.32,543.14,485.33,1080.42,537.14,485.02,335.02
5629,1736.61,1479.81,716.48,327.62,392.64,810.41,305.86,148.39,271.86
7919,2450.84,2211.82,1063.12,407.07,517.2,861.04,480.54,322.0,352.74
9694,3357.27,2578.13,1309.97,613.31,504.5,1188.5,629.98,585.81,451.69
7675,2314.86,2110.51,1072.0,441.56,495.53,1103.74,434.65,603.01,368.95
5472,1768.15,1470.33,798.26,381.5,301.78,680.52,289.68,408.95,247.9
2680,846.01,755.83,316.46,138.79,185.56,377.24,155.02,93.52,122.9
7429,2475.74,2038.2,758.86,389.15,374.31,823.04,439.29,178.01,354.09
8638,2954.04,2161.49,1020.34,552.73,473.08,891.41,560.13,469.87,355.92
6651,2115.14,1878.8,888.45,433.47,398.93,684.88,358.98,295.14,270.8
2609,838.39,707.32,288.75,155.03,134.58,387.74,172.98,80.89,120.59
9940,3470.01,2654.82,1396.56,552.12,565.4,1075.86,596.83,587.44,494.52
4156,1409.7,1058.56,461.27,233.55,249.13,595.32,282.93,123.11,193.04
5866,2022.95,1531.13,589.55,332.95,345.73,679.2,359.68,241.03,276.0
2371,763.32,619.28,297.33,129.23,140.39,241.85,139.74,160.46,110.45
8998,2804.71,2670.32,1226.64,602.98,608.09,1008.22,501.51,549.4,414.42
2615,838.35,710.3,307.22,134.15,157.18,327.59,136.31,147.56,109.77
8911,2992.35,2246.49,1224.77,518.14,613.26,938.67,511.79,675.9,431.32
8010,2446.83,2058.1,976.58,520.27,424.17,1170.33,466.76,220.47,366.57
4253,1333.42,1080.06,461.82,212.98,236.49,616.66,260.99,261.38,211.73
6942,2098.79,1939.9,725.63,469.01,438.25,745.97,466.48,187.71,282.48
6138,1974.09,1591.77,831.88,393.6,341.66,840.02,363.84,172.98,263.84
2864,977.69,787.39,341.63,147.4,163.09,352.37,161.2,144.3,117.41
3268,984.43,877.47,475.95,221.9,222.29,487.28,220.48,70.09,158.8
9454,3155.43,2743.49,1200.78,564.84,574.53,971.59,611.47,473.27,455.48
7474,2590.67,1988.27,877.61,471.2,423.73,923.43,419.59,153.73,356.74
2784,868.18,759.79,326.98,188.31,182.45,318.14,148.5,156.31,130.25
6571,2199.19,1879.73,700.28,444.35,337.84,895.75,366.8,254.43,269.84
6178,2154.61,1678.36,801.22,359.4,378.55,652.13,324.18,154.42,272.2
7229,2516.52,2093.96,933.32,395.82,375.86,949.93,492.07,483.26,340.09
4237,1320.87,1199.43,593.18,233.66,226.84,624.55,263.69,183.87,184.77
6054,1846.57,1637.77,666.3,395.44,310.26,742.79,407.25,282.37,285.62
6895,2119.62,1897.5,789.75,472.92,469.09,846.1,457.88,292.82,295.48
2935,983.52,875.69,307.77,150.99,149.58,366.24,155.74,73.43,133.35
5980,2011.0,1692.82,686.31,300.8,360.76,722.3,351.98,284.62,260.4
8394,2801.18,2478.33,1019.07,557.85,457.47,1027.21,582.89,503.02,413.11
9891,3133.51,2561.16,1465.86,571.03,570.43,1218.19,540.8,733.94,439.4
4338,1338.22,1189.31,575.45,240.88,259.73,650.28,221.26,285.56,185.96
7764,2554.65,2293.74,1080.31,417.45,458.09,821.6,441.93,192.22,314.99
9368,3036.96,2493.11,1089.27,533.32,608.56,1070.44,564.13,280.56,388.35
9964,3352.31,2973.09,1068.4,691.79,679.92,1101.41,509.34,226.08,454.85
2325,748.81,592.54,262.34,161.68,130.21,295.76,136.09,63.15,109.3
3534,1120.04,1043.0,398.72,200.13,178.43,353.9,194.61,172.57,175.09
5480,1724.41,1491.99,707.77,379.62,371.98,800.38,297.25,181.85,251.9
9774,3035.55,2479.54,1144.28,547.32,680.03,1236.96,540.29,575.46,457.5
5861,1836.18,1722.99,837.36,393.21,343.85,848.7,305.4,128.6,270.77
3985,1214.39,1046.45,595.47,216.15,235.58,467.23,205.36,284.67,195.36
8060,2557.78,2023.97,944.35,536.23,426.24,866.42,499.05,488.91,346.78
6932,2092.28,1780.07,937.57,395.64,412.53,759.85,478.01,541.7,319.1
6603,2042.44,1868.36,877.37,356.0,370.21,815.71,436.42,509.55,327.49
4778,1611.8,1428.1,524.26,328.23,333.92,487.42,318.59,294.21,191.46
9768,3089.36,2496.44,1425.16,530.24,524.51,1358.63,632.01,287.99,417.19
8215,2738.98,2243.5,903.42,573.71,472.95,1146.25,567.82,273.76,390.93
3270,1098.21,847.03,447.49,170.6,203.82,441.77,225.67,119.86,146.17
2640,868.72,758.34,309.88,132.53,150.22,382.32,173.09,120.39,110.05
9891,3441.42,2531.14,1170.64,666.81,588.4,1260.84,636.18,536.61,452.18
9083,2734.64,2379.67,1115.14,560.71,630.99,1125.98,509.61,553.66,410.1
7974,2686.7,2071.81,1142.08,465.94,479.73,1008.38,413.24,195.67,355.17
6703,2332.24,1860.93,717.31,346.14,457.19,731.28,347.6,379.61,291.03
9754,3346.73,2864.35,1002.01,599.85,496.1,1225.24,631.33,229.72,395.28
8054,2483.81,2219.32,967.3,466.12,422.0,1023.57,407.27,560.73,370.82
6078,1922.72,1537.2,624.69,362.69,418.71,840.16,403.14,136.3,274.56
6661,2055.74,1852.89,895.11,417.03,350.2,781.97,381.87,289.11,305.43
3367,1111.33,976.01,464.7,211.44,217.95,352.23,181.28,152.18,134.76
6042,2027.75,1550.42,862.41,418.18,356.0,784.69,351.35,327.62,246.68
8197,2589.05,2079.05,1124.56,517.24,476.53,1142.64,525.14,210.88,341.63
7849,2566.43,2035.96,1144.52,445.73,495.93,1165.4,435.64,596.42,349.16
4575,1530.55,1314.42,628.67,258.91,295.33,478.15,244.64,196.69,219.96
8754,2810.62,2447.48,1285.12,521.24,600.87,1202.08,566.89,383.18,371.68
5603,1920.15,1552.2,614.4,309.21,308.94,727.22,378.84,193.78,269.41
3581,1212.45,939.92,447.6,206.01,229.05,360.85,220.99,239.36,151.66
3986,1208.69,1062.71,596.69,266.43,226.59,541.75,241.06,81.58,189.3
4240,1403.68,1264.77,568.49,284.91,272.85,429.55,276.01,111.82,206.67
5966,1860.0,1563.28,858.7,373.21,315.26,830.84,385.72,287.83,287.35
4105,1345.93,1211.31,416.74,253.1,242.81,558.55,205.77,320.59,194.51
9604,3340.7,2679.77,1379.02,562.24,515.47,1290.74,534.34,212.59,387.85
9278,3191.2,2376.7,1251.47,581.9,526.33,983.47,636.84,220.07,401.75
2128,681.44,581.72,230.97,140.71,136.86,310.59,147.27,133.84,89.3
7968,2506.54,2369.9,807.03,515.98,435.59,1154.93,479.72,510.96,356.54
6801,2120.01,1842.58,768.49,344.87,433.21,986.23,416.23,502.02,296.14
5996,1958.45,1757.84,874.15,387.48,359.27,707.64,299.88,327.37,276.88
2851,871.59,749.3,380.34,183.6,147.8,355.26,180.89,126.05,130.17
9493,3108.61,2644.24,1385.73,493.44,548.07,1003.84,514.98,446.78,420.62
6103,1831.31,1783.25,746.44,323.49,411.25,625.89,320.76,280.07,290.96
4076,1288.8,1206.64,598.48,268.03,284.45,419.58,228.64,319.61,163.64
7231,2248.82,1983.4,890.48,442.39,414.9,928.74,457.71,309.52,351.84
4994,1740.71,1408.23,550.4,331.76,255.18,579.65,293.28,128.67,199.91
5744,1932.06,1436.86,617.88,308.42,302.16,740.85,327.3,214.7,255.72
8274,2626.85,2173.26,1238.54,418.77,544.12,1072.59,533.97,642.11,403.88
8331,2537.97,2198.85,972.17,443.53,525.82,1210.94,552.13,380.68,368.06
7794,2539.6,1984.93,841.77,460.25,434.13,1123.23,525.19,303.69,370.66
4756,1477.56,1255.51,477.6,287.58,275.02,646.48,280.1,183.8,209.4
7594,2481.88,2020.43,867.83,509.97,502.9,1070.19,488.72,156.01,368.38
9531,3257.39,2844.42,1376.81,613.07,555.3,954.61,645.29,552.67,476.48
9371,3099.83,2656.02,1187.31,654.17,610.2,944.38,638.9,594.65,459.02
8355,2771.27,2266.71,1099.7,430.9,467.08,1027.07,499.98,344.03,338.86
3644,1191.78,1091.02,532.46,191.69,235.02,483.5,208.1,263.71,151.16
6371,2206.68,1641.56,800.47,329.3,377.98,890.06,433.25,411.4,289.36
5144,1782.89,1408.44,730.01,312.6,313.31,629.44,284.1,288.33,255.22
7798,2539.31,2201.79,906.06,431.52,483.28,1146.37,514.18,485.26,343.61
7891,2487.94,1994.68,1174.62,502.44,465.66,1110.65,537.95,522.13,337.5
2242,724.12,640.88,233.04,118.05,133.0,235.72,145.27,115.74,111.31
6085,1882.26,1551.63,829.03,316.81,336.59,742.42,386.99,266.94,286.53
9954,3302.91,2558.32,1324.16,589.31,693.95,1490.55,507.79,274.16,474.85
9269,3012.47,2391.26,1015.73,533.13,631.37,1116.89,501.17,410.59,381.02
9130,2786.16,2706.54,1090.51,607.91,552.8,1089.33,578.22,483.94,389.17
8828,2735.64,2508.58,1020.88,589.28,447.51,1012.61,580.03,678.62,397.58
2170,703.04,613.61,227.25,113.6,115.81,269.78,111.25,63.57,102.78
2652,913.29,736.66,342.74,175.69,177.89,361.98,133.61,173.49,115.29
8028,2635.75,2124.53,1201.66,491.98,550.85,821.86,451.42,276.5,337.52
8331,2783.19,2341.38,1066.2,500.45,443.42,1181.22,524.01,644.99,369.66
5512,1747.04,1491.04,701.47,286.05,356.57,804.08,332.05,306.95,243.87
7205,2367.35,1853.64,735.02,466.83,450.03,1001.89,361.45,331.19,351.1
3499,1127.97,995.4,374.26,179.12,196.18,510.09,185.56,142.79,172.63
4099,1364.79,1051.31,515.08,227.72,240.7,429.35,266.62,131.66,170.88
4158,1257.91,1079.14,620.62,215.84,264.22,509.38,232.65,261.41,177.94
3972,1289.57,1155.4,571.29,240.76,206.65,411.31,207.91,231.0,190.1
9020,2839.49,2552.71,1055.43,567.4,485.1,1279.41,460.18,662.15,382.9
5925,1874.13,1668.18,753.37,401.82,300.2,874.69,397.03,330.85,252.68
7162,2492.7,1940.26,914.12,463.22,487.33,822.82,425.66,216.21,334.94
4258,1316.3,1148.87,571.71,294.75,261.77,539.79,255.79,259.61,192.07
6039,1905.68,1718.17,811.58,393.86,365.17,693.78,309.36,439.2,284.05
4035,1313.37,1158.05,562.84,225.8,258.74,479.94,241.18,320.49,164.33
5271,1808.75,1452.22,533.68,321.28,367.74,652.7,331.63,322.08,237.42
9977,3200.96,2977.77,1468.45,590.23,533.22,1392.19,523.35,372.86,466.21
2857,963.36,850.77,295.71,175.19,150.46,306.7,194.42,154.06,127.83
5823,1996.23,1575.83,720.93,357.78,325.48,628.03,382.38,296.39,240.36
8770,2766.94,2552.34,1280.24,561.65,597.05,965.52,579.15,444.8,362.54
3049,974.57,845.07,379.25,157.51,177.54,313.0,185.17,75.36,139.89
5990,1903.79,1650.77,618.06,388.96,394.56,791.72,339.5,189.72,248.23
2298,785.1,580.82,256.14,121.51,124.23,251.62,144.34,118.23,98.9
9244,2793.7,2576.29,1191.86,467.05,553.46,1126.63,503.87,627.58,410.54
2923,921.98,862.37,305.14,176.49,153.6,392.5,154.15,90.34,134.26
6232,2081.3,1801.09,755.22,384.08,363.06,763.09,378.7,186.07,265.81
7139,2343.54,2065.43,831.37,361.93,394.4,1037.3,425.29,468.26,314.49
8583,2762.13,2214.38,1208.15,517.62,523.47,1188.39,454.95,527.28,374.89
6306,2062.05,1689.52,665.32,382.72,413.72,716.68,382.19,309.67,258.36
4799,1487.11,1255.71,643.74,244.99,330.01,511.19,292.4,110.48,230.53
7670,2466.18,2038.65,922.93,492.66,427.04,1110.02,517.19,370.93,363.74
8578,2788.58,2393.06,1109.89,464.98,556.39,1028.03,559.15,601.24,410.38
6875,2372.28,1844.14,758.15,452.99,465.52,818.99,373.67,141.88,285.13
7326,2293.34,2036.88,955.93,411.84,384.59,1029.3,486.14,191.62,330.96
6062,2081.64,1648.41,810.48,361.04,374.14,609.04,420.58,415.61,262.5
8582,2851.04,2268.49,888.34,582.18,534.12,1051.77,552.1,442.05,373.19
6045,1819.65,1540.09,853.66,399.72,335.18,820.4,397.4,361.1,245.78
3802,1278.35,1120.04,543.92,249.55,191.81,541.54,210.36,246.0,188.04
4713,1422.28,1180.93,486.28,250.77,259.85,679.9,329.15,179.15,232.81
7161,2505.41,1790.84,932.07,364.94,441.8,882.84,383.31,271.21,315.68
6506,2235.67,1895.46,843.83,404.12,350.86,926.36,423.0,233.16,315.83
9690,3051.06,2905.45,975.04,564.09,540.19,986.33,561.09,291.04,419.59
4853,1518.36,1389.68,568.37,330.89,311.36,559.41,277.29,185.8,221.27
4657,1485.92,1167.81,691.31,265.41,269.95,468.14,259.41,359.38,220.96
6522,2072.75,1704.42,833.33,379.65,334.63,706.18,383.63,164.08,294.99
5346,1703.33,1596.27,784.05,323.54,309.98,728.32,351.86,184.11,222.6
3471,1096.54,1008.08,464.36,228.84,242.95,347.87,238.87,135.65,152.0
4949,1638.4,1377.5,501.93,274.01,273.29,624.33,288.65,144.65,235.55
2941,906.45,770.08,305.53,202.45,162.65,354.98,185.38,72.48,140.61
3907,1337.36,979.56,531.78,237.54,208.62,414.7,256.94,116.08,169.48
6837,2328.82,1716.38,873.28,456.85,378.99,918.08,355.49,353.25,310.43
7488,2424.8,2101.13,796.41,453.12,460.48,1008.31,518.25,417.87,315.03
3243,1111.17,814.29,423.87,212.22,224.71,442.08,175.88,106.74,137.86
7696,2403.9,2306.35,1081.4,392.71,478.34,1064.09,525.65,386.56,318.98
7351,2211.76,1905.15,1011.86,485.05,427.81,850.88,512.6,149.77,326.23
6423,2125.76,1833.99,721.36,388.46,371.2,961.56,334.05,360.47,303.16
3466,1119.16,893.37,391.35,204.45,174.98,359.24,235.19,69.59,169.11
8195,2690.9,2270.05,1216.07,428.04,410.17,1084.89,514.8,479.95,372.44
5957,2054.97,1513.26,860.01,386.2,392.83,884.85,395.3,291.89,277.12
3966,1382.14,1143.55,459.73,208.7,237.18,441.08,206.95,105.32,169.22
2375,787.84,663.21,335.36,127.89,120.33,270.53,158.38,60.1,99.8
2262,765.01,575.25,244.49,118.82,126.04,291.34,141.42,46.18,99.43
6362,1935.26,1860.44,698.82,318.94,363.48,884.72,383.07,337.81,290.04
8502,2618.92,2358.04,927.23,537.65,558.29,990.04,520.33,581.48,342.93
5388,1813.93,1595.28,562.43,298.59,316.21,764.23,349.62,384.66,220.48
5395,1734.86,1596.01,770.05,285.88,354.92,604.52,301.87,292.16,249.83
3944,1271.14,1167.52,508.54,222.44,247.19,566.83,271.62,288.82,165.62
9833,3101.63,2496.49,1110.62,589.8,498.17,1107.66,552.15,705.21,437.9
3893,1286.12,996.79,554.49,233.85,270.07,509.48,262.94,240.95,192.18
7997,2473.14,2394.18,1120.64,458.58,428.87,942.76,401.79,334.15,388.86
8795,2914.19,2413.17,923.89,526.81,488.23,1021.02,600.96,612.41,357.4
5634,1739.16,1475.6,744.85,329.85,372.89,663.12,377.66,245.08,228.67
3652,1107.25,1053.54,497.01,242.69,196.47,456.35,191.67,161.4,151.38
7540,2386.54,1984.64,1023.87,381.47,437.48,1072.58,488.13,457.56,310.38
6141,1913.27,1758.54,836.14,413.66,413.29,847.25,353.0,464.72,261.23
5892,2029.5,1719.66,639.12,323.34,369.7,721.58,351.14,294.61,257.6
2599,786.84,751.67,300.85,167.47,145.65,296.57,133.52,79.61,106.12
6815,2104.68,1797.13,969.15,395.96,428.53,972.6,369.72,194.55,303.98
3912,1280.93,1056.56,566.93,218.63,259.18,561.41,270.21,149.18,177.21
3292,1066.78,891.02,375.15,205.11,191.19,403.88,192.12,156.24,153.46
2600,785.96,713.87,262.99,169.98,159.73,350.46,131.35,98.44,114.56
2380,714.86,614.92,340.31,140.42,166.03,281.94,143.52,149.26,102.24
6213,2170.84,1693.81,738.44,368.62,430.51,667.62,434.25,326.55,288.48
5637,1876.79,1553.21,656.56,288.49,339.24,654.31,319.37,250.3,276.84
4163,1324.96,1151.43,488.53,285.08,216.15,558.28,219.91,136.56,183.03
9797,3169.54,2850.88,1183.33,655.79,627.14,1356.6,615.95,551.81,420.63
6355,1991.2,1753.13,755.69,368.33,351.89,906.11,434.66,384.13,299.81
3098,982.82,810.25,397.54,202.3,196.38,312.54,208.13,207.72,151.1
7599,2526.3,2151.71,789.89,427.56,433.41,944.71,479.8,603.75,376.9
8448,2907.3,2448.79,1255.18,545.81,543.84,960.5,453.51,286.22,356.52
8150,2520.03,2167.64,1196.6,491.72,467.37,1093.71,535.35,170.39,350.68
2365,808.87,667.56,346.99,140.04,162.77,265.51,157.19,118.31,116.02
7753,2373.02,1995.21,1116.15,396.41,408.84,994.82,519.38,584.89,331.05
4570,1420.13,1220.63,607.88,316.74,234.75,619.68,265.42,159.61,198.59
5419,1635.77,1601.1,601.81,361.71,355.62,750.55,315.26,354.15,251.41
7557,2320.31,2233.59,774.4,497.76,438.51,857.52,401.3,296.01,345.21
8120,2808.43,2263.58,852.32,455.52,481.61,847.66,531.48,352.99,396.08
9382,3030.12,2674.97,1090.18,523.44,644.32,1040.8,607.43,721.13,432.68
4476,1360.18,1310.13,560.37,275.11,276.61,581.69,232.73,213.33,200.92
2790,970.88,831.22,417.56,186.72,176.34,284.64,140.62,177.22,113.66
5569,1915.46,1528.66,678.15,382.55,280.62,601.14,384.45,295.11,277.06
9707,3278.39,2699.31,1225.34,537.56,615.52,1453.85,488.7,639.05,429.27
2746,951.97,743.57,370.05,170.66,158.63,327.09,171.82,107.21,125.56
8510,2646.67,2158.13,927.9,548.71,503.83,1062.27,502.71,617.94,383.12
2312,790.28,626.88,339.03,126.07,152.96,232.47,151.55,122.39,109.54
6633,2218.74,1920.46,838.75,385.7,401.14,859.61,343.29,255.7,308.2
2920,1002.98,847.51,332.33,156.95,203.63,339.49,185.85,65.09,126.81
3077,1045.7,906.54,451.57,196.86,202.89,389.27,191.69,63.98,139.08
9708,3080.59,2451.98,1274.39,653.11,626.86,1226.18,651.13,399.99,468.51
7586,2569.53,2096.45,942.06,512.44,468.62,1125.56,457.97,249.9,351.49
9008,2820.61,2300.38,1162.1,571.12,524.7,1021.62,581.61,208.63,446.31
9331,2952.6,2426.41,1282.22,531.34,476.42,1199.24,548.21,496.14,443.59
4829,1474.75,1424.61,520.21,305.29,243.24,575.03,336.48,383.07,216.59
4381,1519.13,1204.07,627.54,294.78,223.15,530.54,268.07,198.63,210.6
5618,1767.14,1617.58,831.33,351.22,388.63,577.41,365.57,298.47,249.56
2797,911.91,708.25,358.99,162.95,157.93,375.98,145.05,92.83,117.84
6443,2058.97,1745.03,864.09,440.68,412.43,707.21,381.78,208.08,298.29
2272,790.65,644.59,324.88,151.55,140.61,280.42,116.53,90.2,98.92
5010,1586.93,1285.92,594.89,338.92,307.78,609.78,262.7,351.22,201.65
6815,2309.79,1814.77,1019.81,463.86,419.7,841.02,409.74,529.08,287.19
3773,1293.27,955.43,505.68,218.37,211.46,448.15,215.23,242.92,157.22
9581,3082.98,2707.27,1161.22,643.77,648.93,1074.21,567.16,203.44,459.4
4547,1450.08,1357.48,608.69,279.22,310.94,556.72,272.47,210.55,214.92
5164,1742.27,1504.54,651.1,262.14,324.77,528.33,274.7,233.63,238.29
6780,2343.47,2025.4,715.85,425.22,456.15,760.15,388.61,516.04,334.55
8222,2776.95,2403.13,1149.38,488.49,420.96,1144.85,552.62,532.24,343.52
6717,2091.38,1966.47,861.25,372.81,349.34,954.76,450.93,422.25,279.64
8135,2801.82,2268.52,1137.21,564.63,497.71,1104.45,486.57,438.37,399.35
9384,2997.05,2589.16,1011.08,479.54,628.07,1235.2,609.8,551.31,436.06
2946,968.68,796.34,373.9,203.03,165.89,414.1,191.7,182.41,134.27
8501,2903.7,2472.98,1175.95,452.13,518.23,904.43,432.55,451.86,402.94
4665,1443.44,1208.72,697.02,268.42,234.18,589.02,290.25,329.77,199.74
2506,850.1,633.54,361.41,146.21,174.75,265.17,165.62,55.67,115.15
7678,2532.27,2283.4,1099.62,496.16,501.68,1066.42,475.11,587.24,339.9
9348,3221.95,2338.77,1050.46,507.71,534.97,1178.11,568.65,620.85,402.62
8719,2690.67,2605.6,1237.22,607.91,607.37,1225.03,528.58,451.1,425.17
9413,3021.89,2696.28,1020.97,611.66,488.05,1317.38,566.28,674.16,391.64
2243,766.3,597.59,246.52,147.59,132.97,276.59,147.06,156.29,90.12
2505,753.91,713.65,264.29,130.58,128.2,312.73,157.44,113.13,109.2
6517,1991.66,1895.75,931.15,387.93,369.51,660.91,353.94,458.72,273.61
9487,3315.97,2488.14,1000.05,653.77,515.97,1197.03,556.57,296.95,456.42
5158,1619.71,1488.31,551.42,285.76,290.56,690.52,312.43,248.37,212.85
8360,2915.78,2426.23,938.78,442.31,576.41,933.67,488.05,283.71,412.77
9657,2985.24,2534.65,1242.21,576.6,565.36,1442.04,528.74,265.22,402.46
5590,1777.93,1409.22,805.01,383.52,315.82,831.46,293.45,411.85,273.31
9445,3189.04,2457.65,1142.01,564.2,593.29,1078.07,494.41,396.85,393.7
3872,1288.95,1006.85,492.96,224.95,246.52,525.23,216.54,236.44,156.74
5793,1906.22,1467.15,627.52,364.99,403.63,587.99,336.3,246.24,259.98
9152,2988.08,2620.22,1036.9,629.09,557.55,1219.85,582.59,481.83,398.69
3192,1092.21,858.64,340.57,162.73,207.64,418.79,222.48,130.5,146.76
6425,2002.98,1890.36,774.19,340.96,370.36,906.62,436.56,414.82,298.17
6745,2172.72,1771.29,873.59,355.16,360.32,777.15,447.02,453.18,332.82
3464,1066.12,944.5,395.59,179.11,202.98,498.47,229.58,158.76,171.56
2390,788.22,673.86,340.1,133.94,139.52,341.53,147.99,171.07,107.43
7615,2379.89,2237.84,1135.11,415.67,444.81,1016.45,419.25,314.64,320.49
6476,2050.9,1788.87,686.51,394.87,413.87,800.54,384.93,425.78,275.05
5377,1739.8,1444.67,542.5,304.05,312.51,703.96,284.18,317.26,220.44
6837,2060.25,2005.64,953.69,397.26,472.32,933.24,419.3,323.79,292.61
8106,2469.06,2152.24,887.87,558.0,564.62,1205.87,409.03,594.45,398.12
6915,2311.66,1756.21,813.6,367.28,418.13,733.59,371.95,375.73,301.81
2672,858.91,727.46,319.87,154.36,163.44,309.03,171.67,188.14,123.7
4560,1565.17,1319.0,664.98,251.45,265.18,634.0,253.25,291.84,227.14
7867,2633.35,1978.86,1045.85,479.76,449.3,947.65,459.43,408.73,323.08
9092,2731.28,2539.34,927.66,588.5,633.77,1214.91,605.9,359.91,434.18
3211,1062.31,898.19,323.48,213.02,163.16,342.47,163.41,247.47,150.91
2929,892.43,868.23,322.13,176.64,170.47,396.76,147.78,68.55,141.15
3539,1199.89,935.44,410.2,237.46,187.66,473.18,193.16,260.72,146.41
2912,1017.96,768.6,361.75,191.32,187.9,376.5,185.46,146.72,131.09
2643,863.1,718.96,375.02,140.45,142.43,365.43,144.63,171.6,122.42
6522,2179.25,1746.89,754.86,358.11,441.49,939.2,438.76,261.19,310.45
2501,779.98,717.33,297.19,158.65,143.78,353.8,142.65,107.67,117.86
2729,878.41,769.82,317.84,189.65,186.51,290.31,151.92,85.81,124.74
3283,1125.43,945.33,329.77,188.85,228.93,450.49,179.44,253.65,146.72
9680,2985.03,2816.9,1430.32,528.49,633.3,1185.69,595.12,218.75,478.36
4118,1290.07,1219.54,440.42,277.48,257.22,480.55,276.43,177.94,172.21
8621,2778.3,2341.01,986.1,465.47,456.9,1241.27,501.06,345.55,362.46
9345,3136.3,2796.35,994.92,597.6,641.64,1195.98,514.45,642.79,384.18
6552,2088.74,1708.65,815.9,332.09,429.4,819.4,382.75,328.22,269.46
8332,2886.09,2380.6,1221.54,419.76,464.6,1160.06,567.37,251.18,406.06
6386,1945.96,1767.01,670.75,376.97,379.14,815.27,362.03,322.75,294.17
9687,3085.7,2817.42,1182.25,611.55,497.46,1384.28,611.39,330.92,478.06
5836,1957.67,1598.12,590.13,308.42,368.72,613.63,330.29,122.71,285.2
2919,908.68,844.17,404.41,190.55,153.26,405.18,185.34,153.75,125.53
6050,2013.56,1793.88,798.97,318.08,381.34,654.56,409.1,251.83,280.8
4339,1337.33,1243.62,585.7,263.27,275.23,482.76,268.89,148.97,190.02
8065,2442.07,2329.21,996.97,452.98,455.61,878.86,556.07,244.65,393.26
2755,843.17,698.0,400.53,179.2,190.02,308.34,170.89,130.1,130.43
7754,2686.76,2017.96,934.19,512.4,508.5,1059.13,538.88,559.66,319.73
7930,2597.77,2368.81,996.83,406.98,475.28,1052.84,511.28,519.32,337.29
7402,2515.33,2107.05,997.53,398.61,506.08,825.24,466.74,150.1,344.75
7663,2426.36,2130.87,965.75,519.96,514.32,869.82,510.33,489.43,325.38
3869,1275.35,1038.24,423.53,225.61,247.01,406.11,194.31,94.26,175.42
6472,2101.77,1632.36,749.8,385.31,343.4,781.31,356.9,342.24,274.69
9825,3412.09,2637.59,1027.84,524.27,588.93,1168.48,533.71,656.34,460.06
7275,2454.43,2000.23,884.86,508.51,489.52,780.54,379.89,343.36,296.46
2507,843.67,653.26,327.09,171.63,155.88,355.32,172.37,106.8,118.36
3436,1038.76,888.74,363.96,171.94,209.29,490.08,180.8,262.4,149.02
4575,1498.24,1260.05,601.75,279.14,316.15,482.44,252.8,99.53,203.75
5426,1754.49,1515.46,784.84,365.96,273.1,614.87,307.67,143.02,243.28
2558,886.07,670.19,298.99,149.93,128.52,349.95,159.86,184.74,107.29
9930,3106.77,2774.14,1103.24,583.25,673.81,1424.94,648.92,726.62,490.76
9354,2932.4,2759.59,1353.06,538.67,474.91,968.92,580.82,396.27,374.18
5102,1635.53,1396.21,686.72,258.04,289.03,740.39,331.52,267.41,223.1
8403,2623.15,2460.98,884.58,552.97,575.44,866.2,487.73,250.95,346.92
6516,1996.89,1931.11,784.56,385.33,415.87,858.09,455.57,476.04,284.09
7648,2622.28,1947.33,1022.57,463.63,481.54,773.24,408.42,368.2,313.87
5622,1843.53,1432.43,723.66,309.85,354.97,823.14,326.05,302.72,246.17
6399,2195.29,1752.06,837.8,420.3,360.6,753.06,426.45,173.31,268.37
7037,2403.53,1966.17,903.25,463.56,426.52,931.98,386.58,400.33,320.45
6057,1902.52,1643.23,847.39,369.83,379.16,661.61,393.81,374.02,243.0
9206,3013.92,2451.77,1068.09,626.86,516.59,1068.47,527.37,346.91,414.83
9656,2936.98,2723.47,1307.65,505.18,636.4,1326.4,517.1,712.31,413.54
5715,1976.03,1429.34,854.7,375.66,322.53,849.53,331.85,184.22,246.97
8685,2781.05,2591.64,1037.84,531.28,446.66,1299.3,570.57,641.33,378.2
9837,3144.73,2573.4,1372.78,537.3,531.48,1381.94,513.88,611.87,457.69
3301,1040.27,976.62,370.72,173.78,192.01,469.93,199.12,230.58,157.05
9370,3026.82,2393.57,1069.07,524.91,638.67,1391.17,607.43,580.43,405.69
7185,2245.94,1881.78,1054.35,482.3,418.99,732.98,467.25,328.39,353.86
4155,1324.38,1087.55,420.89,273.2,215.21,450.85,240.12,165.76,197.21
8411,2859.72,2521.68,932.54,529.07,453.6,863.25,499.01,538.68,370.41
8365,2858.43,2093.17,1038.48,433.36,509.34,1046.11,561.59,316.95,342.78
7923,2497.4,2234.14,951.49,547.45,424.3,1172.01,429.17,187.87,361.32
7649,2474.07,2244.86,1005.53,429.18,392.23,987.65,534.3,266.34,352.91
9257,3181.55,2625.41,1014.9,575.23,595.19,1182.77,540.47,604.61,382.9
2692,814.69,721.82,278.7,177.84,176.83,380.47,149.43,181.96,130.62
6350,2187.3,1891.76,752.26,334.37,425.53,929.94,317.83,232.39,278.22
3478,1081.52,1024.88,438.99,219.27,232.6,469.28,182.6,137.99,144.42
8396,2803.65,2281.17,1075.53,425.22,483.49,1215.48,546.83,444.65,379.57
2256,742.51,628.67,293.45,117.39,145.94,245.36,142.09,80.58,99.76
4430,1451.48,1321.81,564.53,285.57,273.2,554.5,243.34,249.72,205.65
2441,837.18,730.17,274.09,129.62,123.19,288.6,167.31,90.13,101.85
3881,1184.01,1057.54,536.46,228.47,225.22,452.63,258.92,105.77,156.05
4646,1474.41,1358.34,484.99,255.38,237.21,514.37,257.32,136.08,207.98
7209,2356.71,1911.1,792.4,421.18,372.47,1043.14,408.04,252.55,299.69
5820,1982.09,1563.2,797.16,299.99,297.52,713.06,312.51,175.03,241.91
8533,2652.25,2203.57,972.65,555.48,590.65,1079.53,536.31,669.5,399.17
6677,2271.16,1739.09,832.45,344.41,446.58,759.95,427.48,397.3,284.36
9211,2947.35,2605.27,1071.79,614.91,541.44,1364.54,533.48,283.29,445.81
3735,1155.78,1029.14,468.18,236.25,205.28,487.64,241.82,169.7,168.63
5735,1938.14,1500.03,672.9,334.53,295.06,573.7,400.48,207.31,264.27
4645,1414.61,1254.83,695.4,312.75,272.31,526.72,289.1,283.68,200.71
2018,657.34,542.15,237.87,108.41,125.13,302.63,127.11,145.37,85.24
3124,947.18,935.23,410.35,172.73,206.0,464.66,179.56,137.61,129.93
5985,1902.16,1751.68,864.34,315.66,305.42,761.48,300.52,273.7,281.72
4654,1536.07,1253.78,613.85,268.22,271.6,596.67,321.49,204.35,218.23
9933,3256.09,2937.15,1274.33,692.67,690.71,1441.07,650.08,466.39,446.26
7476,2394.06,1997.08,960.38,397.88,391.85,1012.46,477.8,165.6,357.45
7661,2462.65,2171.09,956.27,510.37,444.38,1123.19,387.62,425.62,367.93
9928,3090.97,2961.85,1393.68,625.84,551.01,1230.64,647.11,765.67,441.02
4080,1317.0,1099.62,418.29,205.29,214.94,607.08,258.68,273.85,189.77
8089,2812.24,2297.23,1166.89,557.31,540.17,1027.12,496.49,579.86,397.34
9396,3218.34,2488.03,1215.04,652.29,600.8,1242.55,586.99,317.1,383.49
3547,1089.86,933.98,505.25,242.96,206.55,369.34,242.5,200.16,142.31
9797,2953.69,2730.5,984.79,588.16,562.17,1279.31,491.16,720.85,438.26
2861,991.84,855.33,410.45,155.66,190.41,395.93,152.03,69.0,123.93
2154,702.93,587.3,228.34,124.56,111.61,262.71,146.25,156.46,88.03
5494,1795.94,1631.07,747.52,342.19,290.83,687.42,275.6,131.14,227.99
2904,984.56,858.77,350.88,167.2,197.85,347.51,197.68,229.37,123.64
3269,1032.14,858.73,438.22,209.75,216.88,485.29,165.39,81.84,134.01
2404,779.13,649.3,315.91,158.45,157.46,297.69,157.67,101.16,103.83
2843,990.6,802.2,307.53,154.06,177.63,302.24,192.81,66.18,117.5
3782,1261.7,1043.46,475.51,219.73,211.22,383.66,235.43,88.52,174.91
3564,1096.6,908.1,405.8,246.47,244.83,494.05,223.92,256.53,167.39
3184,976.41,954.2,407.62,175.11,190.52,405.59,162.42,75.83,152.05
2746,851.85,789.84,375.93,156.33,152.71,274.98,148.88,185.51,133.72
3725,1260.3,1012.77,387.63,188.91,213.49,443.74,253.26,277.19,149.12
5188,1633.02,1457.35,652.59,293.89,261.15,755.9,344.87,394.82,216.67
2270,683.43,577.44,297.1,130.34,125.08,334.57,116.2,163.08,109.29
6865,2383.59,1886.26,787.88,356.96,369.06,704.88,454.87,530.73,276.69
7811,2409.58,2316.29,1153.3,390.78,411.73,829.3,456.71,180.49,364.42
7606,2285.43,2242.48,958.47,467.83,385.19,762.45,465.6,606.93,317.99
5956,1857.42,1589.47,649.95,333.72,324.83,854.29,310.71,126.44,268.4
2171,676.81,600.43,228.8,109.32,113.04,224.79,125.86,65.11,107.73
2273,729.86,647.51,288.86,152.74,115.7,239.56,133.42,56.5,105.66
4306,1489.96,1149.7,511.39,265.63,227.13,479.61,272.96,278.34,188.1
3158,1086.22,799.74,346.2,168.71,170.68,460.63,199.43,79.65,148.08
3706,1196.46,1020.16,376.29,249.43,216.13,498.13,225.98,139.2,148.45
9889,3169.87,2769.73,1269.06,544.6,609.89,1293.92,500.67,576.38,489.55
3771,1235.95,943.85,489.97,205.7,212.86,525.05,200.73,188.1,163.83
2421,755.77,616.82,259.27,164.37,127.89,326.02,128.81,68.21,120.57
7540,2281.67,1963.15,980.86,404.06,518.8,1035.21,510.87,386.74,352.6
3209,1113.4,858.09,473.64,216.86,193.49,332.72,218.32,129.77,137.58
8507,2631.51,2356.89,1266.82,561.97,551.57,1101.56,562.57,469.22,392.62
9774,3029.16,2587.1,1411.61,549.26,624.45,1345.49,522.89,511.28,428.13
8521,2757.59,2247.92,1195.96,431.91,474.6,1093.1,569.23,676.32,395.61
9690,3145.19,2843.7,1070.44,500.5,593.0,974.71,520.86,695.85,464.22
6675,2008.65,1717.16,719.71,348.37,414.14,737.96,407.79,134.97,298.43
2890,888.38,794.09,353.29,195.99,164.83,428.14,186.92,88.32,122.02
6817,2173.99,2029.02,892.9,395.94,432.3,921.9,347.88,509.83,339.59
5267,1760.16,1481.35,750.73,266.78,346.64,708.02,326.34,275.82,232.41
6976,2172.47,1994.16,778.51,426.45,399.61,927.9,383.84,457.4,291.34
7217,2317.74,1959.86,894.78,390.87,363.0,767.82,432.71,362.37,342.03
8748,2868.18,2195.72,1157.99,478.54,498.52,876.59,504.57,587.39,407.24
8103,2790.91,2287.53,990.83,431.22,424.08,988.83,516.42,226.61,390.29
8165,2582.62,2299.23,1001.92,532.69,433.66,997.9,488.13,524.8,326.74
3473,1065.09,887.43,386.39,173.69,199.07,488.27,194.6,250.67,150.98
5243,1701.16,1431.91,782.95,308.18,283.92,571.9,357.61,188.43,226.21
6478,2185.26,1915.98,801.72,335.16,445.02,736.91,448.15,272.74,318.97
4181,1277.27,1088.12,529.47,255.24,263.64,434.46,276.11,231.77,181.86
3449,1107.94,941.77,382.59,196.32,208.21,413.86,212.51,248.65,156.14
5096,1533.33,1391.49,640.6,257.69,255.79,574.83,344.94,379.49,204.02
8646,2608.31,2511.99,974.99,512.01,450.22,978.25,536.34,450.16,415.71
5256,1703.72,1530.7,578.77,322.78,345.68,592.37,278.45,312.65,216.23
5156,1623.68,1484.74,586.68,283.34,297.99,575.29,259.6,373.16,251.73
3590,1228.7,963.1,359.5,234.46,182.77,416.4,231.62,121.62,169.99
7882,2601.91,1998.89,1012.9,452.59,524.24,999.71,512.72,547.9,359.13
6239,2013.3,1668.77,744.77,405.45,349.71,760.44,427.47,222.8,296.3
7982,2557.41,2266.8,1156.87,491.53,460.77,823.52,530.68,437.89,382.57
5981,1943.0,1705.41,610.27,403.03,415.6,725.45,375.56,455.03,284.2
7798,2355.17,2325.75,796.64,475.2,392.32,1109.76,419.58,395.28,363.46
3435,1183.84,936.66,495.65,184.5,221.3,360.8,212.56,87.95,167.65
2223,777.86,626.05,236.38,147.72,153.34,327.27,130.48,163.94,98.32
2219,685.84,614.57,222.14,145.7,113.78,256.14,121.25,122.26,101.32
6274,1919.96,1615.75,683.53,435.71,422.38,631.96,413.97,152.26,311.78
3654,1122.43,997.76,515.92,189.54,213.12,411.65,193.63,75.39,159.76
6528,2174.16,1809.83,914.81,403.59,441.03,675.54,408.7,232.9,310.14
2264,754.08,673.62,264.9,135.46,127.16,290.51,140.85,61.62,99.43
2953,1011.1,792.37,393.93,187.27,205.69,342.01,165.58,170.41,132.0
6524,2202.45,1950.71,817.86,454.09,410.63,915.6,382.21,364.06,282.86
5733,1848.8,1588.7,832.64,347.68,358.55,783.31,300.02,403.91,238.1
8559,2829.97,2243.51,880.05,545.33,565.9,1056.44,432.32,434.81,425.57
9620,3217.06,2497.19,1353.14,547.8,565.0,1231.65,483.5,338.5,427.83
4774,1554.59,1227.32,518.12,267.25,263.4,622.71,255.34,109.88,204.3
8340,2700.35,2273.87,997.31,472.93,460.86,946.88,561.61,172.06,387.5
7673,2549.39,1926.66,840.94,389.57,434.38,820.77,463.85,579.67,315.43
5124,1680.02,1395.02,692.41,285.38,319.47,608.86,268.2,146.91,232.8
2479,823.52,742.26,331.98,132.52,165.52,259.66,168.84,123.83,113.39
5514,1823.16,1563.25,702.46,326.15,330.79,638.21,338.44,373.23,231.36
3353,1126.47,965.63,452.35,198.55,194.71,427.94,169.52,253.88,166.3
5322,1767.65,1362.17,702.39,347.55,350.6,675.92,347.28,170.85,244.53
5878,1916.15,1608.54,816.0,352.95,327.95,623.25,349.56,199.36,248.21
2889,965.19,763.59,323.48,171.21,184.26,290.1,175.24,88.94,139.64
5854,1887.76,1725.2,710.94,319.82,305.09,611.43,364.5,172.9,252.13
2924,912.53,757.5,314.57,196.05,152.82,297.69,151.72,138.3,138.3
4170,1251.3,1138.15,506.57,216.09,262.21,500.5,287.54,242.5,193.0
3902,1279.85,1090.23,527.1,271.76,201.56,466.24,215.03,243.39,162.31
7506,2473.47,2069.42,1010.08,446.77,398.58,841.28,468.65,297.48,307.33
7458,2599.88,2174.1,1010.35,400.64,466.03,826.14,500.52,428.3,343.63
6873,2186.12,1797.79,793.41,392.36,403.89,823.53,389.28,138.44,320.85
4395,1405.11,1181.68,585.02,221.1,269.09,458.52,274.91,322.14,181.56
2028,628.86,587.32,240.06,108.15,141.02,224.53,141.51,146.39,84.62
9118,2767.56,2520.25,1342.39,517.05,571.14,1096.75,611.23,480.02,369.29
2034,688.79,549.4,238.32,124.25,125.74,213.04,133.4,70.38,84.1
5589,1746.47,1405.48,727.41,293.92,321.94,793.87,328.55,437.81,256.43
7515,2483.3,2161.83,1033.37,477.35,470.57,1005.51,443.58,515.82,315.68
4670,1561.6,1394.5,678.65,312.36,234.71,556.46,278.85,98.15,200.28
5365,1735.91,1507.64,653.97,329.66,328.05,576.84,342.33,258.48,244.39
2588,889.8,757.84,305.45,144.77,132.97,283.93,136.87,67.61,114.24
9516,3065.96,2624.93,1156.21,498.9,517.7,1008.74,639.67,265.82,461.07
5218,1639.73,1364.95,606.25,262.52,319.67,563.57,262.79,104.77,238.52
5138,1771.59,1288.21,681.79,332.1,325.54,622.34,274.37,314.77,212.31
2903,995.96,820.59,425.68,181.64,167.49,325.96,173.12,102.04,127.28
8663,2669.95,2379.34,920.91,515.67,505.74,1249.46,476.83,331.71,368.94
6086,1833.7,1759.49,779.29,316.71,364.92,901.01,348.8,138.89,259.2
4169,1269.46,1187.06,604.01,225.71,271.74,561.02,236.18,85.37,177.45
2339,735.21,700.29,245.61,155.08,117.77,328.48,129.53,158.03,103.35
6270,2185.8,1727.48,781.83,373.67,369.56,706.98,361.19,374.22,259.08
8019,2629.64,2176.03,1148.81,555.37,403.24,1068.54,481.99,344.33,341.0
3714,1183.51,981.75,538.61,259.98,209.41,382.17,221.08,89.86,174.61
6692,2304.96,1832.56,841.3,441.77,404.18,990.49,443.27,445.34,323.05
6546,2112.11,1922.19,662.77,361.1,337.76,873.96,367.64,494.76,262.74
2556,807.09,644.42,269.1,139.61,152.6,296.09,142.21,132.01,104.37
7255,2517.93,2168.48,938.33,399.55,496.91,1005.92,435.95,205.58,352.23
5087,1742.17,1524.4,540.2,354.75,324.08,512.72,259.23,300.91,214.4
7452,2549.95,2085.75,800.87,422.58,489.19,885.39,389.26,181.02,321.34
5266,1714.68,1403.8,729.9,337.7,324.43,762.43,347.88,157.62,228.39
5567,1889.84,1453.84,765.66,385.13,378.15,629.96,333.32,268.57,270.88
4056,1253.17,1070.07,576.51,269.29,214.71,541.05,208.2,141.72,168.84
5899,1938.77,1489.53,621.09,365.46,348.02,696.11,346.91,447.22,283.89
8477,2960.1,2320.63,931.68,452.5,525.07,1014.0,491.37,580.95,378.73
9500,2988.21,2402.23,1345.66,508.24,640.96,1304.32,521.77,347.76,454.4
3016,1024.59,862.35,410.34,180.5,169.38,438.86,173.25,234.73,141.39
8470,2748.72,2275.01,1188.32,584.76,423.69,917.61,455.41,361.65,400.81
4062,1226.68,1055.99,607.22,276.58,282.26,462.44,239.58,219.76,167.1
2838,959.67,786.81,406.46,151.33,143.37,353.02,165.09,152.8,122.28
3637,1121.75,1086.33,458.35,202.78,192.93,475.32,226.04,214.49,153.74
6321,2095.88,1799.95,730.32,390.49,369.41,779.94,435.15,218.82,260.8
5496,1672.34,1509.13,706.15,327.28,329.36,770.96,295.19,413.98,254.97
3813,1324.42,1101.37,503.05,199.75,254.29,527.74,222.48,137.04,179.03
5479,1723.62,1571.78,639.76,314.42,323.02,658.92,335.56,328.14,226.91
8256,2570.28,2432.11,1143.84,570.44,503.19,842.36,503.12,544.45,393.69
8116,2487.2,2112.05,849.24,560.24,438.26,890.53,513.15,591.58,347.92
3451,1198.53,1010.95,479.58,211.16,211.83,429.12,191.04,163.63,151.04
8144,2733.09,2158.58,827.43,510.67,463.94,1192.08,510.56,510.64,406.65
4313,1453.84,1281.18,538.69,234.79,224.17,553.7,233.0,108.36,180.8
3514,1141.95,927.88,502.75,227.84,242.22,444.59,184.52,234.32,144.71
3231,1045.99,957.48,337.07,164.94,166.83,440.06,215.29,211.11,137.92
3645,1113.55,1086.9,458.86,198.34,231.67,392.26,216.79,162.7,179.76
7831,2568.51,2014.72,845.51,392.47,533.79,840.63,453.77,303.9,322.64
4999,1561.42,1493.33,723.56,288.51,267.87,586.23,342.78,214.02,230.75
5440,1897.78,1383.32,770.4,364.51,297.8,814.6,349.22,138.36,260.74
6056,2058.0,1580.18,888.39,421.8,354.48,870.84,384.81,352.87,298.1
2305,739.1,627.44,331.34,146.03,128.83,308.88,124.21,172.37,103.22
8155,2508.21,2443.89,1115.83,529.24,531.55,974.99,441.88,488.84,363.52
9512,3227.1,2610.36,1039.13,525.59,539.93,1215.0,567.51,521.55,459.2
5536,1694.58,1536.35,637.33,334.41,385.95,637.62,349.02,439.79,232.28
3723,1152.14,1060.02,464.79,241.0,250.1,497.82,215.58,195.5,166.13
3689,1145.71,1100.85,477.52,221.14,250.51,446.16,189.19,150.33,171.09
3517,1153.03,1017.0,489.25,182.08,180.33,372.84,223.89,219.04,165.3
7487,2540.73,1955.66,833.66,485.29,400.75,829.22,490.21,383.98,307.85
5917,1868.09,1568.89,629.65,321.83,315.89,771.78,407.6,463.45,287.99
9080,2762.44,2314.32,1127.11,471.74,576.03,1223.33,528.23,670.81,437.5
2419,781.89,682.7,260.99,144.08,121.53,253.51,133.43,185.8,104.43
4936,1665.43,1278.61,664.81,254.17,326.41,693.1,338.2,99.02,220.95
5862,1823.57,1540.95,754.92,366.9,357.24,827.82,376.94,234.79,256.99
8314,2585.62,2447.69,1139.48,522.2,509.87,1131.99,426.34,479.16,414.13
6229,2163.71,1659.02,642.66,343.43,378.39,835.8,383.71,239.81,285.54
8126,2825.47,2261.73,1204.56,563.06,493.3,906.81,410.94,482.58,347.02
9108,3183.46,2458.05,910.8,605.58,491.45,1329.6,496.66,572.87,432.26
3450,1174.32,875.27,401.14,180.06,192.04,391.33,177.4,198.02,166.35
5096,1576.75,1366.46,682.77,331.09,304.5,556.1,275.68,242.04,240.84
7649,2375.77,2068.32,782.16,436.46,486.15,1009.11,457.4,472.75,312.35
5261,1667.8,1550.86,548.03,342.0,291.66,621.88,294.5,351.55,225.58
3164,999.53,842.33,328.53,208.87,209.21,464.01,163.77,195.43,138.03
9722,3381.57,2614.85,1254.87,515.53,643.71,1195.93,579.83,668.1,409.96
3869,1313.35,1118.7,560.22,244.66,214.64,418.57,248.27,297.28,173.38
3819,1283.95,1099.67,487.96,256.85,233.73,564.74,195.01,99.87,164.96
4705,1455.25,1364.05,612.49,265.68,268.08,591.76,318.28,349.98,189.92
9482,3275.81,2822.68,1112.24,489.33,510.26,1194.05,597.95,345.25,441.11
5515,1882.79,1598.12,556.67,278.76,364.65,657.89,333.04,296.85,244.64
3342,1029.94,903.61,337.81,174.45,233.37,473.89,193.59,255.8,134.62
7560,2597.3,2200.53,1091.78,378.64,463.54,864.73,437.47,432.46,372.93
9259,2903.74,2550.24,973.39,523.49,632.19,932.25,525.09,231.94,430.64
4226,1284.89,1115.18,633.86,236.6,265.58,527.67,221.08,211.1,172.16
3079,1024.82,816.38,333.21,160.74,188.79,450.44,158.83,226.8,150.54
7274,2419.99,1899.91,972.76,458.42,433.55,826.79,408.63,325.33,321.57
7791,2374.28,2004.23,1148.77,544.11,426.28,882.84,493.49,552.21,330.31
6206,1960.74,1608.75,733.02,422.12,320.76,849.63,346.1,419.84,251.1
8280,2895.03,2096.16,1132.06,455.87,487.25,1149.07,548.51,615.92,392.87
8375,2796.59,2465.79,984.42,547.72,512.77,1019.89,482.45,299.69,416.18
9135,3073.96,2708.99,1052.78,627.91,549.83,1294.27,572.07,454.86,382.33
6563,2038.77,1833.3,722.52,447.12,419.45,712.72,384.84,263.26,289.88
4779,1452.52,1395.58,674.06,323.5,257.31,565.6,286.53,248.78,202.51
4528,1421.09,1173.56,511.07,297.62,258.48,544.33,249.05,95.76,207.04
9235,2885.43,2725.1,1054.25,515.87,538.51,1067.93,556.66,318.61,449.86
2813,876.89,774.47,421.81,145.35,151.14,311.92,146.88,220.66,116.2
7368,2281.41,1866.74,857.38,440.29,501.98,861.37,425.39,413.99,316.69
7089,2330.42,1822.34,858.75,362.22,451.07,715.28,418.01,215.5,295.23
4031,1275.43,1070.02,602.65,282.05,208.96,544.86,258.31,203.56,170.46
2322,791.84,585.56,275.08,132.74,149.2,311.61,134.69,143.68,95.9
4969,1536.4,1319.09,587.87,343.69,302.89,608.76,314.58,279.37,230.29
2903,938.34,734.45,410.44,190.04,175.57,337.17,155.29,145.49,117.38
3541,1064.72,927.04,409.33,206.18,247.15,430.96,178.84,214.01,167.45
8095,2623.46,2131.28,904.12,423.9,504.84,1188.56,486.66,242.98,335.3
7911,2395.39,2371.07,958.5,433.08,537.43,1029.84,470.53,366.21,337.54
5503,1919.92,1440.56,743.08,349.23,375.7,751.53,348.86,357.78,239.12
9654,3277.82,2528.96,986.27,642.94,502.28,1076.19,543.24,528.72,422.95
4653,1509.92,1323.03,552.29,323.8,233.43,487.35,235.43,346.08,194.17
4476,1362.18,1311.32,525.09,235.63,262.77,466.22,288.57,208.7,200.92
5340,1760.18,1438.34,599.37,283.66,349.16,660.03,367.63,149.15,261.38
9876,3337.48,2901.38,1310.69,502.18,656.6,1341.5,571.67,226.41,440.34
9704,3003.74,2591.04,1111.1,535.73,638.04,1346.0,603.81,472.07,390.86
6243,2050.27,1622.25,813.69,414.67,368.0,849.18,380.16,288.77,272.41
3141,1070.17,837.02,393.31,169.5,204.16,457.45,192.61,111.16,138.3
2849,964.14,799.05,315.84,173.67,183.41,292.31,191.87,157.92,122.03
2366,804.79,634.93,268.13,139.42,133.15,337.79,153.14,82.83,101.64
4897,1684.4,1389.01,531.47,276.76,261.37,651.47,320.24,161.5,205.62
3089,1071.53,808.84,317.65,192.65,192.84,336.01,160.01,177.1,153.11
6041,1934.79,1721.98,791.13,362.74,383.86,810.21,319.78,463.32,273.62
4038,1326.23,1079.65,539.64,228.94,247.77,507.12,255.47,129.89,183.19
4860,1650.13,1325.78,526.34,309.96,263.72,573.25,295.53,150.51,215.08
9537,3193.53,2650.21,1247.15,530.25,529.62,1071.94,624.54,487.92,440.32
6270,2193.1,1782.63,934.88,394.16,402.34,772.51,325.17,170.33,277.34
3854,1158.84,1009.5,399.74,266.48,266.9,431.48,236.36,145.08,180.71
6683,2123.57,1950.08,832.16,431.58,460.44,695.98,399.12,530.93,273.22
2494,783.24,713.51,340.81,145.57,150.62,354.91,167.33,175.73,100.5
9116,2854.36,2385.7,932.57,592.1,617.44,1181.82,489.92,568.54,415.91
7233,2250.38,2160.85,1004.76,478.71,365.91,854.82,412.09,155.95,342.42
5182,1738.33,1467.75,771.99,292.87,348.35,633.93,274.69,186.06,241.95
3784,1151.24,1031.6,395.14,242.56,225.24,542.03,223.39,205.02,166.44
5510,1857.31,1420.9,777.52,323.37,361.62,639.12,372.63,345.02,220.58
5786,1936.41,1600.76,688.12,384.02,289.95,688.58,366.87,347.75,238.43
7266,2270.92,1876.36,778.96,406.22,489.52,1004.92,471.46,226.17,319.12
6130,1916.49,1664.14,764.16,421.47,379.44,674.46,317.94,294.1,285.93
2998,993.67,810.77,310.52,184.36,164.3,398.62,177.0,95.67,129.28
7428,2511.47,2124.39,936.71,423.89,423.02,904.11,495.99,560.18,336.61
8681,2984.74,2253.75,876.5,506.86,468.89,1085.19,579.45,463.96,362.48
8893,3046.8,2588.7,1213.28,506.51,520.13,1239.19,620.38,386.09,370.8
7133,2484.03,1899.57,887.33,377.51,403.73,1067.5,431.69,535.55,338.3
6469,2128.75,1760.86,795.34,332.31,392.6,915.85,323.72,480.24,287.12
8700,3005.27,2510.97,955.34,490.99,576.77,939.84,591.44,437.14,430.57
3451,1174.81,970.66,407.44,204.21,240.35,383.85,238.55,211.22,145.33
3751,1293.09,995.52,409.21,214.69,206.41,451.98,257.15,146.78,166.84
4280,1286.49,1152.65,585.37,215.19,223.12,581.91,280.08,164.61,179.26
6800,2368.41,1803.97,747.67,418.74,393.81,853.19,368.82,360.22,289.4
6658,2155.04,1862.5,871.12,352.18,352.02,966.01,351.42,471.38,308.94
9082,3087.05,2421.54,1035.17,492.43,605.63,930.3,581.41,507.04,445.89
4934,1511.58,1412.53,655.48,258.62,296.15,557.18,260.56,234.57,203.7
8869,2836.28,2474.36,1126.56,535.76,553.42,984.14,612.55,530.8,366.25
5734,1798.03,1475.27,694.8,297.61,303.97,786.75,337.83,394.14,283.97
9607,3022.2,2550.79,1283.98,529.61,624.38,1183.95,486.27,645.98,455.01
9669,2960.29,2524.31,1167.88,570.8,671.72,974.16,512.57,408.38,417.01
5346,1819.18,1440.83,754.15,285.23,318.88,741.34,298.36,407.04,235.59
3873,1163.69,1068.17,528.59,228.22,268.2,457.36,248.16,81.12,185.47
8219,2594.12,2263.0,1044.08,467.29,416.66,928.94,532.15,386.68,386.2
6534,2017.18,1880.0,939.94,439.16,331.37,713.09,354.54,486.47,301.19
5803,1911.81,1505.64,820.79,382.41,401.57,854.79,365.42,358.4,282.3
7979,2495.13,2372.35,1010.08,557.39,510.7,1173.73,404.03,496.61,344.09
3979,1245.23,1062.96,411.52,241.04,213.97,413.13,207.14,116.94,167.57
2698,875.28,715.0,346.15,165.95,154.53,301.2,163.77,148.18,118.98
3312,1101.69,941.47,390.03,228.31,199.23,438.2,212.22,258.39,132.73
4962,1518.7,1440.35,630.2,287.76,317.83,662.53,338.84,162.22,223.65
7659,2364.91,2059.69,1013.72,468.07,511.93,925.85,450.0,303.53,334.33
4938,1542.43,1418.9,653.01,284.34,255.06,634.17,258.75,213.9,204.03
6787,2366.54,1996.65,907.26,413.45,428.47,917.14,465.45,282.29,330.9
4300,1375.39,1239.86,576.04,221.95,256.0,634.36,252.62,247.78,180.36
5197,1714.75,1308.14,548.1,341.32,321.97,708.12,311.56,177.08,244.57
7296,2276.91,2125.82,799.54,508.57,439.0,769.83,489.48,367.29,343.33
9204,2986.91,2657.42,1210.57,472.3,543.16,1250.75,568.03,405.11,372.08
8553,2597.6,2424.47,1029.85,564.68,462.81,884.26,479.22,501.79,378.7
7730,2332.43,2226.25,1067.84,423.87,459.52,967.22,470.1,266.81,346.02
7729,2499.84,2310.75,821.17,416.99,415.77,976.52,483.04,411.09,372.35
2126,680.18,577.33,232.96,135.78,108.2,295.33,144.13,136.96,98.32
7602,2332.63,1926.05,972.47,386.81,436.94,764.59,415.8,468.11,308.89
3191,1067.01,871.28,398.99,189.11,161.14,458.67,195.25,223.55,141.96
4639,1622.0,1170.52,525.69,232.08,284.14,617.89,317.35,358.92,199.52
6389,2043.09,1691.25,769.35,390.29,328.7,648.86,325.26,455.14,266.48
5916,1959.54,1652.6,601.95,350.47,347.57,638.94,318.82,451.35,252.97
9805,3413.6,2603.04,998.66,669.78,682.46,999.87,558.16,206.4,474.58
3366,1149.75,956.85,352.58,216.79,168.97,465.51,213.97,194.34,155.51
3019,975.67,878.83,388.97,158.56,173.1,327.7,201.78,108.88,133.91
8453,2847.6,2290.95,1210.35,482.59,536.47,864.57,456.32,579.37,399.02
8805,2697.91,2597.54,995.06,604.3,468.24,941.25,483.69,608.8,437.45
8671,2823.32,2202.36,881.81,559.34,530.79,1109.7,576.32,198.27,427.23
8683,2726.05,2535.49,1175.95,537.35,478.99,1083.42,459.91,483.93,355.73
6079,1872.69,1771.59,867.88,371.92,331.03,682.75,335.7,431.93,263.36
6514,2093.04,1733.37,696.4,377.56,442.3,958.51,421.16,359.86,280.96
6539,2004.54,1732.41,780.02,403.48,353.54,933.38,348.68,297.74,297.78
2684,899.0,711.94,289.7,175.62,154.41,310.6,178.65,66.04,109.79
5629,1817.11,1635.62,592.83,295.81,300.54,696.47,336.67,359.22,277.04
4887,1595.89,1424.96,647.08,339.14,272.1,614.99,288.1,119.63,233.72
8379,2575.02,2232.89,1243.25,459.06,468.07,1154.7,441.62,468.18,345.45
3462,1062.79,968.08,463.59,204.1,195.73,420.28,220.16,259.85,147.28
6086,2003.33,1563.78,908.28,307.06,382.33,774.89,411.9,274.76,252.15
4261,1488.16,1165.12,518.65,259.95,276.33,514.0,272.03,282.12,190.79
6180,1883.74,1853.63,895.44,356.2,372.12,853.71,348.17,420.17,302.21
4841,1521.46,1248.7,533.74,266.23,301.16,618.66,309.71,99.82,224.85
3767,1293.86,1120.22,398.91,262.6,249.62,532.61,226.77,282.13,173.49
6180,1876.33,1799.69,835.08,361.92,432.55,634.6,414.52,193.6,251.8
8040,2764.11,2400.83,953.31,468.62,475.41,1167.53,475.91,297.17,394.47
5560,1813.75,1439.92,644.32,329.5,382.13,783.79,304.39,401.69,238.01
4112,1317.54,1071.9,549.22,215.15,245.93,579.48,213.93,251.64,201.49
7765,2449.73,1947.8,905.98,449.3,509.69,830.97,431.9,328.55,345.86
6758,2127.8,1934.38,869.27,383.37,415.38,764.83,414.07,170.79,306.05
2626,827.95,741.07,301.92,155.73,177.73,391.31,140.23,113.37,120.93
6159,2120.18,1594.59,857.26,413.47,363.22,908.54,312.85,480.28,264.13
5414,1820.13,1567.66,625.96,291.57,346.04,602.73,319.3,142.26,261.8
9082,3028.72,2406.36,1151.14,564.49,538.8,1104.78,517.21,642.71,450.32
7014,2384.32,1800.84,709.53,355.98,470.92,756.09,409.67,277.18,300.44
3375,1055.89,915.06,471.1,190.13,235.87,381.82,199.4,200.05,135.0
3181,1052.6,809.72,416.76,189.12,174.53,347.48,207.79,184.16,143.96
7708,2489.71,2028.45,844.89,396.85,458.52,801.99,533.54,304.74,354.02
2490,844.41,668.73,275.81,151.59,128.55,321.15,137.56,57.91,101.18
5729,1807.29,1676.27,648.09,322.01,302.61,641.87,394.43,165.73,267.71
7974,2648.64,2309.49,1027.26,557.03,546.88,1193.01,435.12,430.2,342.25
5534,1904.31,1506.01,705.12,346.54,336.87,696.02,360.26,425.74,274.41
5296,1695.29,1515.87,602.12,290.66,306.65,624.69,336.97,400.09,253.22
3940,1195.12,1097.02,530.73,205.09,249.91,573.89,201.12,105.62,160.46
6408,2087.74,1711.21,925.65,325.62,392.19,839.69,413.31,464.67,317.48
8758,2778.9,2507.36,894.86,453.8,488.47,931.45,595.74,298.02,370.22
7014,2339.95,1993.2,847.71,446.1,382.49,875.99,481.19,523.19,336.55
3882,1349.2,1090.67,503.4,260.48,239.93,473.81,247.3,254.31,180.25
6908,2240.13,1940.44,893.35,367.05,371.41,955.08,454.08,536.58,313.37
4987,1612.34,1417.05,503.57,289.46,263.23,671.69,256.49,231.91,245.99
7585,2523.75,2042.09,838.36,432.99,427.55,899.12,403.71,484.64,349.36
5159,1574.4,1513.93,531.85,324.45,346.82,637.0,285.03,330.78,250.66
7422,2320.68,1915.73,953.34,398.22,376.57,934.72,449.97,369.4,358.31
6775,2343.8,1993.17,896.13,467.92,451.66,820.61,391.09,531.64,316.54
6530,2177.74,1744.26,705.16,421.65,407.6,688.17,412.32,226.07,293.22
2681,806.1,687.01,312.74,185.26,136.21,389.48,157.95,212.26,109.87
7254,2250.42,2031.13,845.02,402.94,450.04,969.34,475.14,498.55,301.33
3073,1026.82,826.02,433.26,189.77,179.83,379.47,197.51,175.06,139.29
7551,2553.9,2195.64,828.59,488.14,504.58,970.15,490.4,185.27,327.12
4387,1500.32,1191.24,558.97,281.73,298.95,485.46,292.07,156.01,184.6
4394,1382.39,1245.38,611.41,221.58,244.88,555.96,293.01,309.68,218.25
4693,1626.37,1245.58,663.96,328.35,308.25,644.36,307.82,298.89,228.01
3370,1104.17,877.79,449.32,231.05,189.38,426.92,172.94,262.06,149.3
6744,2258.07,1816.85,775.4,353.35,377.08,836.48,421.26,295.44,328.51
6340,2091.17,1777.36,894.91,385.92,341.43,780.58,319.51,467.05,257.37
4156,1272.31,1175.51,569.82,233.95,264.2,573.87,269.62,298.02,170.36
9992,3478.77,2786.87,1351.15,675.24,551.9,1375.57,511.8,779.06,494.41
9966,3051.03,2983.85,1030.15,637.33,590.96,1370.36,694.27,362.23,467.29
4580,1432.37,1303.26,467.91,249.47,303.39,514.37,285.25,227.5,218.21
9257,3153.69,2745.4,1247.55,469.12,609.46,1211.69,496.55,230.11,447.38
6391,2114.97,1635.44,941.01,356.84,428.89,888.0,379.41,354.41,259.04
4159,1421.99,1052.51,576.8,211.12,221.35,532.75,276.71,265.92,196.21
9980,3251.35,2650.19,1412.91,527.21,616.14,1386.71,534.93,342.12,434.81
7708,2457.69,1979.64,980.84,483.47,526.43,1100.09,468.15,232.62,371.37
5248,1816.29,1449.99,604.72,340.6,266.81,570.43,262.78,306.34,230.27
8486,2561.18,2341.7,1136.16,503.73,559.15,978.58,558.11,369.88,404.58
5731,1964.62,1597.53,777.12,355.35,314.77,745.41,308.86,261.3,280.89
8244,2568.34,2368.18,1102.78,437.9,522.61,943.81,476.04,397.91,357.73
5829,1996.06,1740.34,858.82,328.38,375.09,857.27,353.27,295.46,260.52
8772,2692.65,2578.2,1038.24,563.67,600.98,962.35,464.01,278.35,398.02
3627,1193.32,928.22,369.89,207.82,218.26,427.43,248.57,198.27,170.03
5472,1884.59,1460.62,795.75,311.77,366.43,819.24,324.91,132.13,265.07
2027,656.09,532.68,218.97,109.21,103.19,221.87,110.75,54.35,85.34
9080,3062.94,2350.28,1224.58,562.02,530.37,1111.76,587.5,569.24,449.06
3985,1355.83,1104.79,572.49,263.77,234.28,461.02,270.52,254.59,190.71
7656,2578.73,2125.79,884.32,454.68,465.22,1075.59,522.55,275.46,316.92
6153,2130.58,1608.16,870.78,321.87,366.88,708.87,360.71,191.25,266.78
3521,1134.97,1005.58,410.56,235.09,244.21,380.52,201.36,81.83,149.69
2296,708.67,658.14,320.78,118.08,118.41,336.72,157.47,103.63,95.49
4181,1264.29,1049.64,432.7,248.5,231.21,484.45,213.47,211.32,194.2
5402,1687.17,1457.39,717.18,298.31,374.75,740.55,351.19,399.57,219.63
4296,1319.56,1265.2,575.05,295.25,253.06,492.01,230.05,86.55,197.56
9164,3004.85,2529.41,1141.57,593.38,562.88,998.23,543.52,406.44,442.41
4597,1421.61,1229.15,617.63,281.93,237.3,644.13,317.53,207.59,200.52
2901,875.95,762.05,424.01,183.79,161.53,298.16,178.77,212.33,130.25
8060,2432.5,2113.07,1101.74,488.88,409.39,939.79,487.38,256.0,334.02
3098,1058.21,789.95,458.7,164.05,163.42,430.63,158.73,74.26,146.24
3677,1211.84,1069.5,450.18,236.0,230.42,461.86,204.25,157.73,180.49
4881,1551.69,1241.4,617.03,292.14,318.59,656.39,244.35,276.94,231.01
7287,2511.91,1928.25,824.79,456.79,491.16,753.04,491.87,520.94,300.44
6866,2083.9,1732.18,1024.96,349.51,377.83,944.01,431.85,248.15,298.36
7622,2660.2,2203.29,783.21,402.75,431.84,827.73,399.09,267.37,318.08
3378,1117.49,851.14,398.37,208.72,207.37,474.39,193.46,133.63,155.03
3248,1004.19,862.07,373.15,192.24,167.84,416.42,215.11,88.0,153.39
5735,1915.22,1598.14,684.33,312.77,379.28,785.45,302.84,450.96,285.33
7650,2586.99,2069.16,1116.03,419.34,456.44,846.41,417.73,401.14,344.47
6241,2006.28,1648.33,738.95,390.89,432.56,747.49,379.63,226.76,289.41
8079,2771.76,2130.91,1178.31,413.48,422.91,1131.9,427.37,336.93,331.77
3264,1003.8,946.2,395.49,191.55,171.9,475.04,188.18,234.87,135.63
3907,1226.57,1167.02,557.68,236.23,222.59,434.96,272.09,236.07,165.33
9036,2753.04,2416.24,1139.33,507.49,489.17,1262.06,550.08,480.65,366.35
8487,2635.59,2138.36,980.82,563.63,542.59,894.77,543.43,538.83,374.12
7868,2454.32,1981.38,963.57,402.33,542.39,954.29,497.77,514.17,389.56
3058,1057.71,880.58,370.69,205.85,158.4,449.33,165.85,96.79,142.29
4749,1443.25,1318.41,536.62,306.15,260.46,699.32,317.81,140.19,210.67
4048,1300.91,1170.6,463.42,238.53,221.66,464.85,212.28,315.75,181.91
8115,2650.52,2311.76,887.15,555.79,488.37,889.77,555.32,252.73,336.5
6248,2155.15,1845.5,729.77,400.15,368.89,671.5,339.4,299.19,255.96
4476,1566.08,1317.25,587.34,307.15,288.87,555.22,309.27,353.46,190.63
6016,2031.42,1741.13,717.88,357.66,388.95,629.3,396.81,270.92,259.08
6603,2301.41,1807.63,895.47,389.97,405.79,778.12,352.73,336.03,272.23
5197,1763.63,1379.32,776.17,315.02,321.28,524.12,276.52,352.89,243.81
6586,2292.98,1813.46,782.78,337.92,440.25,744.02,340.43,266.23,324.24
5553,1862.27,1527.65,683.75,378.55,321.73,805.26,305.12,254.67,231.8
6440,1957.68,1806.51,696.84,408.0,323.59,787.93,406.89,257.15,311.58
8031,2570.69,2082.48,960.59,500.75,435.77,832.71,485.12,299.11,345.2
3761,1249.89,1063.54,512.78,257.74,190.71,497.74,234.19,181.69,173.27
2220,704.93,605.68,246.13,155.12,128.47,328.08,112.38,143.75,90.77
8034,2520.02,2257.64,876.53,427.95,459.2,989.55,414.55,578.75,340.59
8038,2643.46,2105.8,955.07,522.31,417.76,1054.7,513.14,387.49,334.23
6818,2363.63,1852.59,960.88,419.98,443.86,995.23,456.52,267.68,283.72
9192,2773.68,2394.61,1205.83,544.35,561.27,1111.82,525.68,686.6,453.48
6623,2241.63,1945.61,979.4,460.64,361.05,882.38,353.2,265.95,289.02
9349,3142.54,2565.35,1357.73,626.43,609.39,1140.91,525.11,621.71,392.29
7618,2652.57,1990.2,819.37,487.06,482.67,1128.28,443.68,494.54,317.77
4888,1693.87,1232.07,499.2,281.81,263.13,611.93,306.0,112.36,228.41
3664,1238.84,1039.8,439.51,232.01,255.23,528.65,213.21,112.33,172.89
9209,3002.32,2401.08,1161.29,558.38,493.13,1154.44,625.67,500.7,458.59
5986,1856.94,1792.68,752.91,329.15,391.69,798.65,347.33,431.34,276.92
6576,2152.07,1819.48,701.69,388.03,456.15,784.56,352.65,365.89,293.21
4977,1683.56,1316.16,528.76,269.97,321.07,726.03,273.57,321.33,210.24
3871,1334.66,1095.04,396.17,232.29,245.09,512.32,229.56,247.99,156.36
9915,3366.0,2615.19,1413.31,638.57,674.88,1001.37,650.91,492.4,483.93
9015,2792.52,2623.49,1328.7,457.36,499.27,908.55,607.5,483.64,431.72
3462,1142.41,918.86,366.23,226.09,192.29,463.25,185.93,84.05,166.04
7521,2381.21,2251.88,832.24,379.06,472.49,795.07,376.57,569.07,325.06
9713,2918.37,2722.14,1014.94,586.14,657.01,1319.11,654.54,587.26,423.25
2344,726.67,684.96,337.24,144.08,146.14,272.14,127.9,68.61,112.13
2044,624.77,518.44,302.38,133.32,142.14,259.48,135.79,70.8,95.81
9813,3357.38,2624.14,1109.75,640.01,534.4,1066.87,598.74,199.0,456.27
4068,1272.98,1167.0,468.55,237.36,270.59,456.88,236.28,145.8,185.28
7753,2436.26,2192.18,915.89,397.94,531.43,944.67,410.41,302.35,338.68
9237,3214.45,2398.96,1155.76,589.97,540.73,1231.05,586.0,563.35,437.95
7983,2546.21,2137.93,1070.7,480.73,552.74,860.46,529.78,387.97,348.13
9016,2709.12,2372.76,1128.98,510.86,487.25,1028.4,533.94,636.23,426.88
8191,2573.55,2298.96,1208.58,448.03,565.64,903.86,482.67,206.47,343.24
3514,1075.16,939.04,368.95,184.12,239.15,502.97,228.78,219.35,161.31
4598,1403.04,1220.55,643.4,257.04,235.98,608.78,275.89,333.33,200.35
8430,2561.66,2194.91,983.98,498.8,509.4,1040.47,553.95,381.71,407.05
3001,989.32,811.62,356.75,178.72,181.79,442.19,153.3,112.01,135.61
3033,938.61,787.9,410.79,187.0,155.11,414.89,203.67,141.74,140.25
8685,2762.37,2589.25,1272.08,497.21,441.12,1273.32,479.77,584.77,354.63
4040,1386.13,1041.21,548.67,276.33,202.41,524.71,215.67,303.58,181.61
8899,2858.51,2631.12,1235.12,533.2,538.3,951.33,450.7,213.0,425.44
2273,785.97,616.95,312.63,132.91,134.74,304.06,151.57,117.54,110.47
7051,2290.85,1895.97,818.26,359.34,485.17,776.14,361.03,411.66,332.89
4647,1486.77,1215.5,640.57,288.02,264.16,545.09,321.05,97.81,205.33
3779,1275.49,1064.88,526.14,234.51,238.7,474.19,231.64,116.68,160.89
6476,1966.49,1840.97,820.32,399.35,324.78,698.56,414.29,153.83,284.24
7448,2267.72,2036.12,944.69,504.62,471.24,752.54,480.44,278.72,339.75
2478,824.18,626.4,341.93,161.71,169.17,288.33,138.41,80.1,99.26
8158,2646.02,2414.16,1149.07,549.43,465.78,1152.04,539.48,401.44,400.72
2515,853.89,752.03,293.9,128.74,141.55,253.43,173.35,149.19,109.24
6286,2173.78,1706.98,880.53,354.29,393.0,663.0,360.8,443.37,301.53
3191,1019.26,895.66,449.01,179.89,180.52,447.83,212.86,122.08,144.7
9688,3195.3,2640.12,1082.21,611.71,562.37,1116.95,633.99,223.06,451.67
4668,1517.26,1242.13,634.14,275.28,258.9,685.78,288.44,94.44,222.17
7256,2532.93,1842.05,793.27,475.63,412.85,863.55,416.15,512.8,311.13
8297,2833.88,2263.45,868.3,478.64,527.59,1160.21,483.75,603.09,382.17
3411,1178.8,992.33,439.09,185.67,233.47,385.24,191.54,88.89,162.08
5280,1651.15,1324.5,767.88,294.72,325.58,544.32,309.01,108.82,251.9
2271,769.02,633.85,231.13,121.84,114.01,327.2,158.5,154.46,100.29
2142,671.03,629.83,302.72,115.58,118.41,313.51,122.67,125.19,101.28
9778,3035.45,2550.86,1225.41,531.31,675.12,1323.99,619.05,521.84,420.64
8008,2780.48,2075.38,1145.5,402.98,546.2,1109.14,451.59,416.35,330.27
9987,3005.74,2882.39,1419.89,642.38,522.45,1002.26,592.56,663.39,410.76
7188,2503.36,1888.68,1033.38,416.85,489.99,989.72,371.44,270.26,323.87
8390,2579.62,2178.04,1161.54,423.3,581.35,1037.09,547.57,363.68,367.76
5332,1818.06,1433.77,757.94,306.06,301.21,653.91,337.09,131.55,225.67
2787,874.55,751.45,303.23,189.82,178.42,353.96,158.72,150.41,122.38
8222,2610.77,2414.84,947.11,495.17,503.18,933.69,497.41,638.43,362.74
3681,1144.19,1034.07,412.73,256.69,208.86,496.25,248.26,136.31,167.62
2622,863.36,708.72,359.53,159.42,139.14,300.95,133.43,198.63,106.4
5841,1853.96,1616.32,628.97,404.52,334.91,747.24,400.72,372.38,286.68
5676,1889.37,1689.74,619.32,306.71,389.12,606.46,337.25,193.17,248.17
4572,1375.18,1168.88,658.13,255.11,302.78,611.52,307.21,273.27,211.02
8915,2703.2,2321.34,1206.15,570.55,504.71,976.02,599.35,374.2,383.92
7033,2144.95,2096.72,1011.13,490.46,428.69,763.23,359.91,192.27,334.89
9788,3141.46,2915.51,1047.0,650.96,568.87,990.68,642.4,250.21,436.42
9497,3236.01,2458.38,1139.16,580.02,563.41,1007.53,614.05,199.76,410.44
5260,1811.59,1353.16,600.47,271.96,343.08,587.17,267.54,356.99,261.1
7214,2252.5,1955.39,724.89,413.27,439.04,801.59,496.4,527.28,350.98
6712,2206.36,1694.69,766.69,347.2,359.9,781.17,420.78,328.57,280.58
7127,2411.91,2015.12,847.96,400.72,394.7,732.09,380.23,364.87,335.01
2066,649.64,524.51,216.13,113.99,126.76,303.21,108.39,127.05,98.22
9663,3096.51,2443.79,1240.0,558.24,617.04,1023.88,591.76,599.63,389.86
6286,2050.49,1723.99,749.03,419.56,378.18,849.23,321.7,247.97,311.85
9533,2924.19,2839.78,975.45,505.32,594.9,1208.34,508.0,281.71,403.53
8911,2684.88,2417.91,1204.76,500.1,586.23,1137.4,614.58,408.35,437.39
6616,2035.35,1771.92,902.85,365.35,402.97,696.5,429.34,409.01,307.91
7085,2347.56,2124.78,1004.11,396.21,492.72,794.66,441.18,483.57,319.68
3140,953.56,868.52,390.23,179.65,171.79,436.44,170.11,79.6,150.28
4314,1335.12,1159.44,640.34,236.78,295.05,531.42,234.55,238.56,201.68
7730,2449.58,2081.64,1126.29,532.22,424.79,949.66,455.43,179.69,366.42
4532,1377.25,1177.18,578.14,264.68,274.79,576.9,294.95,314.91,220.16
5580,1727.48,1537.91,682.14,291.74,329.88,679.03,279.44,334.85,249.49
9465,3270.76,2573.94,947.94,561.78,543.84,1328.0,481.63,584.91,418.9
3187,959.18,839.9,432.0,171.11,220.71,438.01,214.81,209.4,156.16
6471,2152.72,1669.69,829.89,351.52,358.79,749.67,428.91,321.86,310.47
6748,2154.1,1792.01,991.13,375.87,428.48,948.8,431.15,255.98,271.22
5339,1781.26,1470.54,692.53,280.27,352.81,672.34,320.29,358.46,248.47
2548,839.4,644.43,381.29,164.15,137.44,334.77,134.8,169.8,124.95
7193,2238.28,1853.54,1026.38,473.58,499.65,1030.82,374.36,202.1,336.89
9675,3312.34,2877.18,1428.8,560.04,589.52,1197.76,658.94,717.55,440.55
6087,1975.82,1686.97,708.42,388.23,415.68,838.87,350.92,202.53,254.19
2072,706.81,524.57,222.67,119.72,131.11,272.27,132.43,79.54,102.58
8451,2706.86,2405.61,1181.82,450.28,532.32,1025.42,499.66,278.5,390.97
2198,767.62,556.29,306.2,127.36,125.09,306.52,142.03,171.3,90.14
5201,1760.67,1492.39,575.09,317.99,340.21,547.45,280.16,197.47,256.29
3781,1316.91,1087.03,522.67,192.15,191.3,487.98,225.69,295.99,170.77
9991,3254.23,2823.0,1289.82,630.33,610.61,1022.28,574.86,582.24,415.35
2571,832.19,736.87,271.18,166.73,130.2,277.18,141.15,78.66,108.66
2790,942.39,709.77,349.0,187.49,156.62,362.54,172.85,148.51,138.6
3638,1251.52,1041.7,533.17,189.38,188.91,419.75,220.97,265.34,161.4
3831,1333.98,983.93,480.11,191.56,261.4,433.38,229.53,205.73,169.32
3855,1219.06,1029.19,537.52,198.4,241.19,569.74,238.32,107.77,172.94
7606,2585.55,2260.03,771.59,520.88,481.99,899.75,401.98,283.07,357.52
3174,985.63,873.31,432.95,207.3,212.73,407.02,182.22,106.29,138.55
5740,1878.58,1712.65,845.74,382.91,371.15,727.33,324.27,158.14,253.77
5277,1630.55,1342.71,659.5,318.42,276.96,544.06,345.03,209.17,250.45
2178,691.23,596.51,254.58,131.84,135.8,291.23,110.46,129.95,97.16
4244,1470.83,1074.24,561.62,237.54,295.23,533.24,236.13,182.28,200.04
6086,1870.26,1713.27,887.42,406.88,330.36,724.67,416.07,283.78,302.0
2734,906.65,694.26,297.56,182.07,170.59,282.42,153.12,107.28,135.68
8232,2713.66,2130.18,989.36,476.17,504.39,943.8,436.61,655.83,366.08
2798,856.29,735.71,301.67,158.33,161.82,403.48,182.28,154.37,118.47
9601,3036.79,2759.68,1198.52,621.83,663.36,1043.49,489.24,672.39,408.16
2787,914.55,719.6,354.01,140.81,159.22,309.26,163.11,129.54,134.31
4795,1483.38,1401.73,705.87,322.22,248.73,528.72,321.78,144.42,195.62
9350,3179.29,2399.17,1127.85,550.95,647.5,1351.45,645.92,662.06,377.78
6304,2197.62,1587.11,809.1,370.84,407.14,851.04,346.6,414.84,295.12
6588,2047.14,1777.13,950.41,417.56,374.52,949.28,368.43,262.13,323.48
9297,2875.99,2779.54,1079.11,584.92,517.01,1354.46,570.32,524.21,393.34
8808,2842.75,2250.59,1177.7,487.25,603.88,1289.48,480.31,225.56,357.13
5084,1715.28,1296.86,700.87,350.11,282.01,631.87,269.53,109.71,248.88
7753,2435.06,2229.44,903.43,540.59,470.94,959.91,453.7,534.53,337.58
4918,1480.29,1306.26,532.21,297.64,267.04,695.63,253.01,376.3,223.76
2731,893.2,780.69,341.77,167.21,190.91,318.42,185.39,111.0,132.08
3129,1088.36,813.54,368.72,191.14,204.61,316.37,177.36,174.77,132.98
5446,1740.34,1486.78,617.16,325.21,334.13,634.88,308.93,343.3,250.58
3605,1157.23,949.07,535.96,248.4,234.02,489.62,237.31,233.47,179.94
5778,2013.32,1574.95,722.87,317.18,394.8,613.51,328.37,282.34,273.95
4745,1588.3,1368.72,677.7,247.5,328.65,660.69,309.46,269.5,208.65
5170,1736.91,1489.48,567.49,354.62,339.77,727.8,277.24,307.22,246.51
6689,2194.9,1844.75,983.1,362.95,448.04,702.65,405.22,175.22,269.02
9754,3401.52,2891.27,1362.84,633.85,565.3,1023.12,637.62,572.62,411.16
4933,1649.81,1298.31,692.76,266.76,285.31,542.34,291.04,249.86,234.05
8995,3101.04,2356.83,1074.8,622.49,595.16,1059.79,462.67,384.18,383.39
3215,1076.93,902.42,399.57,211.62,209.59,407.14,208.13,114.79,132.65
2324,782.62,653.19,301.35,158.9,158.08,288.82,139.16,135.43,99.78
7074,2224.92,1784.96,986.74,488.25,372.52,1009.17,398.47,212.26,295.08
7845,2472.54,2199.65,1117.54,405.5,500.64,840.29,548.02,538.56,346.8
3850,1305.72,1034.58,400.02,225.87,242.37,519.28,259.96,116.69,158.79
9099,2864.69,2614.8,1321.2,572.89,600.26,1159.62,461.83,603.24,440.18
3490,1145.2,1013.51,512.59,230.51,176.21,477.58,215.94,240.97,166.82
2893,903.97,803.12,375.06,158.62,192.46,338.76,165.17,220.97,124.6
3390,1155.48,847.79,370.65,231.51,191.63,418.9,172.04,162.03,153.23
5389,1646.47,1518.72,759.42,293.27,343.51,546.6,270.67,128.37,261.64
6239,2130.45,1793.36,795.03,420.03,388.88,660.12,384.79,378.46,307.52
6479,2138.95,1700.41,912.63,390.39,380.99,769.38,365.43,239.45,265.06
4263,1318.74,1164.79,599.98,257.09,276.76,528.88,273.11,108.98,201.3
5432,1776.82,1620.29,566.76,312.23,376.03,566.49,320.97,387.55,224.64
4371,1373.04,1157.9,569.76,227.6,246.83,617.4,285.56,124.07,175.72
5086,1608.06,1328.25,631.46,289.61,330.43,749.18,337.0,256.24,207.46
6312,2004.54,1644.55,929.8,369.47,355.31,819.42,398.57,424.87,288.83
3515,1065.63,976.96,403.63,209.43,235.2,360.89,205.13,112.29,153.86
9094,3176.52,2705.37,1003.07,589.13,534.23,1245.34,634.48,671.12,374.55
9714,2929.52,2724.14,1407.12,554.1,572.98,1076.88,545.28,387.54,434.64
8326,2773.6,2207.77,894.51,484.01,544.83,1138.02,501.99,364.55,375.36
8413,2680.06,2371.86,1130.08,573.11,504.14,1024.01,508.21,234.64,402.76
9088,3019.95,2555.93,1045.13,591.19,502.87,933.08,532.25,533.17,423.83
7586,2410.92,2122.91,973.98,382.77,530.34,864.33,397.72,377.17,338.79
4917,1640.74,1268.44,643.2,325.71,306.84,596.69,280.66,385.74,212.63
7731,2601.19,2178.04,934.43,539.62,486.3,1057.7,419.82,478.55,309.4
9686,3240.23,2629.83,1440.78,666.35,609.56,1033.05,658.62,634.82,468.03
9709,2968.02,2436.28,1034.9,647.78,656.98,1110.22,612.71,310.15,414.28
8610,2865.79,2384.87,1029.5,538.84,462.16,896.96,480.06,540.42,362.76
4352,1366.53,1303.26,528.85,241.81,222.75,569.2,266.84,232.59,206.05
3167,954.66,847.13,416.63,199.8,182.84,391.8,212.39,140.08,128.95
2110,676.76,629.37,253.97,134.85,129.34,309.01,144.93,141.28,89.94
7109,2286.8,1811.45,745.39,395.48,396.07,974.13,366.12,559.57,315.29
6327,2045.89,1813.46,932.42,348.66,403.56,878.78,415.93,162.52,281.02
7810,2618.23,1997.15,943.48,452.5,402.05,845.2,541.44,525.87,324.73
5655,1783.83,1491.1,662.39,355.26,372.18,640.89,335.6,425.08,228.47
5793,1829.22,1613.59,708.69,323.6,372.85,727.93,404.99,225.41,258.98
3755,1137.87,1050.04,416.17,229.48,203.82,378.03,259.63,156.89,163.62
9759,3262.83,2818.01,1024.8,663.46,546.2,1400.48,616.16,660.55,418.16
9667,3174.56,2714.16,1038.52,540.4,639.38,1342.62,647.23,746.47,412.84
8738,2774.06,2443.85,946.61,605.71,572.05,899.11,488.73,667.02,393.57
3577,1199.22,1057.42,393.05,212.71,237.07,509.55,244.49,83.48,143.85
3296,1077.36,898.52,398.81,171.45,186.04,330.34,203.82,238.25,135.34
5774,1867.67,1508.53,757.52,295.06,400.67,610.38,347.56,318.65,249.74
4220,1373.89,1089.14,554.7,239.58,271.37,433.68,281.53,191.03,189.05
2972,986.16,802.44,297.21,163.98,152.48,368.4,201.47,210.22,139.5
3030,1008.99,865.48,442.53,202.63,180.45,421.78,194.0,206.12,130.08
9322,2931.28,2350.33,1315.73,603.63,590.0,1015.42,470.77,471.33,435.06
9689,2974.88,2484.77,1435.88,655.86,517.13,1342.65,600.18,432.55,425.07
4593,1413.87,1172.62,541.97,283.78,312.49,501.77,305.13,222.06,219.3
8691,2885.15,2427.07,1157.99,510.24,565.63,1299.54,529.33,339.83,389.41
5992,2059.11,1570.76,649.54,332.02,309.36,854.9,411.63,364.5,272.12
6613,2119.3,1708.22,931.45,407.77,451.43,905.05,449.33,486.2,293.29
2913,898.59,814.59,314.8,181.66,169.21,377.48,176.51,102.04,120.39
8358,2823.58,2407.65,972.03,483.59,493.53,937.16,485.4,581.14,348.63
4181,1428.33,1114.69,520.71,287.37,274.53,443.03,213.66,174.12,183.98
8428,2899.48,2350.66,1093.34,529.27,529.95,1036.77,528.03,235.22,345.45
5197,1716.79,1324.75,665.12,346.9,305.33,624.33,287.49,116.57,215.17
8040,2758.01,2385.95,845.04,501.76,443.75,1075.14,509.49,392.04,371.75
3462,1041.27,923.82,419.19,195.02,208.89,375.64,228.41,187.29,160.4
7968,2433.12,2389.41,1164.49,515.79,490.7,1020.75,463.53,162.24,328.87
8829,2689.57,2639.25,1268.01,482.11,552.86,1188.98,444.2,522.3,428.54
9319,3127.74,2692.64,1207.18,577.15,578.72,1071.2,627.22,476.31,452.6
4378,1328.63,1098.89,563.08,254.13,272.95,608.55,266.97,349.56,191.74
9705,3152.36,2689.97,1024.69,514.34,577.59,1180.05,546.35,254.96,436.53
5454,1765.11,1387.18,600.01,317.78,333.99,589.75,341.83,339.79,261.88
9282,2928.8,2735.93,1045.45,521.7,517.68,1018.59,589.29,306.51,442.07
9037,3104.39,2616.05,1124.29,472.13,480.47,1029.72,478.5,292.62,394.26
5553,1713.22,1658.22,758.36,369.14,345.06,599.2,349.44,117.3,239.73
3307,1050.38,927.35,406.88,198.33,168.46,423.78,184.31,67.44,154.25
6994,2368.93,1931.1,743.48,398.15,358.82,1031.31,462.11,218.19,305.18
7194,2169.14,1985.17,877.43,432.35,395.28,1041.72,495.16,219.63,337.36
3189,1064.0,858.87,344.83,207.58,171.84,370.52,166.0,63.86,131.69
7308,2490.71,1998.26,1005.27,368.07,420.08,1046.75,499.48,460.62,341.43
8221,2849.51,2316.44,890.54,500.95,472.1,1214.25,559.59,412.86,393.39
9090,3125.28,2696.52,1128.31,541.61,475.74,1042.7,516.84,397.86,445.83
9769,3086.7,2733.31,1315.6,662.94,536.61,1419.09,494.08,256.22,435.32
2687,884.88,786.9,299.36,164.23,134.6,402.7,169.99,107.57,122.54
8164,2480.75,2393.19,847.44,430.62,465.51,1142.01,464.48,393.79,350.15
6661,2084.18,1838.05,853.71,384.83,439.15,796.06,358.58,532.1,276.46
3207,977.21,857.47,329.39,200.19,177.42,418.28,167.31,162.39,133.83
3894,1229.57,1098.03,503.84,198.28,244.8,460.31,209.97,82.44,188.65
9389,3227.56,2556.57,1292.63,635.57,487.9,1406.45,514.04,304.81,426.4
6922,2196.75,1758.69,806.18,355.48,347.8,715.68,456.27,285.68,302.93
7447,2443.32,2002.43,926.54,376.91,446.58,1077.24,489.09,352.66,362.22
8322,2676.93,2494.13,1218.66,416.44,492.91,863.22,498.39,503.12,342.35
3811,1230.75,961.99,470.87,242.67,205.15,389.14,232.72,211.26,175.09
5183,1806.16,1476.29,776.56,306.41,288.86,761.89,354.29,262.03,248.3
9903,3117.54,2892.26,1068.04,515.51,501.22,1419.73,675.0,695.92,408.49
5797,1920.93,1637.28,785.18,389.12,382.35,684.5,385.93,184.2,238.87
7178,2304.16,1998.98,952.02,388.0,402.15,1061.46,412.63,177.1,289.52
7446,2256.56,2124.92,1069.36,420.9,404.98,1065.47,426.89,523.4,367.98
9048,2935.77,2456.23,946.62,484.56,598.01,1312.86,613.07,431.86,424.55
3644,1241.39,927.65,415.45,249.74,185.06,472.83,249.72,193.87,148.36
5968,1819.87,1779.17,636.24,388.88,332.36,882.77,393.7,419.21,278.78
4716,1431.21,1280.94,691.62,304.08,260.58,662.5,307.21,361.95,202.96
2190,673.82,620.36,265.72,111.43,121.02,321.92,133.95,116.33,89.99
7319,2475.43,2024.18,1064.94,442.46,367.63,834.92,415.48,503.07,365.38
3335,1121.23,842.87,382.59,205.13,229.09,422.23,182.8,175.71,139.4
6803,2233.09,2024.83,723.28,392.2,457.73,975.44,359.24,149.66,326.44
5106,1651.34,1478.83,586.31,288.16,297.63,658.6,329.66,394.96,249.24
2378,819.02,612.23,308.8,159.42,140.08,333.05,155.85,164.24,107.73
6482,2193.09,1938.65,922.14,327.08,392.05,963.58,370.59,422.66,322.54
5829,1985.34,1672.02,695.22,364.35,347.21,817.39,292.15,271.1,240.15
8380,2854.76,2292.9,1221.3,485.08,549.58,970.14,576.31,641.51,415.72
2615,868.54,733.69,293.43,165.58,156.29,277.02,153.61,129.16,106.45
7638,2466.32,1950.26,1028.66,412.13,410.74,867.96,530.78,483.08,341.98
4330,1486.2,1203.83,592.28,237.17,226.63,576.49,275.16,112.73,210.22
8144,2820.27,2065.99,925.96,502.79,556.77,818.86,427.4,269.82,370.81
3754,1130.67,1040.77,380.46,261.27,191.33,411.01,212.25,170.63,172.06
2463,745.25,683.81,291.28,171.16,167.36,286.56,155.52,135.16,102.49
9397,3269.57,2760.11,960.94,516.64,599.62,1350.92,591.87,642.13,468.38
2966,930.9,849.03,430.18,154.37,172.31,304.16,162.06,102.19,125.5
6267,2153.77,1644.95,925.49,387.34,336.81,642.35,335.52,416.51,304.51
5158,1647.67,1518.63,705.45,301.23,289.93,658.1,286.45,378.59,255.66
5624,1720.69,1567.2,766.74,366.87,340.8,612.39,369.71,388.66,240.75
7242,2201.73,2030.07,811.43,438.57,457.24,811.91,397.13,415.29,342.58
6938,2135.69,1793.12,719.44,417.75,442.85,757.71,444.28,475.94,283.1
7417,2317.77,2172.36,1039.16,466.75,437.2,957.39,499.91,538.85,351.67
8004,2596.71,2373.57,1024.18,420.44,460.07,822.63,462.89,426.66,358.93
2689,901.02,776.45,360.54,170.87,175.77,395.28,134.83,184.49,110.73
4622,1614.56,1372.91,642.38,276.26,316.65,490.66,244.22,209.23,226.23
7603,2448.74,2015.67,915.95,504.86,519.2,1122.05,427.58,390.4,355.73
4212,1372.73,1234.35,451.64,222.28,257.07,585.07,226.6,97.54,175.58
8120,2647.86,2228.49,1134.78,454.84,418.83,1148.17,453.02,592.84,368.06
7818,2556.26,2018.58,959.18,539.48,402.36,849.35,475.97,222.21,338.2
2382,776.26,675.15,336.69,145.45,138.29,317.95,120.1,87.11,112.21
4256,1278.67,1209.58,518.74,291.9,275.18,599.47,218.27,166.19,196.94
5810,1743.5,1535.85,644.04,370.57,348.29,743.11,389.94,156.6,243.41
5503,1677.77,1383.31,597.35,377.11,344.2,701.93,332.64,414.4,233.44
3412,1040.93,887.09,468.11,192.29,228.15,368.4,234.44,266.83,160.52
3583,1201.18,967.37,461.29,185.64,182.04,432.51,179.38,257.66,167.51
8367,2595.83,2161.85,1005.97,552.6,572.94,899.68,418.38,341.22,360.81
8146,2808.22,2115.53,1015.04,538.36,461.21,1210.84,527.8,189.92,364.8
2371,821.39,639.15,302.26,147.89,120.77,318.29,141.13,73.44,105.92
7806,2722.69,2326.89,874.04,480.78,520.73,799.5,532.96,517.74,321.95
7565,2624.71,2180.33,899.54,516.68,519.59,936.84,497.26,281.1,349.58
2610,818.48,694.23,299.16,139.71,170.62,344.25,156.81,191.98,111.3
2115,688.41,629.38,252.58,131.83,139.78,221.61,125.99,148.28,94.33
9437,2913.89,2663.9,1179.89,481.24,636.3,1257.47,624.95,322.9,384.25
2446,832.4,667.2,265.8,129.19,147.85,266.28,161.62,150.69,112.86
3391,1167.93,927.15,405.82,199.21,215.7,408.26,188.33,157.81,164.11
5324,1823.81,1440.34,635.02,353.64,296.7,698.92,338.04,175.14,243.29
3340,1074.37,873.91,381.76,215.97,183.68,394.96,209.97,185.06,153.53
6510,2199.95,1753.35,976.01,452.32,404.78,774.98,436.96,457.27,304.23
9262,2823.79,2559.97,960.3,471.41,599.18,1316.88,624.0,700.28,388.66
7904,2387.1,2184.68,1044.49,455.48,457.98,912.62,437.61,185.93,321.6
4939,1667.71,1422.86,536.98,262.64,286.49,655.7,333.85,222.87,239.74
7143,2294.82,1913.89,1014.14,362.43,493.47,1017.57,489.23,401.9,346.19
5699,1993.38,1629.0,830.4,315.09,344.04,613.4,297.45,229.55,259.0
8806,2684.62,2456.03,1057.37,483.36,614.0,900.82,541.35,343.96,369.59
7969,2731.62,2375.5,1125.01,465.39,535.97,1125.83,468.01,528.47,383.89
3073,995.65,827.45,345.7,162.26,192.96,391.98,178.36,205.74,129.69
9669,3300.59,2852.94,1034.62,577.93,485.22,1367.05,619.75,616.26,470.0
6813,2322.25,1982.8,788.9,466.02,380.97,753.87,358.3,503.56,301.39
5569,1925.76,1569.81,652.04,361.78,324.97,788.75,369.78,276.68,225.96
7454,2347.21,2107.44,893.5,498.25,470.02,780.92,376.67,501.42,359.05
5150,1789.57,1309.3,611.04,340.39,298.24,742.42,317.06,106.46,234.87
3605,1108.84,1072.53,434.61,208.34,239.94,508.76,196.5,285.68,155.68
9194,2795.88,2347.66,1245.8,590.06,581.6,1180.2,582.43,690.97,409.4
8414,2705.78,2340.45,944.72,547.63,479.12,1097.33,509.12,593.03,411.12
6657,2272.81,1774.11,671.88,360.23,437.29,780.81,465.96,367.91,279.8
8947,2895.88,2429.04,1113.76,601.29,501.58,984.89,601.65,471.05,367.17
4294,1466.25,1204.51,525.65,254.01,220.09,527.18,243.61,124.56,205.46
9943,3345.66,2937.59,1024.16,500.4,531.46,1321.15,602.24,231.05,459.53
5662,1757.89,1545.04,604.08,355.96,283.41,848.87,319.09,200.17,275.74
6482,2252.13,1940.62,813.47,411.84,432.01,913.07,418.58,188.36,279.6
6797,2059.76,1900.72,759.48,414.86,425.1,827.3,397.27,364.65,310.03
8702,3001.44,2245.36,1252.04,472.07,534.4,1193.59,455.19,347.67,351.77
7068,2227.99,1834.15,768.04,421.57,446.99,744.98,446.81,305.84,342.56
7480,2431.06,2137.83,755.53,433.86,471.78,903.22,375.66,161.44,313.5
2983,957.89,753.27,365.05,207.3,182.89,361.68,166.89,157.85,122.74
7607,2347.46,2084.45,1135.79,505.82,508.51,1140.6,518.36,451.63,341.14
2351,747.4,605.17,309.61,153.37,138.28,281.06,121.98,94.19,111.55
3724,1153.12,1011.67,438.32,199.69,246.14,387.91,223.77,103.81,156.77
3951,1225.58,1135.9,398.43,223.71,259.71,408.38,260.38,245.85,167.26
3279,1014.37,894.97,407.41,188.85,177.03,442.4,223.27,90.96,141.51
9389,3046.27,2423.98,1035.83,561.96,554.66,1074.61,574.58,647.95,451.71
3907,1327.98,1025.96,517.24,197.71,260.59,560.44,207.32,206.14,185.48
6848,2249.22,1837.85,884.42,423.62,456.19,850.16,471.26,234.52,292.4
8924,3075.75,2262.04,1010.74,510.07,450.48,1039.81,579.93,659.7,379.73
3024,1003.45,844.35,312.82,185.17,164.69,417.18,175.13,86.2,148.37
2545,851.22,713.56,350.58,127.71,148.83,307.63,141.35,142.7,117.45
7565,2522.02,1914.76,977.95,426.88,385.38,1035.42,385.47,431.59,319.62
6174,1990.95,1667.69,877.36,403.61,340.88,837.84,332.34,137.3,255.63
7355,2460.0,1991.0,831.04,441.46,405.75,1001.46,482.15,416.17,299.07
4381,1329.57,1168.37,581.11,288.17,237.85,625.85,228.57,270.1,186.03
2888,990.56,802.54,305.94,184.77,167.31,411.31,151.87,215.47,136.31
9516,3224.88,2543.61,1090.44,638.51,630.53,1267.82,513.09,595.09,416.01
9265,2893.1,2509.15,1230.64,464.63,508.48,1369.81,536.51,454.6,460.01
3105,1050.74,900.07,438.67,171.48,191.4,313.72,166.99,221.07,134.27
4549,1367.58,1174.12,527.89,277.38,278.18,666.52,309.72,187.54,188.79
3990,1240.34,1121.01,558.37,274.59,264.77,428.58,220.06,284.61,166.65
7596,2303.54,2091.02,1017.01,483.07,439.66,839.98,519.49,536.57,340.94
5998,2033.39,1590.99,704.37,354.67,326.72,844.94,418.05,337.21,296.15
5775,1950.76,1653.83,830.56,303.78,391.72,693.13,375.93,234.91,282.99
4812,1639.36,1335.62,603.72,288.07,320.76,583.53,241.32,266.93,201.3
2920,876.65,799.69,386.64,171.76,182.3,330.14,160.02,217.11,138.83
6645,2160.03,1883.08,829.17,435.71,344.64,739.07,367.78,386.69,315.8
4061,1361.42,1178.16,498.02,236.62,204.36,427.67,247.13,285.9,169.15
6487,1996.5,1937.24,923.74,365.72,348.04,712.52,344.9,263.88,278.82
9514,3163.31,2677.88,1091.59,492.77,513.12,1221.0,490.39,357.14,387.79
8453,2571.45,2482.83,860.78,430.51,445.68,1143.95,452.47,298.82,344.45
8529,2636.03,2132.72,1228.08,501.36,471.17,1167.98,482.29,421.97,378.87
9376,3035.85,2592.57,1324.37,533.84,532.16,1111.11,478.03,430.53,420.42
7476,2487.1,1949.24,884.62,456.83,486.6,1092.23,403.01,532.69,301.49
7069,2172.26,1800.54,772.45,454.1,453.76,823.09,377.13,189.14,351.06
9768,3020.86,2701.81,1306.73,496.22,508.79,1031.08,639.29,520.08,438.22
5639,1749.34,1620.32,586.11,337.91,392.15,830.41,301.07,249.27,269.99
5165,1611.14,1397.72,625.93,347.29,335.95,656.13,340.02,393.85,239.39
9260,2882.89,2625.26,965.75,547.3,493.27,1375.75,557.12,623.23,427.75
6435,2057.64,1766.32,835.88,388.83,337.77,770.16,419.29,296.02,276.91
4644,1545.01,1262.49,470.72,277.41,240.33,640.27,274.03,271.38,226.96
9612,3094.12,2542.5,1263.61,555.53,621.28,1014.04,653.82,622.24,413.29
6852,2321.45,1844.08,915.84,357.69,374.98,977.81,380.49,166.29,339.28
3045,1023.01,814.51,378.67,159.95,156.69,330.49,198.95,183.99,123.0
8434,2583.56,2381.0,917.2,451.91,492.85,872.36,449.27,239.27,347.03
5556,1680.37,1421.23,583.77,365.87,356.55,582.76,375.88,174.11,262.61
9951,3422.12,2533.84,1150.98,552.35,558.16,1272.42,503.21,474.39,458.61
8449,2568.42,2391.07,1041.43,582.66,504.01,968.2,499.75,665.5,398.54
4681,1439.02,1298.11,618.41,309.9,252.09,693.01,273.49,361.04,217.27
5199,1565.45,1411.58,520.22,331.13,304.57,741.55,324.81,385.43,235.37
8768,2905.86,2258.83,1188.53,564.73,501.34,1228.97,515.72,193.42,353.45
2938,966.95,794.88,398.5,149.7,172.4,412.74,181.51,209.1,141.29
9440,3297.82,2732.75,1153.82,579.31,559.93,1364.4,634.69,628.42,425.76
6943,2390.8,2044.58,813.51,477.83,359.97,994.66,366.87,346.64,285.07
2441,782.44,696.0,346.9,123.96,126.61,357.39,133.97,96.48,102.34
4550,1449.54,1151.13,633.49,253.98,251.22,667.57,300.56,297.28,212.12
6225,1959.9,1764.92,928.54,317.66,325.66,715.35,339.64,164.48,253.79
9299,2860.56,2436.8,1102.83,570.91,511.96,1031.99,633.38,548.89,452.81
2596,796.72,689.92,377.31,135.83,131.07,343.07,157.88,156.57,124.37
8054,2469.47,2092.38,840.6,479.9,459.2,855.07,415.89,428.65,346.83
3505,1071.5,1012.2,422.61,225.72,190.21,387.5,176.7,254.7,171.17
2861,892.71,808.03,352.67,152.46,194.1,396.67,186.7,113.84,139.76
9557,3013.64,2681.62,1166.37,622.23,641.88,1265.98,641.53,465.33,462.35
4640,1615.09,1314.97,609.02,237.59,259.88,615.0,254.26,304.01,199.88
7094,2333.38,1857.48,769.77,375.93,422.16,1046.59,388.86,446.93,330.29
8468,2958.55,2305.26,1213.66,470.84,585.27,1129.47,584.99,455.13,376.95
9236,2942.81,2601.44,1178.4,608.86,558.61,1122.55,583.01,335.53,419.21
5731,1850.43,1615.17,832.2,383.99,383.8,653.43,305.76,215.8,252.72
8591,2716.72,2487.89,860.23,467.42,571.54,1004.53,506.63,553.88,343.98
3551,1097.77,938.73,466.95,184.35,244.4,404.43,242.21,72.24,142.39
8962,2752.75,2585.69,1081.02,600.09,502.89,911.88,559.44,530.23,427.74
7736,2686.36,2104.26,968.97,487.27,393.52,874.78,449.84,269.96,382.65
5236,1829.15,1484.45,718.33,278.33,272.69,742.3,277.62,316.15,221.46
7607,2299.18,2075.08,847.1,465.2,467.27,1037.68,490.8,237.46,345.69
3736,1148.88,1111.2,411.88,251.98,226.42,489.76,207.45,159.1,160.87
8852,2843.05,2292.36,1196.35,454.91,495.44,1284.52,542.79,577.41,396.35
3449,1066.83,978.65,434.81,178.23,189.61,390.45,213.85,225.26,142.03
9864,3138.67,2750.35,1101.63,547.18,633.15,1271.31,602.78,321.38,466.11
7953,2437.24,2056.94,987.77,501.4,451.81,807.76,436.86,338.61,359.18
2264,730.88,573.47,278.42,121.26,140.55,327.38,145.27,113.54,97.55
4659,1460.99,1350.91,626.97,309.02,299.32,570.2,285.69,257.37,217.28
9509,3020.01,2452.11,952.17,618.17,557.32,1035.47,552.22,613.77,428.97
8975,2734.82,2327.44,1160.81,549.45,483.47,1004.89,458.11,192.23,395.28
9893,3179.67,2957.23,1288.9,517.62,664.96,1408.88,560.19,266.31,448.47
9445,3297.84,2699.98,1296.57,658.92,489.92,995.88,538.83,278.28,467.87
4721,1493.92,1239.38,682.0,282.32,314.37,690.49,310.75,148.43,192.11
3462,1190.31,967.79,422.4,204.4,231.03,410.85,208.65,75.53,170.47
6252,2139.18,1729.96,732.27,437.09,384.0,703.69,429.15,470.33,257.98
3445,1197.49,1006.71,362.12,231.77,215.62,401.66,223.98,102.43,144.91
4298,1459.19,1231.23,502.19,254.13,245.68,517.69,261.15,104.95,214.01
4925,1639.93,1436.06,509.36,287.5,329.15,627.47,262.89,237.89,236.89
3632,1245.16,946.41,508.99,188.57,200.76,469.76,197.66,277.74,158.05
8673,2634.7,2445.88,1217.26,594.36,530.75,1061.5,461.42,675.31,382.02
4374,1413.42,1102.3,528.65,292.51,218.86,535.02,257.44,265.0,188.04
9104,3181.51,2307.38,1028.59,511.65,626.33,1040.27,586.76,279.5,384.66
6990,2365.98,1996.88,740.25,454.81,482.07,833.14,455.65,141.39,283.86
8240,2868.38,2070.06,1174.71,537.7,529.08,1016.46,427.85,330.44,332.37
2512,851.52,700.82,361.41,137.05,146.86,326.26,150.51,69.15,113.08
2215,761.39,646.82,250.99,137.93,118.66,235.98,132.08,144.65,100.34
9299,3118.2,2501.4,1218.99,512.38,556.54,1285.11,546.57,726.68,442.78
5331,1802.01,1344.7,602.04,350.77,350.93,714.51,298.67,133.4,218.31
4172,1360.73,1191.91,464.16,221.43,259.1,479.52,248.3,182.8,188.35
5153,1784.03,1527.78,520.76,326.59,312.01,633.65,310.89,382.09,253.76
9450,3224.83,2701.36,1217.71,534.12,633.04,1392.42,585.84,601.94,458.58
3706,1268.17,1033.69,398.38,187.98,208.51,374.39,213.27,267.52,168.05
4106,1369.97,1073.72,413.14,215.46,275.92,577.17,282.91,309.5,169.73
3567,1124.42,894.49,375.4,225.07,209.7,447.97,202.52,159.65,148.25
4208,1269.9,1198.16,486.82,230.59,210.6,551.0,285.73,259.3,188.41
4331,1501.92,1132.78,578.01,271.21,279.95,581.34,285.95,270.95,199.98
4153,1367.61,1216.45,457.37,242.11,280.56,509.99,246.3,240.25,206.76
3128,985.03,854.94,451.62,199.74,186.7,342.81,187.45,123.7,151.12
5510,1694.09,1523.69,630.48,329.82,325.61,801.59,371.36,385.32,243.23
6323,2159.15,1819.11,737.02,355.17,418.01,866.31,378.46,418.16,275.06
9867,3372.8,2851.28,1094.24,522.13,667.95,1262.77,627.42,460.92,396.01
5653,1926.12,1594.9,637.04,321.21,392.82,692.06,374.15,255.84,226.56
4365,1450.29,1296.06,452.68,273.68,248.43,545.48,297.51,90.12,195.31
7583,2413.67,2268.19,870.06,491.45,469.34,1070.54,412.24,535.41,308.57
6897,2173.96,2050.78,986.14,366.97,458.36,694.01,479.39,255.46,286.66
7718,2318.7,2247.55,1037.46,488.44,468.0,1105.73,534.91,372.38,384.39
8001,2733.78,2282.54,1150.25,428.74,473.96,818.8,447.63,357.47,377.43
4921,1497.81,1393.46,517.9,267.88,302.34,643.65,306.45,298.65,219.1
6567,2177.21,1675.82,806.3,398.13,375.22,766.08,334.51,285.05,319.02
3079,1001.3,811.55,343.19,171.76,165.78,412.31,164.28,94.78,128.62
8768,2861.3,2194.49,1192.98,554.42,450.08,914.3,540.78,632.32,384.86
8156,2824.71,2095.04,1211.26,563.71,507.3,1042.43,513.85,252.94,350.28
5511,1662.01,1498.78,775.77,291.96,317.34,786.76,334.47,119.62,275.3
7137,2417.09,1836.54,726.29,438.28,482.88,890.21,457.44,226.77,349.79
4741,1434.64,1398.99,549.16,324.6,258.19,494.09,312.23,224.29,214.58
5020,1515.58,1457.23,509.17,268.72,282.2,511.38,267.91,227.88,222.09
8256,2654.23,2093.56,842.18,473.37,573.05,1082.03,521.72,559.59,412.64
2228,675.43,584.73,231.66,116.91,136.19,230.55,136.47,70.62,93.72
2170,736.62,631.37,246.98,136.36,123.55,224.73,113.6,144.38,95.65
2294,748.94,665.61,264.29,145.4,154.2,278.2,125.19,59.14,108.09
6284,1894.32,1868.06,754.22,397.67,407.63,694.23,366.94,304.27,295.59
2425,732.41,727.2,291.6,147.54,149.05,267.26,163.14,174.41,110.93
7072,2338.24,2113.21,979.97,459.15,479.35,877.27,384.3,316.66,350.2
7198,2449.52,1947.11,770.69,365.06,373.43,820.86,386.23,559.98,305.68
8801,2832.95,2310.41,949.51,608.59,509.49,976.59,566.95,509.25,402.08
2918,956.31,840.15,383.22,158.86,193.2,366.85,202.85,190.83,140.37
5253,1785.98,1391.85,675.47,275.42,303.2,601.7,309.65,265.76,222.33
2498,825.65,725.22,269.04,171.92,171.2,259.82,142.39,114.37,121.68
7917,2464.07,2190.62,1129.07,527.34,420.0,1061.96,436.06,198.56,367.28
4809,1590.11,1393.15,560.02,314.02,272.83,621.71,245.23,130.79,210.69
6961,2306.97,1836.27,823.82,362.63,407.32,769.93,372.89,378.0,323.53
2825,951.19,778.01,341.89,186.88,180.06,364.74,146.53,160.51,139.22
5779,1913.1,1607.72,671.14,359.34,311.53,854.02,346.06,457.03,288.27
3858,1344.37,1146.43,493.33,249.37,193.66,570.3,268.38,275.71,165.18
4118,1276.02,1084.39,491.82,286.45,286.33,521.33,270.75,291.02,202.16
8391,2916.33,2490.74,947.95,452.18,570.38,880.23,520.53,312.11,338.88
2145,701.24,622.57,311.5,128.89,120.13,263.64,128.13,95.9,85.96
7737,2581.05,2217.0,892.99,503.42,461.66,784.14,482.35,202.15,356.03
9942,3032.04,2876.65,1341.42,583.33,594.32,1200.6,571.87,545.74,445.57
7415,2365.6,2078.21,870.23,378.86,499.66,1078.67,397.2,179.24,331.39
8725,2953.14,2287.73,1062.36,455.7,540.44,1076.42,539.17,408.42,369.42
6565,2201.54,1703.45,733.95,407.3,436.76,837.2,397.59,354.33,301.82
5577,1684.29,1635.83,767.49,310.64,380.57,601.77,384.2,187.9,224.02
2192,717.51,627.48,300.0,115.64,134.41,220.92,138.09,145.83,97.19
7187,2187.82,1873.36,726.69,408.21,400.39,1075.67,470.52,434.75,313.85
8637,3021.16,2424.88,889.69,466.57,518.0,1009.78,447.86,249.37,362.15
5888,2030.56,1603.76,860.35,297.22,394.6,671.04,384.01,465.27,265.59
2051,617.46,529.02,296.25,108.78,126.49,263.68,142.87,107.72,96.2
9025,3094.97,2496.25,1130.87,610.65,612.93,1238.82,569.93,194.81,434.37
4410,1525.73,1164.57,549.79,221.56,299.48,496.44,285.95,180.84,196.79
3820,1213.53,973.38,537.17,250.12,219.52,482.11,265.84,300.86,161.96
4964,1667.78,1356.9,530.76,323.0,292.69,578.96,287.05,368.02,208.98
4521,1456.24,1263.64,599.87,277.07,287.35,560.82,300.57,131.42,207.02
3869,1287.45,976.32,478.98,209.58,202.04,418.11,224.38,275.86,169.82
4568,1448.13,1233.84,626.58,308.62,270.93,573.31,267.31,260.85,197.23
7882,2491.72,2072.04,800.06,468.99,417.65,806.86,497.87,167.92,356.5
7550,2425.22,1899.07,978.75,403.65,505.54,1072.1,416.22,494.12,344.01
3867,1188.25,991.05,494.34,226.53,266.26,508.06,270.13,173.13,163.72
9465,3232.84,2432.05,1344.43,510.15,500.05,1392.06,535.57,414.27,414.41
9602,3048.01,2488.3,1285.15,552.31,608.26,1248.13,503.69,412.58,452.03
9863,3156.23,2861.94,1420.35,591.13,618.71,1076.14,556.78,550.29,432.73
4738,1633.2,1288.62,684.0,271.0,308.92,588.47,318.01,297.8,210.56
5269,1711.54,1356.0,634.43,332.69,336.77,702.01,296.53,310.13,244.48
5199,1701.18,1325.82,555.63,357.27,282.53,617.18,323.52,179.4,217.88
4579,1592.69,1212.96,602.2,260.83,255.62,584.43,314.61,285.77,222.85
8103,2790.16,2349.07,1164.3,462.8,431.93,876.21,447.28,227.95,351.54
7530,2322.8,2019.72,781.22,487.69,515.22,1045.59,396.28,589.45,352.98
6005,1943.58,1549.26,768.02,363.97,362.92,873.59,311.88,290.74,258.05
6935,2417.3,1873.88,733.38,406.23,482.14,802.68,407.83,176.71,322.35
9232,2941.48,2564.33,935.66,611.86,544.56,1289.4,480.86,504.04,394.88
9861,3141.5,2479.84,1321.19,668.78,602.06,1031.43,582.55,538.6,468.21
2240,693.84,630.3,300.37,138.46,147.36,251.63,150.65,50.02,91.95
5440,1663.1,1467.47,707.38,292.14,358.74,669.63,356.59,112.35,234.33
6631,2234.75,1660.97,947.98,393.39,362.21,791.21,408.7,528.93,302.87
3407,1153.27,966.55,354.48,204.72,189.99,446.25,228.3,147.88,157.85
5502,1917.18,1571.48,579.16,322.66,285.86,705.08,286.13,191.07,227.68
6038,2044.89,1699.35,864.8,333.59,399.17,630.15,375.49,319.19,260.81
2082,649.93,556.09,260.59,123.77,137.16,221.91,108.92,42.68,85.4
7077,2137.3,1956.65,804.32,417.05,365.35,726.0,422.09,147.02,342.13
9998,3492.02,2693.04,1368.8,541.79,551.38,1476.01,592.57,267.61,498.27
5768,1828.59,1644.06,834.75,392.62,340.3,762.92,318.99,393.1,247.09
2950,931.02,823.58,396.72,199.74,179.46,421.2,196.46,102.94,132.25
9995,3451.25,2539.63,1395.27,651.6,604.21,1270.0,545.37,501.82,450.43
2610,859.36,736.42,297.87,151.43,181.82,286.3,159.31,87.22,108.69
6669,2072.35,1896.41,763.19,382.85,435.37,875.84,397.77,351.39,311.28
8429,2903.41,2263.48,1207.09,542.23,440.53,1055.88,494.22,425.9,380.72
7084,2477.05,2081.2,926.18,440.36,395.78,852.98,358.95,312.0,319.76
5605,1705.79,1637.5,626.12,347.58,318.97,664.7,358.35,257.78,227.48
6554,2248.76,1695.9,827.17,343.97,369.01,868.43,329.36,388.01,267.4
5283,1688.05,1559.61,709.47,329.48,347.19,691.48,350.85,372.61,262.26
4173,1361.25,1135.24,462.9,283.92,238.74,448.92,230.88,163.43,206.13
5484,1896.04,1569.45,727.98,283.61,328.21,772.21,287.36,284.78,220.36
3522,1228.01,1023.86,359.62,199.99,213.68,464.22,205.48,250.94,159.91
8568,2682.71,2358.39,986.9,515.62,474.74,1086.34,524.25,257.69,348.28
4601,1429.27,1242.06,615.15,293.18,259.74,632.39,258.61,362.44,220.53
4657,1415.85,1377.41,500.48,241.2,305.5,501.48,244.19,302.88,188.57
8080,2650.97,2113.26,897.77,545.05,544.06,1179.57,406.96,339.09,367.58
7662,2303.81,2013.95,1102.98,389.31,388.78,869.86,490.95,325.72,353.93
9325,2989.55,2499.86,1246.9,626.21,579.11,1055.01,631.57,301.39,381.96
4159,1262.96,1218.48,519.65,210.25,260.64,585.36,216.31,150.04,191.08
4449,1424.84,1321.08,491.81,236.11,288.06,519.2,242.97,245.68,219.86
5830,1760.64,1521.65,682.52,384.82,372.4,825.15,293.86,117.91,238.88
2121,724.87,621.86,273.01,142.54,143.27,246.89,143.59,45.37,99.36
6368,1977.18,1674.21,686.25,443.5,328.39,812.14,375.04,504.27,271.99
3317,1049.55,990.23,411.6,173.53,191.61,369.99,227.23,113.22,141.76
6493,2230.36,1817.2,782.07,393.01,426.21,886.79,385.44,453.04,295.05
4518,1523.98,1131.1,559.48,232.87,302.4,489.51,303.81,256.37,222.64
7080,2201.54,1782.08,745.37,376.15,391.49,1026.4,488.77,331.05,299.54
3230,980.61,831.32,340.2,172.77,199.31,383.02,183.15,206.5,161.28
3133,1052.01,812.63,464.33,160.62,167.98,387.17,196.8,72.06,128.19
9607,3069.77,2770.48,1431.14,651.93,643.84,972.24,608.4,627.96,474.6
3301,1116.74,862.02,400.44,173.39,213.27,491.15,166.46,235.76,132.63
6034,1944.55,1800.89,841.44,377.65,328.5,848.73,354.59,222.13,251.15
9735,3088.92,2743.38,1292.71,608.58,608.2,1191.08,653.28,370.87,484.45
3910,1261.21,1112.89,413.86,211.03,235.33,570.91,269.5,102.37,166.81
8712,2939.67,2272.88,1000.43,609.56,480.7,1276.77,592.28,621.63,349.1
3505,1209.61,1032.7,405.47,199.6,237.86,443.92,243.45,240.0,171.22
9970,3015.81,2825.41,1293.99,678.98,527.98,1113.57,628.72,453.76,489.92
5185,1691.38,1520.35,668.86,357.59,307.73,644.78,283.39,221.21,246.0
3916,1181.23,1166.28,572.42,270.12,241.44,455.2,240.86,178.77,193.43
9040,2923.72,2316.79,1261.1,588.11,600.9,1106.49,528.14,408.8,385.62
6915,2380.59,1762.15,987.76,380.85,366.52,1006.61,381.52,316.55,321.22
8996,2861.44,2610.37,1300.47,471.51,559.4,1026.37,588.84,258.59,426.62
5548,1923.06,1627.26,777.07,340.63,278.13,787.53,347.22,115.45,275.94
4757,1577.09,1328.1,554.88,272.1,316.11,698.16,313.02,312.75,233.0
3956,1371.58,1061.39,438.13,263.55,216.37,554.84,219.12,160.71,160.58
8464,2859.63,2392.19,1088.37,549.31,545.24,1069.53,576.21,418.57,367.26
2178,664.66,577.79,292.89,120.94,135.12,279.22,119.3,83.74,100.52
2896,902.27,758.52,345.58,145.79,147.7,408.28,179.66,124.23,140.61
8362,2673.4,2294.59,1190.89,457.79,448.74,854.81,427.62,204.8,357.87
8932,2755.57,2329.53,1322.19,547.91,494.43,1221.87,543.24,377.08,358.0
8068,2620.05,2212.13,1036.49,416.15,546.48,1020.15,419.33,385.55,337.8
3551,1148.99,1057.6,436.17,224.3,211.7,425.61,201.14,248.47,157.14
2491,866.4,727.35,354.08,158.01,170.06,344.62,167.43,97.98,101.16
2060,662.67,611.99,208.5,109.98,104.95,233.42,139.81,52.14,83.27
3077,1043.97,893.3,327.55,190.55,154.25,445.48,201.07,201.7,135.44
7799,2707.0,2088.09,1109.66,484.63,537.86,1048.38,447.3,331.75,362.49
8681,2984.96,2522.72,1185.84,517.04,559.74,1132.94,534.53,650.4,408.92
4895,1519.57,1449.63,591.35,338.07,321.44,617.53,266.68,379.57,221.88
9131,2965.76,2715.12,1318.91,476.3,623.79,1010.23,580.43,660.27,405.04
6160,1955.1,1750.42,724.25,358.1,429.3,806.02,350.8,206.97,247.56
5683,1818.52,1480.81,748.41,384.5,295.26,774.28,309.27,200.2,242.24
2585,822.13,651.38,340.49,149.22,137.43,260.01,159.49,174.87,120.72
7823,2670.13,2013.33,854.4,457.59,420.65,925.62,408.64,365.86,348.09
8314,2682.15,2479.88,949.81,526.82,551.79,1177.46,529.88,314.84,354.52
9440,3079.18,2578.11,1376.36,597.66,539.13,1242.4,507.31,355.27,399.26
5960,2080.77,1744.79,650.66,300.73,368.72,779.35,363.97,325.7,239.43
5770,1748.3,1576.67,627.08,341.09,387.19,642.95,333.8,425.26,278.41
2534,822.02,717.23,314.17,143.6,161.32,333.49,155.4,144.78,123.61
5462,1850.0,1372.09,571.38,341.67,280.25,760.9,299.97,312.52,238.45
6011,1848.73,1577.85,869.98,367.36,354.13,721.85,337.87,389.61,282.59
8836,2920.97,2401.74,927.85,556.82,453.73,964.05,466.6,579.8,359.18
5398,1684.03,1519.71,706.21,340.48,321.6,560.66,353.78,402.51,263.89
4155,1426.7,1074.38,486.09,228.93,225.97,520.56,213.58,123.51,203.88
7966,2520.08,2296.02,1116.94,437.57,398.51,1068.98,458.27,629.94,331.13
9329,2952.19,2502.23,1208.02,535.54,618.17,1008.76,550.24,370.64,445.98
8957,2955.0,2605.34,1069.6,491.19,621.51,1084.44,482.82,330.46,400.67
3004,928.77,765.71,448.18,191.22,208.13,385.81,173.32,151.96,140.62
4499,1413.79,1277.66,464.8,279.2,251.87,484.96,262.57,161.34,201.32
7325,2350.09,1938.68,944.11,397.95,487.67,831.35,399.11,248.86,298.76
8733,2774.32,2530.55,1305.4,591.07,555.21,1138.96,548.3,681.25,422.68
7135,2327.75,1927.22,960.0,422.49,470.92,972.15,361.15,187.22,291.52
2326,767.54,658.88,318.64,122.21,155.67,306.57,125.49,184.68,101.42
6703,2200.82,1988.88,681.06,363.7,466.57,909.47,418.81,384.41,334.21
4706,1565.73,1181.35,475.63,286.11,249.58,607.43,294.36,364.78,208.32
2001,631.09,501.36,203.71,113.59,130.86,283.73,110.67,147.76,96.45
3033,929.07,875.06,453.69,203.29,196.18,428.67,193.08,178.66,126.44
4481,1514.76,1265.07,667.56,268.39,249.84,626.5,266.15,248.2,216.44
2124,727.55,562.11,247.92,145.08,122.88,273.51,128.6,168.98,94.76
3104,971.09,852.73,355.56,161.52,166.17,464.69,175.85,158.03,139.99
8628,2764.02,2175.09,925.77,546.77,588.99,879.67,601.25,265.1,428.7
4699,1526.84,1219.97,547.23,318.2,317.59,515.87,304.25,373.93,229.6
3861,1261.26,1047.2,457.56,215.67,240.47,542.25,212.23,152.17,167.87
7269,2420.39,2120.38,998.86,383.18,437.83,1027.22,397.84,183.5,359.77
8943,2701.5,2450.23,1281.66,528.83,488.8,1260.41,585.62,563.53,366.94
4920,1653.48,1374.25,675.7,340.6,323.7,706.69,284.18,230.07,198.09
9507,2881.56,2792.09,1258.0,595.8,476.91,1151.59,492.75,411.48,430.92
2128,688.23,564.86,294.29,133.81,126.1,311.95,107.92,123.2,101.5
2437,831.95,694.63,333.69,154.58,163.79,269.19,142.03,56.47,102.86
6846,2208.25,2006.45,847.45,347.74,426.98,1005.32,399.08,423.72,279.34
4548,1398.3,1183.07,531.17,267.94,285.17,581.39,291.7,228.34,220.37
5129,1791.31,1373.67,585.42,264.41,263.7,554.93,315.41,253.45,255.75
3221,1109.52,963.05,431.51,181.4,179.52,440.65,210.66,238.36,151.2
8354,2828.38,2499.19,1236.1,554.97,530.29,958.99,470.79,583.72,415.63
2901,929.99,757.63,374.38,183.13,147.93,322.08,181.27,150.55,140.2
8188,2531.67,2074.2,1192.39,572.43,463.59,889.25,554.44,447.89,348.14
5168,1793.66,1362.01,520.48,276.19,294.98,524.4,265.56,353.58,212.39
7398,2416.32,1996.62,1033.67,428.65,443.69,1022.65,474.72,330.52,355.76
8678,2973.24,2360.85,1238.18,574.42,496.79,1078.89,558.15,523.06,404.36
7529,2387.48,2115.2,990.44,408.93,444.83,1121.34,496.02,394.87,362.36
8604,2725.44,2537.97,1262.23,456.65,524.33,1049.37,476.5,430.01,405.97
6486,2265.41,1728.63,839.91,379.77,340.95,922.1,378.33,512.93,292.2
5918,1929.81,1731.01,662.97,341.32,317.26,878.26,324.27,124.58,292.4
3067,941.68,781.08,339.78,213.48,204.42,310.14,172.28,137.64,145.79
2026,630.05,510.74,258.91,119.79,119.93,213.27,140.54,153.59,81.21
8937,2896.46,2459.48,1298.76,600.74,510.33,1049.14,526.51,676.43,420.42
9264,2798.87,2343.64,959.92,627.72,543.59,1329.44,620.42,600.89,420.97
9118,2946.27,2458.44,1187.34,484.69,487.78,1293.82,600.85,506.18,377.33
2547,817.45,750.95,352.73,163.79,139.57,301.4,149.99,156.52,112.96
4668,1582.3,1223.36,493.73,259.32,281.53,513.46,326.03,164.2,211.19
2566,815.34,732.08,271.58,133.16,146.72,359.54,171.45,126.51,114.66
2703,943.69,716.61,319.78,182.44,160.85,350.97,161.24,141.0,119.86
7338,2267.72,1850.98,834.29,409.82,388.87,745.39,412.35,174.82,339.84
6280,2069.57,1744.8,690.27,357.38,333.65,880.52,323.46,451.99,292.56
5140,1565.05,1499.56,565.06,290.31,296.47,759.94,304.78,243.64,241.45
9996,3365.59,2703.65,1064.91,539.84,575.54,1020.64,571.77,739.05,475.95
9297,3251.51,2611.2,1213.66,545.64,629.1,1062.59,597.12,403.47,449.34
3590,1224.04,1059.05,482.52,210.25,181.9,506.09,180.91,159.87,164.21
8009,2625.23,2318.48,1082.39,465.92,559.49,1035.02,533.63,277.54,326.2
9776,3169.74,2538.77,1237.81,667.95,675.82,1461.2,570.26,573.45,426.7
6943,2372.78,1990.34,1025.1,394.33,422.45,1012.12,412.38,367.35,277.98
6694,2321.47,1841.48,964.11,338.77,430.93,729.07,359.17,500.56,307.6
2805,980.24,805.87,414.81,150.26,192.72,375.03,192.84,128.34,139.55
9798,3133.66,2691.76,1170.27,631.28,539.12,1299.85,567.97,576.95,472.96
5791,2024.22,1484.8,833.26,357.98,326.11,611.2,387.15,361.67,259.8
3357,1033.27,934.91,463.75,231.75,175.3,350.73,183.79,131.57,158.05
5225,1633.74,1434.82,611.32,333.82,320.17,671.27,271.35,380.64,247.76
5618,1710.4,1549.98,591.74,302.72,298.82,675.0,352.33,240.74,258.14
4126,1293.86,1212.82,553.42,216.26,283.12,525.13,287.53,240.3,201.58
8722,2951.5,2570.74,931.71,526.94,511.38,976.35,548.95,496.72,376.95
7974,2732.26,2174.33,914.53,504.8,545.37,1019.34,495.78,361.1,372.66
4460,1511.69,1216.63,557.58,237.77,241.29,531.5,262.45,138.26,181.28
2545,843.8,701.81,341.02,157.88,162.58,367.44,141.7,141.37,105.32
7728,2517.0,2132.77,1130.69,520.1,486.49,891.07,452.99,328.69,381.64
8312,2788.14,2472.98,1077.75,536.55,482.04,1193.12,440.36,355.3,377.62
4728,1510.79,1335.52,631.52,299.21,321.35,564.99,261.17,234.39,224.79
5734,1961.4,1513.05,662.28,377.22,336.56,739.16,342.59,347.68,279.2
8726,2913.26,2413.41,1172.47,454.46,470.93,997.55,461.57,556.52,430.55
4562,1527.77,1283.57,556.06,246.7,317.24,640.75,300.32,208.14,186.57
9481,3098.36,2673.53,1354.33,481.27,557.76,1348.03,476.24,257.82,445.78
4079,1404.24,1139.11,487.94,215.78,220.92,572.91,230.19,275.34,188.85
8430,2635.22,2182.42,1040.38,575.46,482.81,1112.69,508.61,507.19,387.79
4641,1480.75,1168.05,564.48,252.67,289.0,534.83,318.27,315.78,192.39
5114,1733.04,1364.89,718.8,323.42,308.07,674.15,314.35,199.21,244.1
3926,1274.53,1065.42,579.81,250.6,246.17,580.95,219.46,292.67,169.43
2616,901.11,662.08,304.41,164.56,165.43,346.41,149.23,93.56,110.45
9168,2909.19,2665.58,1134.55,559.97,481.02,1355.21,520.59,342.75,431.56
5644,1797.42,1508.1,763.61,337.07,317.74,650.35,302.56,294.52,237.91
8413,2897.75,2487.57,1217.94,491.31,546.63,1197.17,445.02,671.7,378.48
3203,1035.27,825.48,399.37,218.89,201.81,435.36,190.94,102.91,138.29
3759,1224.71,950.45,396.37,188.67,194.59,529.87,208.27,264.3,181.31
4565,1445.45,1251.34,540.65,233.13,257.02,618.73,236.64,91.94,226.17
5174,1623.77,1342.43,659.78,309.67,355.07,641.67,281.1,177.22,249.63
5081,1690.94,1508.4,614.17,287.64,341.65,682.52,306.97,207.14,223.41
4630,1416.74,1159.89,506.19,269.3,293.6,678.78,255.29,272.78,192.74
5161,1775.2,1396.73,525.65,361.05,265.57,623.85,282.59,138.45,242.48
6321,2142.57,1873.15,849.36,414.04,392.79,932.9,394.51,175.23,309.96
2669,826.16,718.55,399.38,180.29,134.1,273.49,170.25,76.82,117.48
7859,2630.42,2001.34,1147.1,450.88,496.87,791.47,430.87,469.6,317.56
7012,2314.88,1859.19,940.75,384.2,453.15,874.33,416.81,188.47,289.2
8269,2557.0,2273.15,1174.83,540.46,495.68,1177.72,539.89,362.96,362.4
9099,2853.99,2358.98,1026.24,601.91,455.64,1022.65,580.5,267.52,409.39
9376,3004.53,2562.72,1229.4,571.92,593.8,1262.68,481.79,402.46,402.28
5168,1731.08,1508.11,532.46,351.0,343.13,658.12,295.62,324.77,231.91
4121,1367.91,1210.05,557.82,285.78,254.34,472.02,265.66,151.09,204.35
9794,3198.84,2472.62,1454.35,581.96,628.62,1119.35,524.85,558.83,399.31
7310,2473.85,1886.31,1045.62,398.05,378.7,757.78,394.14,255.19,351.14
6078,2053.74,1603.16,770.22,366.76,390.85,770.76,380.5,390.54,270.79
7801,2581.3,2182.28,1087.75,544.44,485.88,955.68,434.32,519.73,363.03
7938,2693.76,2127.78,1168.43,443.41,449.45,908.67,448.3,306.59,394.47
8079,2558.73,2360.7,895.16,503.74,514.69,1199.91,488.43,173.11,360.29
9883,3400.37,2824.89,1380.29,631.32,621.76,1392.75,642.51,274.21,404.81
6151,2034.42,1568.65,698.09,333.87,381.3,776.55,368.85,304.21,296.96
2719,927.5,764.66,391.12,167.95,145.9,342.83,184.53,116.71,115.96
4600,1505.64,1175.99,482.62,258.93,257.25,504.53,239.81,187.37,225.64
8175,2541.79,2148.0,890.35,548.41,570.84,1082.83,532.05,447.65,333.7
5598,1831.22,1449.29,761.5,359.92,328.39,826.72,340.77,166.2,236.68
6669,2124.45,1724.96,725.18,443.66,341.38,966.43,442.38,316.12,331.32
2666,892.78,748.67,287.67,143.95,181.23,277.9,150.17,85.85,130.11
2283,739.21,635.09,291.71,115.73,122.05,234.36,136.16,180.05,96.32
7840,2679.76,2029.0,1111.31,525.36,455.27,1160.81,521.14,179.67,374.47
5903,1971.03,1768.0,669.54,340.81,327.97,649.3,393.35,123.65,241.21
5565,1859.97,1508.63,790.55,298.25,385.53,709.65,320.1,299.68,231.38
4234,1316.17,1079.05,594.44,219.48,243.72,439.22,281.32,100.59,177.08
6593,2302.36,1688.0,850.2,397.76,423.1,937.29,419.63,452.67,266.57
3465,1185.32,967.41,458.52,183.65,214.72,366.92,201.62,239.69,155.39
2129,722.69,636.47,217.2,130.58,108.28,281.43,147.74,97.8,93.48
6734,2131.38,1876.08,797.01,434.65,388.46,692.47,340.86,473.42,309.06
9459,3091.03,2813.6,1070.47,574.17,546.73,1020.0,545.34,609.45,443.51
8257,2533.7,2247.61,887.63,562.09,576.31,1037.14,463.54,232.23,379.44
9366,3061.97,2545.6,1119.08,497.44,620.39,957.99,643.59,670.38,400.72
4060,1247.62,1116.5,478.05,243.11,272.56,445.71,211.08,294.17,165.76
9438,3092.38,2688.62,1287.76,502.7,531.08,1008.06,590.45,371.51,446.61
5672,1885.58,1522.26,736.82,382.96,320.93,578.71,364.89,377.19,244.41
9382,2997.64,2750.75,1366.54,644.03,565.85,1393.69,503.66,692.78,398.46
8587,2790.15,2159.32,921.13,498.05,537.72,1051.98,455.1,555.91,402.77
9957,3423.04,2708.19,1025.45,558.74,642.88,1423.32,507.38,255.3,442.28
9679,2956.24,2667.04,1226.62,538.02,642.84,1141.26,514.71,248.54,406.96
4494,1526.1,1259.9,449.63,301.97,303.18,458.97,297.34,354.77,214.21
7081,2184.76,1867.99,986.99,450.7,357.54,954.4,487.73,371.62,340.34
2992,903.09,811.95,374.89,202.29,197.24,305.0,203.54,175.53,149.16
8858,2739.59,2429.1,1101.96,463.72,551.12,1130.63,507.62,662.01,395.77
4121,1393.94,1171.79,486.79,245.28,249.9,440.76,265.88,84.26,166.35
4584,1468.05,1323.3,544.34,291.19,286.82,612.15,305.02,209.04,207.07
6196,2129.11,1777.58,753.17,420.97,419.09,896.16,410.48,334.48,249.28
4223,1377.69,1127.88,425.69,243.42,257.21,624.11,216.44,85.0,208.94
6522,1963.86,1956.42,679.44,366.94,347.26,824.31,354.12,374.79,272.28
5188,1742.32,1517.14,649.81,354.13,304.72,656.98,356.82,368.64,255.53
5237,1599.96,1377.34,563.01,266.83,358.68,533.72,339.35,121.99,259.23
6136,2082.98,1593.86,852.52,365.66,406.75,849.8,409.19,418.8,293.02
6524,2012.04,1733.43,741.94,386.04,352.69,964.32,393.28,513.12,266.66
2343,743.37,638.74,245.77,123.99,150.61,285.64,135.57,176.23,106.8
9591,3242.37,2805.75,1071.89,555.31,528.7,1339.72,604.47,500.85,417.62
6461,2246.56,1866.7,761.46,416.42,368.09,903.72,384.15,462.79,311.43
9287,2958.58,2717.03,945.1,532.49,551.45,1293.54,533.77,615.15,399.55
6704,2289.21,1767.16,717.89,376.72,394.31,924.71,381.84,462.98,298.41
8800,2723.95,2461.12,1022.49,577.61,445.15,974.64,467.79,386.17,402.48
6823,2322.27,1802.38,788.22,476.07,446.77,938.65,413.39,331.17,275.33
4276,1423.37,1092.31,598.72,280.45,286.18,458.47,258.26,146.87,197.08
6920,2142.69,1966.73,983.77,463.13,419.48,938.53,427.76,159.81,300.62
5201,1638.97,1337.44,570.4,357.78,278.04,521.02,272.14,290.39,235.56
7471,2290.52,2117.17,793.4,493.35,410.6,1090.33,510.26,288.19,308.17
2888,921.7,815.57,380.37,201.03,151.7,408.27,187.26,144.87,125.22
4043,1254.07,1174.54,566.95,262.58,215.86,542.36,212.74,314.39,185.24
3341,1109.88,858.56,495.09,211.25,225.61,349.88,172.35,79.48,152.74
9127,3191.94,2639.29,915.8,582.91,544.0,1289.18,573.71,660.88,379.5
5720,1719.43,1715.79,690.31,388.97,298.7,822.3,325.07,144.18,252.52
4883,1596.97,1428.53,667.5,310.85,269.03,656.27,275.31,289.15,220.69
9504,3123.81,2733.26,1344.13,619.89,655.68,1414.14,634.87,385.82,387.88
7392,2555.49,2092.74,762.22,401.53,444.89,773.53,420.63,192.26,339.99
6212,2020.77,1684.01,832.6,423.99,374.66,841.31,389.14,406.37,262.87
8961,2931.91,2567.55,1025.56,528.2,542.26,1131.23,544.3,554.82,440.9
4415,1428.62,1263.61,457.97,234.97,230.61,473.64,243.97,257.9,188.46
3117,977.01,877.67,387.93,205.71,216.34,414.31,176.52,242.79,149.22
6263,1896.45,1815.1,675.83,357.79,323.73,876.67,431.29,134.16,286.98
5001,1602.48,1362.46,684.39,268.47,320.07,541.3,283.19,230.44,234.31
3738,1131.23,957.16,512.34,206.06,191.22,522.1,245.51,200.95,183.23
3364,1101.79,935.04,478.04,170.55,198.04,352.04,226.15,139.48,163.08
4708,1484.74,1239.39,559.68,243.93,320.11,610.02,242.09,283.28,194.33
6790,2218.16,1828.02,683.52,419.98,443.85,950.08,429.55,502.14,335.0
2924,896.83,733.55,330.37,196.86,165.77,313.74,190.02,180.76,121.01
2151,745.6,578.92,265.41,126.85,131.27,276.57,126.22,116.5,92.85
2585,891.12,750.79,348.2,161.62,137.79,313.42,158.68,166.14,116.92
2912,901.26,807.02,346.83,192.76,201.28,379.62,155.02,77.39,143.66
4321,1370.5,1082.37,547.91,246.88,277.29,523.75,243.57,249.75,199.94
7673,2537.27,2098.51,968.43,484.06,441.09,863.56,492.25,340.95,374.05
2495,760.44,660.11,270.08,142.24,140.61,281.16,154.82,97.62,123.3
5795,1841.24,1587.12,760.03,364.24,317.41,830.05,305.56,292.22,275.17
4148,1296.48,1120.93,505.9,225.45,272.65,447.25,289.37,283.24,185.91
2556,883.8,758.11,358.85,177.79,150.02,271.33,175.74,114.39,112.16
7201,2467.25,1815.08,968.75,371.02,407.61,755.05,392.33,447.52,307.85
3552,1168.58,1009.41,375.0,213.49,241.91,368.37,239.77,196.55,160.07
4120,1343.19,1205.31,512.68,229.59,218.38,414.99,228.01,308.87,166.78
5085,1762.14,1515.14,687.11,315.36,281.08,549.28,311.58,237.42,215.0
5504,1907.8,1424.89,574.35,322.35,313.15,603.44,361.29,380.85,239.88
2156,751.29,596.27,301.03,121.02,119.0,244.68,122.64,152.04,104.64
2734,837.34,689.46,303.75,150.37,168.71,290.36,167.06,130.82,119.64
8275,2548.93,2275.29,1035.65,443.95,513.22,866.46,488.28,408.08,350.82
9505,3173.12,2435.87,1397.5,624.08,485.66,1207.84,619.76,380.25,454.59
9162,2996.63,2674.34,1177.93,498.82,484.58,1245.43,545.81,455.66,452.89
7523,2263.85,1923.58,911.81,492.53,406.02,989.34,461.45,262.97,359.21
9543,2892.47,2630.67,957.54,569.72,490.57,1219.93,638.53,682.29,393.72
6654,2291.66,1836.87,709.79,342.31,349.3,811.98,425.68,232.86,287.47
8250,2833.41,2463.31,1063.7,439.8,452.04,1086.52,499.54,292.52,379.74
9787,3110.93,2767.26,1220.35,664.13,557.0,1420.03,579.64,721.69,410.66
8408,2897.0,2223.01,993.75,521.77,553.47,1104.57,441.72,436.62,389.84
5276,1739.41,1382.52,771.14,283.25,286.79,543.66,269.75,138.8,223.49
9246,3146.37,2370.79,1078.31,592.44,586.2,1188.3,638.49,376.71,420.02
2154,692.23,619.98,273.25,143.17,110.19,271.86,115.74,134.24,101.38
9950,3041.42,2831.15,1277.93,563.3,628.49,1219.88,552.6,441.27,476.29
9131,2937.32,2561.19,1153.92,558.2,601.68,1172.78,568.12,414.46,438.34
2996,967.3,755.12,371.14,167.38,186.04,400.36,199.41,149.56,143.05
4294,1406.49,1237.28,501.77,221.58,232.0,437.4,286.25,143.21,177.65
6626,2022.78,1869.16,963.67,384.24,375.09,821.69,441.24,301.11,330.59
4905,1714.64,1462.64,601.06,318.97,324.24,690.93,341.2,161.48,234.07
8067,2518.57,2253.6,1019.85,477.35,473.04,1020.79,412.34,331.11,331.08
8681,2690.48,2302.18,1153.04,504.41,478.36,897.55,503.47,450.91,407.8
6824,2226.95,1836.17,705.48,391.15,468.49,946.85,465.89,420.52,305.03
3177,1038.44,822.18,441.81,188.01,199.35,467.23,188.54,184.38,140.68
2153,693.25,616.07,270.47,121.35,142.34,307.0,145.17,117.41,100.69
9853,3336.17,2811.91,1309.06,613.29,497.48,1163.92,496.13,549.13,410.66
6187,2015.93,1608.82,857.52,317.22,351.34,784.15,371.76,313.41,309.31
9600,3172.65,2476.07,1379.57,635.02,568.11,1243.83,657.11,546.02,436.27
8481,2851.2,2152.9,1014.42,453.42,523.69,1151.63,468.37,360.71,389.67
7599,2289.21,2246.26,1068.2,476.22,408.82,1012.97,521.24,562.07,336.27
3716,1220.83,972.3,419.69,219.24,222.81,408.59,186.43,205.99,171.16
5202,1790.58,1390.02,691.95,340.57,331.43,739.47,268.31,396.37,242.62
8593,2585.37,2268.77,903.43,571.63,489.09,1224.15,511.6,380.45,373.41
8112,2597.94,2195.77,819.32,438.73,517.78,975.2,422.86,354.26,361.96
4857,1682.03,1387.66,508.96,308.63,280.7,517.49,264.76,378.37,206.69
2786,884.99,817.77,323.09,149.88,165.46,363.37,155.88,177.59,132.95
6368,2056.46,1650.14,646.7,334.19,335.5,750.55,379.72,325.56,301.68
8123,2835.55,2309.54,1068.37,557.29,511.96,1113.42,469.59,512.65,390.79
8731,2706.31,2336.66,1011.29,465.26,475.71,1010.9,597.58,382.45,410.6
6272,1902.06,1875.49,858.13,342.22,417.57,709.68,424.74,410.99,252.14
5767,1977.91,1527.94,589.94,303.38,352.18,826.9,374.63,187.86,241.7
4878,1675.22,1221.25,540.65,289.78,298.56,638.0,308.22,375.86,214.08
2642,854.96,728.62,318.1,180.69,180.32,275.56,142.9,125.89,111.87
7994,2603.73,2058.75,952.35,441.92,426.46,1074.94,495.92,204.44,362.26
9216,3149.94,2324.5,981.96,560.67,558.53,1268.46,487.91,651.58,451.41
6662,2244.61,1898.09,997.35,387.92,384.02,744.55,393.42,490.73,315.65
2665,834.83,763.82,304.4,151.16,184.76,395.44,157.85,170.02,113.7
5426,1632.38,1481.49,738.22,333.39,357.33,643.76,346.15,313.53,238.61
5783,1873.61,1641.47,641.92,353.79,376.76,850.27,385.74,437.8,234.32
7427,2547.06,2056.63,1068.69,424.73,401.67,851.73,418.96,425.74,297.54
9011,3106.92,2536.51,1075.8,603.84,493.32,1175.57,457.97,608.11,398.75
5701,1982.87,1595.34,826.9,291.11,288.38,717.63,290.41,275.21,269.54
7894,2715.36,2236.3,924.32,408.16,495.51,1181.0,532.82,502.31,383.71
3069,1009.71,797.88,308.23,214.26,176.21,369.56,183.3,245.33,136.0
4349,1401.38,1145.68,547.33,282.48,244.59,473.89,239.02,186.79,181.8
9011,3052.41,2450.98,1137.54,595.43,565.36,1276.5,456.37,569.55,383.99
9055,3051.45,2465.73,959.75,561.9,602.83,924.54,548.51,261.99,402.54
6503,2125.88,1877.55,726.7,379.76,342.45,938.04,342.98,377.86,302.36
3212,977.62,862.0,447.03,201.02,219.61,338.96,187.39,126.47,145.92
8965,3104.62,2314.09,912.98,464.85,454.39,1152.9,540.78,645.44,433.96
7949,2565.78,2087.2,989.46,517.92,412.57,1078.45,433.89,330.51,319.43
3152,1002.86,821.84,398.79,191.69,210.44,368.2,170.13,147.23,157.35
8704,2885.19,2494.42,1170.13,601.75,520.97,1238.03,438.65,686.04,429.04
9704,3238.15,2654.21,988.57,608.92,667.49,1258.47,598.84,319.48,402.68
9433,2929.27,2692.48,1219.52,500.27,558.75,1129.68,509.47,508.3,381.86
7237,2473.95,1959.86,724.82,430.97,495.9,841.43,488.96,519.8,334.18
4511,1418.7,1328.43,510.91,230.77,247.17,476.36,280.02,175.43,212.98
2143,662.9,641.13,267.84,139.1,133.57,282.91,131.0,44.82,95.91
4489,1437.92,1272.6,653.44,269.5,313.73,530.61,269.76,331.2,192.05
9367,3152.26,2746.32,995.99,537.6,538.8,1086.83,508.69,535.59,434.55
5228,1820.77,1439.77,567.05,362.67,261.55,771.12,362.76,176.84,242.36
6582,2240.93,1953.08,878.45,452.92,337.53,747.98,456.4,240.77,273.04
6955,2413.51,2027.93,825.86,480.29,467.25,1000.33,392.44,472.77,333.8
5205,1598.09,1559.36,682.75,283.25,311.46,774.22,341.05,304.63,247.21
8031,2437.88,2257.95,1203.63,518.57,487.76,1133.47,420.7,513.63,328.05
6243,2046.99,1803.98,932.35,430.19,411.97,630.39,409.61,341.08,278.59
7455,2344.71,2066.1,877.35,457.87,493.76,1069.28,415.44,502.49,327.53
5142,1755.49,1352.12,643.76,279.12,306.2,569.07,286.83,356.16,229.46
5304,1769.41,1420.08,770.32,351.95,356.22,624.09,319.01,229.21,236.63
3357,1170.04,989.31,351.17,226.93,199.3,502.14,194.19,248.61,151.87
8954,2800.27,2263.55,1097.9,573.64,568.58,1076.71,468.8,450.49,382.98
4713,1528.38,1317.63,560.28,263.32,238.79,625.61,291.55,139.55,210.65
6185,2010.51,1661.44,709.69,332.84,326.32,714.59,335.7,204.78,253.55
3357,1047.25,904.16,502.58,209.76,225.01,397.71,197.69,214.95,140.21
6294,2073.9,1851.87,860.25,375.47,354.12,817.47,343.78,268.38,257.3
9328,3005.15,2730.22,1114.11,591.17,528.85,1375.08,626.39,333.44,390.49
6633,2138.06,1856.86,938.25,346.47,419.6,756.98,376.49,373.35,265.61
5192,1651.77,1368.85,646.32,273.71,321.13,583.42,351.76,347.53,209.64
2300,691.95,629.68,330.37,131.69,118.78,233.02,130.0,61.07,110.32
2723,887.98,736.34,308.57,150.24,177.85,299.82,145.93,127.84,114.34
7694,2437.17,2059.54,855.42,480.0,479.68,870.35,473.43,510.02,347.77
5010,1503.33,1278.25,562.95,287.33,336.2,516.75,306.12,371.83,218.96
7555,2382.83,2093.91,958.91,481.1,458.66,968.4,471.27,157.24,327.06
2067,648.9,547.94,236.81,135.13,120.48,219.8,115.84,122.71,100.4
5836,1865.61,1651.82,626.53,313.65,335.14,732.73,329.15,325.9,261.82
5993,1837.41,1593.9,897.34,409.9,300.18,655.93,328.11,306.03,270.69
4506,1466.18,1223.64,653.47,296.24,228.89,661.42,308.97,133.43,200.93
3537,1183.56,893.51,466.0,221.19,186.13,408.01,225.16,228.16,150.99
2397,794.63,718.21,346.55,163.42,164.41,250.84,156.1,104.43,112.26
6715,2284.36,1849.18,985.58,371.46,454.02,952.24,361.83,228.83,271.77
5357,1728.17,1345.74,716.8,313.03,321.12,643.39,338.73,380.36,229.36
7680,2503.33,2127.83,967.17,397.18,411.68,1082.93,501.15,295.08,358.0
3163,1077.07,928.4,455.79,187.01,167.39,365.72,179.81,100.92,127.58
6825,2193.45,1969.88,876.26,410.37,376.21,853.14,362.78,264.28,274.75
2555,856.13,728.29,271.7,159.23,174.19,312.39,163.37,78.86,111.72
8048,2589.28,2068.12,952.42,412.71,486.34,1029.3,500.77,536.29,342.13
8924,2863.59,2524.48,1091.37,451.99,589.71,1071.62,548.94,275.97,419.51
5661,1913.48,1632.15,830.86,330.59,340.42,706.72,303.72,356.64,269.23
3751,1158.09,1045.11,498.73,201.74,233.27,502.51,207.24,111.59,151.4
4941,1565.95,1455.8,710.34,322.03,307.34,596.55,308.8,165.91,219.2
4657,1449.3,1228.75,642.11,295.14,235.77,625.06,290.0,188.85,230.21
4795,1524.6,1256.8,553.79,271.0,282.45,650.75,292.95,369.23,206.81
4329,1348.56,1270.47,588.46,220.41,291.26,595.01,282.96,323.93,181.69
8804,2896.25,2476.3,966.37,472.32,526.32,1087.71,583.64,221.04,398.06
9067,3081.95,2267.41,1091.73,578.78,532.29,908.42,503.49,364.03,403.56
9983,3387.54,2672.02,1400.66,696.85,604.28,1374.42,530.62,407.11,421.23
7091,2256.53,2076.9,926.06,400.85,408.55,1031.42,383.08,231.83,299.72
3959,1383.43,995.16,559.29,261.45,238.76,525.09,220.22,182.66,185.55
3601,1187.22,900.83,405.96,242.5,189.8,454.54,248.31,233.63,155.67
4793,1533.62,1265.65,658.98,244.27,332.44,613.41,252.8,124.43,238.98
3480,1189.38,1029.04,383.2,237.77,176.38,459.5,235.16,209.84,149.29
8230,2769.34,2428.46,1047.39,488.24,491.04,1233.89,444.98,293.37,374.29
3102,1046.81,855.96,377.44,214.92,168.13,319.82,176.72,181.61,126.35
5276,1634.54,1464.94,674.4,320.63,269.96,533.19,277.08,321.38,239.47
8934,2889.4,2381.81,953.94,488.72,563.15,1324.09,465.17,568.99,398.51
9504,3260.74,2491.82,1122.06,660.46,662.46,1159.71,493.28,681.46,413.36
9421,3063.73,2739.26,1256.25,516.89,612.29,1230.55,535.63,696.94,417.31
8447,2822.76,2156.64,1080.6,571.44,465.26,1162.92,510.82,553.68,352.96
7499,2470.15,2057.48,955.74,400.92,448.95,1028.15,405.07,366.45,361.47
8273,2830.34,2330.67,1038.6,525.3,421.89,1095.01,567.97,187.39,407.18
8739,2746.04,2230.05,1286.33,508.84,529.88,1080.09,539.44,666.14,422.75
3299,1084.62,910.46,484.06,229.08,171.51,424.92,223.35,185.01,158.51
7818,2393.57,2180.25,922.58,419.79,515.14,1067.02,414.17,407.12,355.59
8701,2910.58,2498.27,1023.19,506.19,444.92,1240.25,460.02,299.05,377.07
6994,2354.17,1830.62,893.45,439.19,351.01,743.92,468.14,427.01,291.79
7302,2206.24,1932.59,765.11,507.87,490.92,831.68,448.05,581.85,351.94
9435,3149.3,2627.42,1086.44,529.09,649.61,1131.07,648.86,375.53,381.5
5879,1885.6,1758.74,655.76,340.61,304.13,783.52,311.22,399.62,245.8
9489,2905.58,2475.44,1054.89,562.09,527.38,1136.63,479.39,355.53,417.68
3535,1134.72,1058.01,466.36,194.62,229.19,395.72,241.55,174.15,148.28
9779,3028.67,2794.03,1165.83,648.81,594.5,994.11,625.63,320.72,448.17
2077,666.26,605.04,225.48,107.67,143.28,295.19,137.38,105.44,98.12
4831,1542.14,1229.4,697.49,309.65,279.15,584.29,270.15,229.75,237.16
5410,1822.73,1433.76,777.46,328.27,270.86,630.06,270.83,120.83,227.78
4721,1599.05,1193.88,675.68,258.89,237.91,597.4,281.64,202.57,202.04
5627,1858.89,1511.28,672.64,336.81,344.92,597.28,392.77,133.72,265.41
3532,1063.61,1056.3,363.26,235.23,229.73,423.37,240.71,166.14,148.95
2237,775.23,571.02,235.64,131.78,147.22,307.79,115.07,176.3,98.07
7253,2424.76,2017.19,825.41,380.33,494.87,992.25,389.89,272.56,344.77
3996,1205.63,1000.21,443.55,203.06,218.11,553.82,224.67,203.55,174.86
7311,2492.62,2088.27,1050.59,479.28,473.52,901.96,486.97,203.33,303.14
5427,1682.44,1410.26,810.35,307.22,361.12,642.8,360.86,158.68,231.7
2277,749.04,584.0,320.68,156.26,151.93,322.36,122.28,94.1,92.92
5089,1645.44,1358.0,694.61,317.26,296.34,552.99,308.71,251.32,237.87
2523,809.86,728.02,326.55,148.16,157.74,343.78,151.47,156.64,102.08
6275,2161.65,1602.2,869.06,384.59,382.97,906.09,365.74,297.44,287.02
6218,2001.38,1625.96,916.23,367.75,385.2,710.76,377.55,133.46,307.79
7365,2237.25,1844.37,957.95,501.68,409.79,809.34,411.38,267.04,357.93
7853,2727.6,2343.5,846.01,464.59,499.96,986.54,476.14,168.73,319.85
9540,3301.1,2667.45,1032.16,496.86,612.47,1057.22,607.81,716.23,449.76
5122,1711.88,1464.87,661.73,317.27,276.17,735.2,262.5,111.36,240.23
7190,2325.21,2031.67,838.88,449.08,423.29,806.87,498.6,165.19,309.05
6575,2003.03,1691.21,956.74,429.39,384.26,760.72,350.49,249.17,270.19
9727,3302.68,2721.1,1270.17,667.91,632.05,1404.78,556.44,563.58,472.16
9186,2790.47,2356.86,1229.31,540.7,581.75,1013.04,545.76,381.01,418.36
3797,1152.12,1025.42,380.81,216.59,226.01,547.68,192.96,89.97,178.4
4131,1350.3,1150.27,516.14,247.1,260.46,456.43,251.86,289.89,184.15
9322,2871.24,2590.99,1133.17,633.93,515.11,1357.19,628.3,578.09,393.61
8708,2615.77,2228.84,1178.14,606.07,475.87,1009.1,592.32,381.26,370.99
8762,2813.97,2205.59,1043.83,608.3,480.14,984.08,495.26,531.1,397.34
8500,2608.32,2464.25,1265.04,464.05,430.01,1052.81,520.0,310.04,359.94
2815,867.09,805.92,375.83,168.73,179.66,333.47,184.48,145.46,123.82
4694,1426.25,1192.7,624.28,259.06,327.25,516.75,258.44,341.87,191.25
2442,757.64,626.06,356.45,140.07,137.19,285.51,147.91,64.62,121.99
5140,1725.88,1514.39,769.77,260.26,352.59,697.3,294.7,363.98,237.3
8666,2950.31,2499.76,952.32,461.14,538.43,1227.06,498.85,583.33,359.3
2142,691.07,642.19,301.01,124.11,116.74,302.1,111.13,164.82,88.47
6287,2045.34,1651.59,679.73,360.21,315.84,866.61,365.51,319.55,281.86
3410,1028.57,935.67,418.93,189.52,219.86,341.93,181.47,124.45,137.24
6473,1964.33,1694.78,679.73,353.47,413.83,785.37,362.65,266.6,285.59
8724,2729.55,2452.67,1144.31,566.88,476.2,946.11,493.83,509.38,431.39
2534,829.11,648.12,312.76,141.63,143.56,262.71,148.52,72.09,122.22
3716,1252.21,952.64,488.41,238.31,252.54,508.33,253.95,152.73,183.2
5364,1771.46,1360.28,718.23,307.75,285.07,749.21,335.89,341.08,220.52
3032,969.05,863.15,397.11,200.23,202.26,426.7,210.69,165.02,132.52
5342,1634.2,1467.47,612.74,284.97,285.18,772.0,330.21,126.95,243.33
3410,1156.12,957.82,483.7,181.25,203.35,441.6,225.43,169.86,160.96
8236,2620.61,2421.1,1050.78,523.76,493.99,1234.63,549.2,423.77,361.76
8085,2723.05,2320.53,1006.52,552.19,480.59,1004.04,523.75,501.66,349.19
8672,2824.03,2368.2,1295.19,458.4,483.54,1250.29,549.79,178.98,373.34
7273,2450.51,2176.21,830.4,374.37,400.5,768.37,424.44,332.41,348.34
6500,2244.87,1773.28,821.61,446.5,420.31,698.4,398.75,475.78,284.82
8983,3108.58,2296.26,1204.77,470.23,498.68,1163.46,483.95,193.21,360.79
3172,1036.47,950.44,337.06,174.48,197.29,336.89,197.82,191.41,151.31
2888,940.26,725.3,339.95,198.09,193.3,299.67,174.11,96.43,120.18
5338,1672.31,1481.26,747.77,352.62,356.26,586.13,352.77,230.86,247.05
6517,2260.03,1729.97,728.85,370.53,347.64,908.32,443.49,476.05,262.6
3641,1175.66,1001.92,453.9,251.56,229.73,532.94,191.72,152.02,159.73
2471,757.06,686.78,325.01,151.62,153.31,288.3,157.69,130.29,110.11
4940,1588.88,1294.3,659.78,254.14,274.86,734.76,340.86,125.37,245.67
2546,779.97,707.39,347.31,163.1,147.23,357.66,174.04,100.52,104.08
6726,2186.8,1935.76,963.83,408.57,374.65,748.64,448.55,191.68,319.59
5597,1836.17,1473.83,669.64,343.95,339.97,723.72,285.26,300.52,277.88
9670,3064.3,2602.89,1308.66,675.76,638.92,1441.7,532.33,460.17,413.58
7133,2165.45,1878.92,974.43,378.41,481.83,1016.02,377.8,255.89,301.42
4825,1675.12,1404.21,554.94,304.63,311.0,570.16,330.7,385.89,238.94
5723,1938.19,1638.2,849.34,338.66,341.49,659.95,371.87,167.09,256.94
7925,2709.91,2326.46,1135.34,439.35,548.11,1117.13,480.54,551.02,382.19
2363,752.25,610.84,270.55,150.93,144.8,301.18,164.44,52.33,113.3
4166,1408.28,1056.83,557.22,263.98,248.17,450.65,224.52,295.0,180.22
5309,1721.54,1358.94,721.44,356.39,356.42,617.92,333.57,258.12,222.31
2545,789.09,656.74,309.41,171.98,136.65,338.72,158.27,177.36,119.69
5240,1604.6,1449.67,750.3,320.88,278.55,564.13,297.68,339.72,235.87
8665,2748.99,2586.9,1165.54,489.67,568.86,1169.22,517.37,471.01,389.1
6729,2064.98,1802.44,894.34,407.72,453.61,911.76,368.13,284.6,305.91
3936,1377.26,1172.63,437.06,225.08,202.53,446.88,250.1,235.89,158.45
7776,2351.92,1958.85,936.17,431.93,507.63,932.35,453.84,543.95,311.43
2962,953.93,877.77,360.46,180.78,173.25,434.74,149.5,148.69,127.78
5005,1614.64,1296.58,684.1,316.11,320.69,687.98,345.42,224.68,216.4
5806,1829.07,1716.39,760.12,358.88,305.97,809.3,348.52,165.9,273.97
2882,946.93,728.6,300.57,199.11,200.18,362.59,184.77,212.62,124.67
5840,1795.79,1736.88,673.85,326.88,394.93,646.24,315.0,210.46,254.6
8923,3026.64,2320.34,1103.35,512.6,518.6,1156.09,468.86,244.59,405.96
2870,908.71,760.94,392.72,181.82,194.78,397.8,195.3,68.8,131.78
6611,2178.77,1815.03,906.89,409.93,448.88,662.38,408.68,430.02,286.47
4985,1673.87,1341.14,620.77,249.44,295.24,526.86,298.44,301.59,227.22
7516,2588.9,2129.86,795.54,422.74,518.14,929.84,454.14,204.64,347.08
2865,979.23,855.89,328.46,157.79,199.22,349.13,156.78,148.43,122.08
8249,2725.6,2312.37,929.95,551.02,448.29,1230.04,563.02,240.56,349.41
7204,2301.1,2060.88,1001.73,485.01,369.81,753.59,391.07,309.88,352.31
6309,2051.44,1605.01,687.68,351.27,357.23,733.01,335.39,422.53,293.21
9288,3143.4,2613.56,1144.71,483.36,555.21,1307.34,637.17,312.73,400.41
5203,1789.19,1418.82,694.79,281.5,269.79,679.62,286.95,112.71,236.78
4897,1494.51,1441.13,725.93,262.14,258.63,627.21,329.32,154.75,230.52
4244,1354.87,1143.38,636.44,232.35,294.68,581.68,277.77,186.86,170.72
2018,683.71,573.06,297.95,110.37,130.66,205.83,116.32,69.62,99.28
2641,849.3,690.38,358.94,157.4,178.26,389.22,145.47,167.26,124.58
5083,1609.34,1336.67,698.01,286.64,352.88,556.91,331.31,342.34,223.26
7200,2308.08,1935.4,993.32,440.61,414.45,749.46,446.05,247.9,355.12
2329,768.9,617.66,333.35,132.48,148.49,272.37,128.28,84.12,94.46
2865,1002.72,752.62,422.84,189.93,153.79,387.11,194.3,153.58,136.21
2773,900.25,700.14,339.1,191.38,169.25,309.4,178.64,180.66,125.51
6487,2013.73,1893.15,783.8,376.75,351.58,664.87,442.32,503.15,302.6
6732,2074.41,1704.64,828.19,343.26,358.2,692.53,395.5,256.04,301.01
4354,1315.42,1281.68,579.04,238.56,226.27,491.26,228.86,325.09,180.57
5338,1750.55,1367.99,740.77,277.77,328.79,569.9,365.55,164.97,227.44
5518,1805.65,1397.51,791.98,313.95,380.73,654.55,342.27,123.95,246.27
9608,2980.99,2672.47,1179.96,604.37,503.89,1043.94,596.86,649.02,472.6
4942,1654.42,1359.65,583.99,298.39,296.75,579.28,304.85,240.76,201.06
8795,2964.4,2414.77,1311.93,482.47,560.61,1074.96,522.84,216.46,361.01
8984,2811.59,2504.07,1002.56,587.06,538.3,1231.95,495.03,218.01,373.08
7121,2258.82,1882.46,791.14,374.78,485.91,793.07,443.36,148.24,329.85
4567,1596.27,1293.13,620.06,249.19,243.54,565.18,293.99,175.28,199.41
9929,3164.5,2731.67,1082.09,630.7,501.25,1397.68,678.46,636.67,411.98
3674,1241.96,979.99,440.77,198.19,211.85,548.6,189.0,220.14,151.44
4683,1510.91,1364.28,536.76,297.72,286.18,598.79,258.01,374.55,218.89
5380,1827.41,1540.76,583.38,374.12,296.38,654.29,352.57,299.32,240.09
2739,927.02,738.65,353.29,182.49,146.18,360.39,179.41,72.94,133.46
3545,1181.86,1036.49,420.7,188.59,234.31,440.7,192.28,279.03,156.12
6564,2249.74,1943.03,808.11,396.53,352.96,710.47,352.45,404.2,305.6
4259,1477.71,1179.08,467.61,248.92,250.66,523.74,244.22,180.76,204.26
3135,1031.41,817.44,433.86,218.93,216.6,466.97,160.69,109.16,155.3
7127,2222.72,2108.09,824.85,493.82,443.68,940.92,460.46,237.54,347.03
8947,2862.43,2321.51,1048.01,470.1,536.41,1021.49,567.21,692.27,427.25
8620,2912.83,2175.87,970.68,587.67,493.11,1270.22,579.04,389.32,380.39
2873,955.4,765.29,349.7,154.76,173.55,343.12,168.36,141.38,143.16
6555,2024.77,1877.01,807.44,369.63,424.02,783.36,411.23,460.21,279.55
4300,1301.02,1273.5,543.88,245.39,285.74,562.57,297.04,334.68,200.44
7645,2554.56,2154.85,1134.35,426.11,481.61,981.99,528.85,154.92,315.79
2751,859.84,818.68,399.54,184.5,181.03,315.05,141.46,218.47,126.71
7557,2455.9,1924.15,985.96,427.72,391.21,932.19,378.13,185.36,354.41
7873,2655.86,1992.17,802.61,522.25,395.91,918.19,544.81,552.76,322.03
9124,2993.89,2556.63,1191.71,637.65,590.22,1248.98,553.88,702.72,391.87
2853,867.78,851.07,298.09,190.62,157.58,302.78,182.61,153.11,132.42
5732,1772.79,1577.08,776.78,326.28,387.22,788.22,391.22,304.39,263.79
4283,1331.87,1081.78,511.84,275.08,260.05,462.81,251.25,257.58,199.94
3329,1041.62,869.07,472.33,202.0,198.31,383.83,195.79,137.05,137.3
2477,813.13,649.57,364.43,162.81,162.14,288.98,132.12,74.18,111.84
4726,1536.89,1261.34,571.16,250.77,306.35,706.63,321.92,113.35,232.88
5091,1579.01,1283.85,626.33,319.52,326.26,659.24,320.5,370.96,252.2
8359,2535.93,2467.95,1082.55,547.29,533.29,1160.88,448.09,441.69,344.95
8998,2776.53,2481.45,988.49,586.89,542.65,1149.66,550.64,554.67,440.4
6230,2175.63,1766.49,911.86,431.56,426.94,929.25,352.39,248.72,285.11
9048,2926.37,2292.39,1100.69,462.97,613.57,985.05,479.03,619.07,430.04
7248,2488.73,1831.61,785.26,412.52,410.15,944.01,388.76,297.13,300.84
6505,2227.56,1817.0,898.58,387.25,429.94,909.85,398.01,141.72,308.2
7541,2455.17,2219.8,836.73,423.77,511.45,991.1,462.17,303.26,307.0
7413,2485.83,2049.13,794.5,416.58,462.31,1073.75,487.77,526.47,343.45
3269,1012.21,960.73,418.9,174.97,199.77,425.09,179.66,237.18,152.6
9868,3300.05,2867.14,1318.12,653.84,626.0,1394.56,674.15,750.79,460.32
7675,2407.03,1947.86,986.07,523.14,408.78,834.96,463.36,383.51,311.5
6181,2111.45,1607.66,820.99,319.23,319.85,699.09,334.29,478.38,270.99
4603,1400.17,1302.12,486.89,244.41,305.65,562.5,268.2,229.92,218.38
7961,2696.05,2166.79,985.58,434.42,489.34,1135.09,545.07,232.74,381.87
9542,2910.28,2524.19,1124.53,574.24,500.48,1157.71,568.35,478.27,421.33
3469,1193.54,939.86,515.73,228.34,202.33,455.73,234.14,250.17,144.38
2377,749.25,647.16,243.6,122.25,133.03,284.74,126.45,159.6,106.95
9557,3179.8,2824.36,1098.24,599.57,645.19,1340.71,652.54,440.03,444.43
3680,1193.7,939.04,541.3,194.99,221.33,404.85,215.69,120.53,181.07
7170,2282.32,1892.78,1069.58,497.81,441.32,929.87,492.74,393.4,335.65
2241,744.62,620.48,316.53,152.33,122.6,288.85,150.87,170.03,108.08
9461,3286.53,2695.57,982.05,652.73,624.25,1136.85,597.93,289.98,403.49
2919,881.72,821.79,373.83,152.15,200.25,394.81,185.23,203.23,141.08
7682,2657.53,2282.18,921.89,459.08,505.86,779.14,416.6,221.54,354.29
8409,2778.79,2436.76,1179.97,448.24,503.34,1194.71,521.83,632.16,382.52
9287,3160.98,2580.43,954.25,575.86,619.46,1090.28,566.41,572.04,396.26
8855,2826.46,2308.8,972.78,483.97,476.04,1236.61,501.93,235.11,372.25
7367,2383.9,2007.83,916.9,481.89,385.06,849.07,442.85,236.82,334.75
2069,710.58,588.98,223.21,130.1,121.58,226.34,141.9,156.45,101.2
5924,1900.08,1729.2,797.58,363.92,317.71,707.77,296.83,298.89,250.9
8200,2679.21,2443.49,1156.51,545.34,452.5,1146.92,478.41,387.12,350.85
7501,2257.87,2102.33,1014.33,450.1,462.83,1013.95,425.1,176.25,371.14
4086,1258.2,1129.15,498.55,226.35,237.31,490.53,282.85,102.32,164.53
4007,1330.66,1005.29,576.68,250.09,269.74,588.6,278.4,246.43,179.73
2800,940.38,710.09,299.28,193.6,152.63,337.23,172.8,186.52,126.81
9610,3162.94,2477.51,1086.09,596.04,672.08,1129.54,586.21,692.12,449.34
7137,2192.24,1803.79,888.39,446.72,408.15,765.34,485.77,358.05,299.32
4779,1540.13,1290.54,492.56,328.29,288.21,494.69,239.58,189.8,218.47
6920,2198.86,1846.56,725.11,417.31,364.31,813.07,423.82,398.12,284.37
2755,894.78,776.55,330.25,192.65,169.67,288.17,139.11,157.4,117.56
8495,2918.17,2351.27,1250.42,451.88,588.07,1046.0,589.24,187.57,341.08
3995,1353.48,1117.8,580.96,242.66,259.63,571.29,225.33,304.93,177.91
7935,2413.82,2171.01,978.38,430.54,435.48,982.4,479.4,464.62,331.3
3321,1144.14,876.37,355.71,196.16,195.45,411.9,193.78,67.71,136.05
4330,1401.14,1288.79,471.56,231.27,253.34,487.87,293.89,335.91,188.11
7705,2598.07,1959.54,915.95,419.54,400.34,834.57,539.32,594.51,314.3
2109,647.47,626.26,233.05,114.34,142.82,234.34,108.33,161.88,98.37
3016,1005.94,800.93,314.11,170.1,173.81,387.25,194.96,221.18,126.7
9347,2914.55,2576.34,1249.59,492.51,559.75,1211.27,536.14,290.49,440.27
8057,2593.7,2058.1,1039.94,533.27,449.78,894.4,425.26,633.52,389.95
8687,2613.42,2202.56,995.22,472.69,460.83,1041.97,504.79,570.87,411.88
7865,2419.12,2135.17,1092.82,458.78,535.15,1010.13,550.26,459.67,374.6
5865,1786.5,1683.75,814.05,295.13,297.64,809.51,335.19,449.03,272.36
2024,631.46,533.26,252.09,105.45,117.39,234.76,112.43,86.76,88.58
6938,2116.1,1929.58,727.29,471.27,448.29,787.93,464.31,526.47,301.7
4838,1618.77,1276.91,705.98,322.9,271.79,660.5,325.88,272.58,221.05
2737,825.07,737.43,365.21,182.88,161.27,344.02,155.4,149.87,116.27
8200,2713.27,2421.64,921.29,477.46,502.57,1171.27,458.98,481.81,356.26
2179,669.03,637.99,284.41,115.12,152.32,240.89,137.16,142.18,90.54
2231,774.73,615.31,268.28,116.36,145.39,309.1,120.71,104.18,106.64
3917,1357.85,1025.88,516.13,243.29,271.61,423.43,233.74,308.8,185.49
2342,729.01,608.12,289.69,155.89,149.57,302.68,123.72,59.28,105.47
6572,2173.5,1956.51,816.73,446.91,363.96,750.4,368.66,491.78,287.17
7918,2386.49,2059.76,1083.14,441.62,441.43,831.82,443.01,470.69,371.88
4623,1602.28,1342.56,604.16,260.83,307.2,604.87,295.4,344.85,188.83
2454,800.37,658.77,255.21,127.65,143.69,307.58,136.55,103.38,99.33
7351,2221.19,2200.03,759.13,481.4,421.98,913.72,499.65,512.66,345.48
6384,2024.53,1713.52,735.76,354.4,439.87,827.53,444.72,363.63,290.48
7332,2227.77,1961.87,890.93,437.12,368.54,869.74,378.49,512.26,347.04
8401,2685.36,2368.02,955.71,576.12,508.25,1121.6,486.86,331.85,359.53
6625,2209.41,1974.75,878.3,430.92,433.95,705.84,371.24,497.13,272.17
8830,2856.46,2638.5,969.14,450.81,571.51,1198.66,503.66,666.26,391.17
9072,2895.66,2588.79,1226.6,455.08,520.29,1170.2,501.75,439.9,401.59
4276,1308.28,1230.33,592.9,281.14,259.61,531.61,246.53,188.22,203.5
9393,2932.94,2612.85,997.69,573.44,470.7,999.25,496.22,512.03,387.19
2595,791.49,746.81,343.94,167.14,157.51,295.6,144.27,83.07,128.35
5874,1999.36,1721.02,869.77,312.12,363.06,674.13,381.55,292.36,238.25
6530,2003.16,1791.21,715.96,440.39,440.75,729.34,371.43,481.97,281.63
6977,2300.8,1960.49,1014.91,456.76,378.26,1030.57,377.85,292.41,328.13
9164,2906.24,2537.2,1194.09,621.47,609.43,1335.95,478.08,587.99,432.31
7877,2452.1,2190.78,1020.44,447.59,506.97,1002.79,448.67,452.04,359.75
6497,2156.83,1913.38,666.57,360.68,411.39,716.51,408.45,231.84,264.49
4669,1507.39,1250.27,641.59,247.62,270.28,679.61,257.1,242.35,226.74
9933,3178.63,2586.64,1230.83,681.42,569.64,1365.49,580.57,706.79,460.37
4135,1363.07,1128.09,562.6,221.37,264.91,421.52,285.51,220.38,196.78
8727,2832.46,2272.55,1225.79,457.18,609.18,1086.82,532.76,539.42,382.79
5964,1879.7,1639.62,752.6,321.18,346.55,776.79,361.65,396.75,253.07
3565,1169.15,1052.3,403.49,233.25,243.75,368.35,207.48,81.87,168.27
9851,3285.06,2766.87,1054.83,667.81,608.11,1009.64,602.26,227.31,474.38
2308,695.48,675.72,249.32,152.83,155.47,284.29,160.85,62.08,111.07
9049,2925.48,2337.44,1297.14,554.38,491.76,905.78,498.38,269.48,426.86
2342,709.35,690.99,248.67,163.65,152.8,239.68,161.22,160.86,96.93
2435,753.19,682.02,290.34,125.1,162.41,263.61,129.01,112.34,102.8
2176,713.78,547.46,253.97,146.54,145.02,316.6,113.64,67.71,97.93
2138,734.0,602.18,306.32,125.19,140.45,295.72,134.89,110.98,96.37
2193,754.7,652.57,271.68,129.61,122.99,268.69,120.67,144.3,98.43
5257,1595.48,1335.06,787.62,276.27,317.73,651.66,309.57,149.32,253.7
9385,3012.17,2619.57,1284.36,475.53,525.5,1260.42,606.21,381.63,387.17
5235,1723.1,1548.38,746.23,294.9,297.66,647.67,317.75,165.75,250.88
7280,2237.53,1823.53,763.92,389.46,407.86,751.27,366.0,427.94,292.83
2942,995.2,828.31,331.43,175.54,163.82,402.87,165.1,82.99,127.18
6620,2232.34,1812.19,706.83,350.51,422.81,681.12,339.56,442.65,277.81
5879,2029.24,1571.75,724.18,310.17,370.41,730.79,402.84,190.89,266.12
7720,2319.28,2172.23,1049.26,521.41,417.54,1104.62,508.69,181.54,349.24
5113,1589.3,1291.72,554.52,349.86,326.36,541.31,356.26,381.7,230.42
